Copyright 1986-2022 Xilinx, Inc. All Rights Reserved. Copyright 2022-2025 Advanced Micro Devices, Inc. All Rights Reserved.
------------------------------------------------------------------------------------------------------------------------------------------------------------------------------------------------------------------------
| Tool Version : Vivado v.2025.1 (win64) Build 6140274 Thu May 22 00:12:29 MDT 2025
| Date         : Wed Sep  3 15:40:03 2025
| Host         : DESKTOP-A3JVTPL running 64-bit major release  (build 9200)
| Command      : report_timing_summary -max_paths 10 -report_unconstrained -file Top_Level_timing_summary_routed.rpt -pb Top_Level_timing_summary_routed.pb -rpx Top_Level_timing_summary_routed.rpx -warn_on_violation
| Design       : Top_Level
| Device       : 7a100ti-csg324
| Speed File   : -1L  PRODUCTION 1.23 2018-06-13
| Design State : Routed
------------------------------------------------------------------------------------------------------------------------------------------------------------------------------------------------------------------------

Timing Summary Report

------------------------------------------------------------------------------------------------
| Timer Settings
| --------------
------------------------------------------------------------------------------------------------

  Enable Multi Corner Analysis               :  Yes
  Enable Pessimism Removal                   :  Yes
  Pessimism Removal Resolution               :  Nearest Common Node
  Enable Input Delay Default Clock           :  No
  Enable Preset / Clear Arcs                 :  No
  Disable Flight Delays                      :  No
  Ignore I/O Paths                           :  No
  Timing Early Launch at Borrowing Latches   :  No
  Borrow Time for Max Delay Exceptions       :  Yes
  Merge Timing Exceptions                    :  Yes
  Inter-SLR Compensation                     :  Conservative

  Corner  Analyze    Analyze    
  Name    Max Paths  Min Paths  
  ------  ---------  ---------  
  Slow    Yes        Yes        
  Fast    Yes        Yes        


------------------------------------------------------------------------------------------------
| Report Methodology
| ------------------
------------------------------------------------------------------------------------------------

Rule       Severity          Description                                         Violations  
---------  ----------------  --------------------------------------------------  ----------  
TIMING-4   Critical Warning  Invalid primary clock redefinition on a clock tree  2           
TIMING-6   Critical Warning  No common primary clock between related clocks      4           
TIMING-7   Critical Warning  No common node between related clocks               4           
TIMING-27  Critical Warning  Invalid primary clock on hierarchical pin           2           
TIMING-18  Warning           Missing input or output delay                       13          

Note: This report is based on the most recent report_methodology run and may not be up-to-date. Run report_methodology on the current design for the latest report.



check_timing report

Table of Contents
-----------------
1. checking no_clock (0)
2. checking constant_clock (0)
3. checking pulse_width_clock (0)
4. checking unconstrained_internal_endpoints (0)
5. checking no_input_delay (7)
6. checking no_output_delay (20)
7. checking multiple_clock (0)
8. checking generated_clocks (0)
9. checking loops (0)
10. checking partial_input_delay (0)
11. checking partial_output_delay (0)
12. checking latch_loops (0)

1. checking no_clock (0)
------------------------
 There are 0 register/latch pins with no clock.


2. checking constant_clock (0)
------------------------------
 There are 0 register/latch pins with constant_clock.


3. checking pulse_width_clock (0)
---------------------------------
 There are 0 register/latch pins which need pulse_width check


4. checking unconstrained_internal_endpoints (0)
------------------------------------------------
 There are 0 pins that are not constrained for maximum delay.

 There are 0 pins that are not constrained for maximum delay due to constant clock.


5. checking no_input_delay (7)
------------------------------
 There are 7 input ports with no input delay specified. (HIGH)

 There are 0 input ports with no input delay but user has a false path constraint.


6. checking no_output_delay (20)
--------------------------------
 There are 20 ports with no output delay specified. (HIGH)

 There are 0 ports with no output delay but user has a false path constraint

 There are 0 ports with no output delay but with a timing clock defined on it or propagating through it


7. checking multiple_clock (0)
------------------------------
 There are 0 register/latch pins with multiple clocks.


8. checking generated_clocks (0)
--------------------------------
 There are 0 generated clocks that are not connected to a clock source.


9. checking loops (0)
---------------------
 There are 0 combinational loops in the design.


10. checking partial_input_delay (0)
------------------------------------
 There are 0 input ports with partial input delay specified.


11. checking partial_output_delay (0)
-------------------------------------
 There are 0 ports with partial output delay specified.


12. checking latch_loops (0)
----------------------------
 There are 0 combinational latch loops in the design through latch input



------------------------------------------------------------------------------------------------
| Design Timing Summary
| ---------------------
------------------------------------------------------------------------------------------------

    WNS(ns)      TNS(ns)  TNS Failing Endpoints  TNS Total Endpoints      WHS(ns)      THS(ns)  THS Failing Endpoints  THS Total Endpoints     WPWS(ns)     TPWS(ns)  TPWS Failing Endpoints  TPWS Total Endpoints  
    -------      -------  ---------------------  -------------------      -------      -------  ---------------------  -------------------     --------     --------  ----------------------  --------------------  
      0.840        0.000                      0                 1014        0.076        0.000                      0                 1014        3.000        0.000                       0                   253  


All user specified timing constraints are met.


------------------------------------------------------------------------------------------------
| Clock Summary
| -------------
------------------------------------------------------------------------------------------------

Clock              Waveform(ns)       Period(ns)      Frequency(MHz)
-----              ------------       ----------      --------------
c25/inst/clk_in1   {0.000 5.000}      10.000          100.000         
  clk_out1_clk_25  {0.000 20.000}     40.000          25.000          
  clkfbout_clk_25  {0.000 5.000}      10.000          100.000         
c50/inst/clk_in1   {0.000 5.000}      10.000          100.000         
  clk_out1_clk_50  {0.000 10.000}     20.000          50.000          
  clkfbout_clk_50  {0.000 5.000}      10.000          100.000         
sys_clk_pin        {0.000 5.000}      10.000          100.000         


------------------------------------------------------------------------------------------------
| Intra Clock Table
| -----------------
------------------------------------------------------------------------------------------------

Clock                  WNS(ns)      TNS(ns)  TNS Failing Endpoints  TNS Total Endpoints      WHS(ns)      THS(ns)  THS Failing Endpoints  THS Total Endpoints     WPWS(ns)     TPWS(ns)  TPWS Failing Endpoints  TPWS Total Endpoints  
-----                  -------      -------  ---------------------  -------------------      -------      -------  ---------------------  -------------------     --------     --------  ----------------------  --------------------  
c25/inst/clk_in1                                                                                                                                                     3.000        0.000                       0                     1  
  clk_out1_clk_25       31.778        0.000                      0                   42        0.202        0.000                      0                   42       19.500        0.000                       0                    42  
  clkfbout_clk_25                                                                                                                                                    7.845        0.000                       0                     3  
c50/inst/clk_in1                                                                                                                                                     3.000        0.000                       0                     1  
  clk_out1_clk_50                                                                                                                                                   17.108        0.000                       0                    18  
  clkfbout_clk_50                                                                                                                                                    7.845        0.000                       0                     3  
sys_clk_pin              0.840        0.000                      0                  316        0.210        0.000                      0                  316        4.500        0.000                       0                   185  


------------------------------------------------------------------------------------------------
| Inter Clock Table
| -----------------
------------------------------------------------------------------------------------------------

From Clock       To Clock             WNS(ns)      TNS(ns)  TNS Failing Endpoints  TNS Total Endpoints      WHS(ns)      THS(ns)  THS Failing Endpoints  THS Total Endpoints  
----------       --------             -------      -------  ---------------------  -------------------      -------      -------  ---------------------  -------------------  
sys_clk_pin      clk_out1_clk_25        2.694        0.000                      0                    8        0.938        0.000                      0                    8  
sys_clk_pin      clk_out1_clk_50        1.343        0.000                      0                  320        0.587        0.000                      0                  320  
clk_out1_clk_25  sys_clk_pin            2.725        0.000                      0                  264        0.076        0.000                      0                  264  
clk_out1_clk_50  sys_clk_pin            2.924        0.000                      0                   72        0.118        0.000                      0                   72  


------------------------------------------------------------------------------------------------
| Other Path Groups Table
| -----------------------
------------------------------------------------------------------------------------------------

Path Group    From Clock    To Clock          WNS(ns)      TNS(ns)  TNS Failing Endpoints  TNS Total Endpoints      WHS(ns)      THS(ns)  THS Failing Endpoints  THS Total Endpoints  
----------    ----------    --------          -------      -------  ---------------------  -------------------      -------      -------  ---------------------  -------------------  


------------------------------------------------------------------------------------------------
| User Ignored Path Table
| -----------------------
------------------------------------------------------------------------------------------------

Path Group    From Clock    To Clock    
----------    ----------    --------    


------------------------------------------------------------------------------------------------
| Unconstrained Path Table
| ------------------------
------------------------------------------------------------------------------------------------

Path Group       From Clock       To Clock       
----------       ----------       --------       
(none)           clk_out1_clk_25                   
(none)           sys_clk_pin                       
(none)                            clk_out1_clk_25  
(none)                            clk_out1_clk_50  
(none)                            sys_clk_pin      


------------------------------------------------------------------------------------------------
| Timing Details
| --------------
------------------------------------------------------------------------------------------------


---------------------------------------------------------------------------------------------------
From Clock:  c25/inst/clk_in1
  To Clock:  c25/inst/clk_in1

Setup :           NA  Failing Endpoints,  Worst Slack           NA  ,  Total Violation           NA
Hold  :           NA  Failing Endpoints,  Worst Slack           NA  ,  Total Violation           NA
PW    :            0  Failing Endpoints,  Worst Slack        3.000ns,  Total Violation        0.000ns
---------------------------------------------------------------------------------------------------


Pulse Width Checks
--------------------------------------------------------------------------------------
Clock Name:         c25/inst/clk_in1
Waveform(ns):       { 0.000 5.000 }
Period(ns):         10.000
Sources:            { c25/inst/clk_in1 }

Check Type        Corner  Lib Pin            Reference Pin  Required(ns)  Actual(ns)  Slack(ns)  Location         Pin
Min Period        n/a     MMCME2_ADV/CLKIN1  n/a            1.249         10.000      8.751      MMCME2_ADV_X0Y1  c25/inst/mmcm_adv_inst/CLKIN1
Max Period        n/a     MMCME2_ADV/CLKIN1  n/a            100.000       10.000      90.000     MMCME2_ADV_X0Y1  c25/inst/mmcm_adv_inst/CLKIN1
Low Pulse Width   Slow    MMCME2_ADV/CLKIN1  n/a            2.000         5.000       3.000      MMCME2_ADV_X0Y1  c25/inst/mmcm_adv_inst/CLKIN1
Low Pulse Width   Fast    MMCME2_ADV/CLKIN1  n/a            2.000         5.000       3.000      MMCME2_ADV_X0Y1  c25/inst/mmcm_adv_inst/CLKIN1
High Pulse Width  Slow    MMCME2_ADV/CLKIN1  n/a            2.000         5.000       3.000      MMCME2_ADV_X0Y1  c25/inst/mmcm_adv_inst/CLKIN1
High Pulse Width  Fast    MMCME2_ADV/CLKIN1  n/a            2.000         5.000       3.000      MMCME2_ADV_X0Y1  c25/inst/mmcm_adv_inst/CLKIN1



---------------------------------------------------------------------------------------------------
From Clock:  clk_out1_clk_25
  To Clock:  clk_out1_clk_25

Setup :            0  Failing Endpoints,  Worst Slack       31.778ns,  Total Violation        0.000ns
Hold  :            0  Failing Endpoints,  Worst Slack        0.202ns,  Total Violation        0.000ns
PW    :            0  Failing Endpoints,  Worst Slack       19.500ns,  Total Violation        0.000ns
---------------------------------------------------------------------------------------------------


Max Delay Paths
--------------------------------------------------------------------------------------
Slack (MET) :             31.778ns  (required time - arrival time)
  Source:                 Control_path/U1/U2/pixel_reg_reg[3]/C
                            (rising edge-triggered cell FDCE clocked by clk_out1_clk_25  {rise@0.000ns fall@20.000ns period=40.000ns})
  Destination:            Control_path/U1/U2/pixel_reg_reg[2]/D
                            (rising edge-triggered cell FDCE clocked by clk_out1_clk_25  {rise@0.000ns fall@20.000ns period=40.000ns})
  Path Group:             clk_out1_clk_25
  Path Type:              Setup (Max at Slow Process Corner)
  Requirement:            40.000ns  (clk_out1_clk_25 rise@40.000ns - clk_out1_clk_25 rise@0.000ns)
  Data Path Delay:        8.153ns  (logic 1.216ns (14.914%)  route 6.937ns (85.086%))
  Logic Levels:           3  (LUT4=1 LUT5=1 LUT6=1)
  Clock Path Skew:        0.000ns (DCD - SCD + CPR)
    Destination Clock Delay (DCD):    1.517ns = ( 41.517 - 40.000 ) 
    Source Clock Delay      (SCD):    1.636ns
    Clock Pessimism Removal (CPR):    0.119ns
  Clock Uncertainty:      0.098ns  ((TSJ^2 + DJ^2)^1/2) / 2 + PE
    Total System Jitter     (TSJ):    0.071ns
    Discrete Jitter          (DJ):    0.182ns
    Phase Error              (PE):    0.000ns

    Location             Delay type                Incr(ns)  Path(ns)    Netlist Resource(s)
  -------------------------------------------------------------------    -------------------
                         (clock clk_out1_clk_25 rise edge)
                                                      0.000     0.000 r  
    BUFGCTRL_X0Y16       BUFG                         0.000     0.000 r  clk_IBUF_BUFG_inst/O
                         net (fo=186, routed)         1.636     1.636    c25/inst/clk_in1
    MMCME2_ADV_X0Y1      MMCME2_ADV (Prop_mmcme2_adv_CLKIN1_CLKOUT0)
                                                     -3.441    -1.804 r  c25/inst/mmcm_adv_inst/CLKOUT0
                         net (fo=1, routed)           1.710    -0.094    c25/inst/clk_out1_clk_25
    BUFGCTRL_X0Y0        BUFG (Prop_bufg_I_O)         0.096     0.002 r  c25/inst/clkout1_buf/O
                         net (fo=40, routed)          1.634     1.636    Control_path/U1/U2/CLK
    SLICE_X11Y81         FDCE                                         r  Control_path/U1/U2/pixel_reg_reg[3]/C
  -------------------------------------------------------------------    -------------------
    SLICE_X11Y81         FDCE (Prop_fdce_C_Q)         0.419     2.055 f  Control_path/U1/U2/pixel_reg_reg[3]/Q
                         net (fo=22, routed)          5.334     7.389    Control_path/U1/U2/Q[3]
    SLICE_X11Y82         LUT6 (Prop_lut6_I3_O)        0.299     7.688 r  Control_path/U1/U2/pixel_reg[9]_i_5/O
                         net (fo=1, routed)           0.614     8.302    Control_path/U1/U2/pixel_reg[9]_i_5_n_0
    SLICE_X12Y82         LUT5 (Prop_lut5_I4_O)        0.150     8.452 f  Control_path/U1/U2/pixel_reg[9]_i_4/O
                         net (fo=4, routed)           0.990     9.442    Control_path/U1/U2/pixel_reg[9]_i_4_n_0
    SLICE_X11Y81         LUT4 (Prop_lut4_I3_O)        0.348     9.790 r  Control_path/U1/U2/pixel_reg[2]_i_1__0/O
                         net (fo=1, routed)           0.000     9.790    Control_path/U1/U2/pixel_next__0[2]
    SLICE_X11Y81         FDCE                                         r  Control_path/U1/U2/pixel_reg_reg[2]/D
  -------------------------------------------------------------------    -------------------

                         (clock clk_out1_clk_25 rise edge)
                                                     40.000    40.000 r  
    BUFGCTRL_X0Y16       BUFG                         0.000    40.000 r  clk_IBUF_BUFG_inst/O
                         net (fo=186, routed)         1.516    41.516    c25/inst/clk_in1
    MMCME2_ADV_X0Y1      MMCME2_ADV (Prop_mmcme2_adv_CLKIN1_CLKOUT0)
                                                     -3.234    38.282 r  c25/inst/mmcm_adv_inst/CLKOUT0
                         net (fo=1, routed)           1.630    39.912    c25/inst/clk_out1_clk_25
    BUFGCTRL_X0Y0        BUFG (Prop_bufg_I_O)         0.091    40.003 r  c25/inst/clkout1_buf/O
                         net (fo=40, routed)          1.514    41.517    Control_path/U1/U2/CLK
    SLICE_X11Y81         FDCE                                         r  Control_path/U1/U2/pixel_reg_reg[2]/C
                         clock pessimism              0.119    41.636    
                         clock uncertainty           -0.098    41.539    
    SLICE_X11Y81         FDCE (Setup_fdce_C_D)        0.029    41.568    Control_path/U1/U2/pixel_reg_reg[2]
  -------------------------------------------------------------------
                         required time                         41.568    
                         arrival time                          -9.790    
  -------------------------------------------------------------------
                         slack                                 31.778    

Slack (MET) :             31.796ns  (required time - arrival time)
  Source:                 Control_path/U1/U2/pixel_reg_reg[3]/C
                            (rising edge-triggered cell FDCE clocked by clk_out1_clk_25  {rise@0.000ns fall@20.000ns period=40.000ns})
  Destination:            Control_path/U1/U2/pixel_reg_reg[3]/D
                            (rising edge-triggered cell FDCE clocked by clk_out1_clk_25  {rise@0.000ns fall@20.000ns period=40.000ns})
  Path Group:             clk_out1_clk_25
  Path Type:              Setup (Max at Slow Process Corner)
  Requirement:            40.000ns  (clk_out1_clk_25 rise@40.000ns - clk_out1_clk_25 rise@0.000ns)
  Data Path Delay:        8.181ns  (logic 1.244ns (15.205%)  route 6.937ns (84.795%))
  Logic Levels:           3  (LUT5=2 LUT6=1)
  Clock Path Skew:        0.000ns (DCD - SCD + CPR)
    Destination Clock Delay (DCD):    1.517ns = ( 41.517 - 40.000 ) 
    Source Clock Delay      (SCD):    1.636ns
    Clock Pessimism Removal (CPR):    0.119ns
  Clock Uncertainty:      0.098ns  ((TSJ^2 + DJ^2)^1/2) / 2 + PE
    Total System Jitter     (TSJ):    0.071ns
    Discrete Jitter          (DJ):    0.182ns
    Phase Error              (PE):    0.000ns

    Location             Delay type                Incr(ns)  Path(ns)    Netlist Resource(s)
  -------------------------------------------------------------------    -------------------
                         (clock clk_out1_clk_25 rise edge)
                                                      0.000     0.000 r  
    BUFGCTRL_X0Y16       BUFG                         0.000     0.000 r  clk_IBUF_BUFG_inst/O
                         net (fo=186, routed)         1.636     1.636    c25/inst/clk_in1
    MMCME2_ADV_X0Y1      MMCME2_ADV (Prop_mmcme2_adv_CLKIN1_CLKOUT0)
                                                     -3.441    -1.804 r  c25/inst/mmcm_adv_inst/CLKOUT0
                         net (fo=1, routed)           1.710    -0.094    c25/inst/clk_out1_clk_25
    BUFGCTRL_X0Y0        BUFG (Prop_bufg_I_O)         0.096     0.002 r  c25/inst/clkout1_buf/O
                         net (fo=40, routed)          1.634     1.636    Control_path/U1/U2/CLK
    SLICE_X11Y81         FDCE                                         r  Control_path/U1/U2/pixel_reg_reg[3]/C
  -------------------------------------------------------------------    -------------------
    SLICE_X11Y81         FDCE (Prop_fdce_C_Q)         0.419     2.055 f  Control_path/U1/U2/pixel_reg_reg[3]/Q
                         net (fo=22, routed)          5.334     7.389    Control_path/U1/U2/Q[3]
    SLICE_X11Y82         LUT6 (Prop_lut6_I3_O)        0.299     7.688 r  Control_path/U1/U2/pixel_reg[9]_i_5/O
                         net (fo=1, routed)           0.614     8.302    Control_path/U1/U2/pixel_reg[9]_i_5_n_0
    SLICE_X12Y82         LUT5 (Prop_lut5_I4_O)        0.150     8.452 f  Control_path/U1/U2/pixel_reg[9]_i_4/O
                         net (fo=4, routed)           0.990     9.442    Control_path/U1/U2/pixel_reg[9]_i_4_n_0
    SLICE_X11Y81         LUT5 (Prop_lut5_I4_O)        0.376     9.818 r  Control_path/U1/U2/pixel_reg[3]_i_1__0/O
                         net (fo=1, routed)           0.000     9.818    Control_path/U1/U2/pixel_next__0[3]
    SLICE_X11Y81         FDCE                                         r  Control_path/U1/U2/pixel_reg_reg[3]/D
  -------------------------------------------------------------------    -------------------

                         (clock clk_out1_clk_25 rise edge)
                                                     40.000    40.000 r  
    BUFGCTRL_X0Y16       BUFG                         0.000    40.000 r  clk_IBUF_BUFG_inst/O
                         net (fo=186, routed)         1.516    41.516    c25/inst/clk_in1
    MMCME2_ADV_X0Y1      MMCME2_ADV (Prop_mmcme2_adv_CLKIN1_CLKOUT0)
                                                     -3.234    38.282 r  c25/inst/mmcm_adv_inst/CLKOUT0
                         net (fo=1, routed)           1.630    39.912    c25/inst/clk_out1_clk_25
    BUFGCTRL_X0Y0        BUFG (Prop_bufg_I_O)         0.091    40.003 r  c25/inst/clkout1_buf/O
                         net (fo=40, routed)          1.514    41.517    Control_path/U1/U2/CLK
    SLICE_X11Y81         FDCE                                         r  Control_path/U1/U2/pixel_reg_reg[3]/C
                         clock pessimism              0.119    41.636    
                         clock uncertainty           -0.098    41.539    
    SLICE_X11Y81         FDCE (Setup_fdce_C_D)        0.075    41.614    Control_path/U1/U2/pixel_reg_reg[3]
  -------------------------------------------------------------------
                         required time                         41.614    
                         arrival time                          -9.818    
  -------------------------------------------------------------------
                         slack                                 31.796    

Slack (MET) :             31.865ns  (required time - arrival time)
  Source:                 Control_path/U1/U2/pixel_reg_reg[0]/C
                            (rising edge-triggered cell FDCE clocked by clk_out1_clk_25  {rise@0.000ns fall@20.000ns period=40.000ns})
  Destination:            Control_path/U1/U2/pixel_reg_reg[9]/D
                            (rising edge-triggered cell FDCE clocked by clk_out1_clk_25  {rise@0.000ns fall@20.000ns period=40.000ns})
  Path Group:             clk_out1_clk_25
  Path Type:              Setup (Max at Slow Process Corner)
  Requirement:            40.000ns  (clk_out1_clk_25 rise@40.000ns - clk_out1_clk_25 rise@0.000ns)
  Data Path Delay:        8.155ns  (logic 1.372ns (16.824%)  route 6.783ns (83.176%))
  Logic Levels:           3  (LUT3=1 LUT5=2)
  Clock Path Skew:        0.000ns (DCD - SCD + CPR)
    Destination Clock Delay (DCD):    1.516ns = ( 41.516 - 40.000 ) 
    Source Clock Delay      (SCD):    1.637ns
    Clock Pessimism Removal (CPR):    0.121ns
  Clock Uncertainty:      0.098ns  ((TSJ^2 + DJ^2)^1/2) / 2 + PE
    Total System Jitter     (TSJ):    0.071ns
    Discrete Jitter          (DJ):    0.182ns
    Phase Error              (PE):    0.000ns

    Location             Delay type                Incr(ns)  Path(ns)    Netlist Resource(s)
  -------------------------------------------------------------------    -------------------
                         (clock clk_out1_clk_25 rise edge)
                                                      0.000     0.000 r  
    BUFGCTRL_X0Y16       BUFG                         0.000     0.000 r  clk_IBUF_BUFG_inst/O
                         net (fo=186, routed)         1.636     1.636    c25/inst/clk_in1
    MMCME2_ADV_X0Y1      MMCME2_ADV (Prop_mmcme2_adv_CLKIN1_CLKOUT0)
                                                     -3.441    -1.804 r  c25/inst/mmcm_adv_inst/CLKOUT0
                         net (fo=1, routed)           1.710    -0.094    c25/inst/clk_out1_clk_25
    BUFGCTRL_X0Y0        BUFG (Prop_bufg_I_O)         0.096     0.002 r  c25/inst/clkout1_buf/O
                         net (fo=40, routed)          1.635     1.637    Control_path/U1/U2/CLK
    SLICE_X12Y82         FDCE                                         r  Control_path/U1/U2/pixel_reg_reg[0]/C
  -------------------------------------------------------------------    -------------------
    SLICE_X12Y82         FDCE (Prop_fdce_C_Q)         0.518     2.155 r  Control_path/U1/U2/pixel_reg_reg[0]/Q
                         net (fo=25, routed)          5.149     7.304    Control_path/U1/U2/Q[0]
    SLICE_X11Y80         LUT5 (Prop_lut5_I3_O)        0.150     7.454 r  Control_path/U1/U2/pixel_reg[8]_i_2/O
                         net (fo=4, routed)           0.732     8.186    Control_path/U1/U2/pixel_reg[8]_i_2_n_0
    SLICE_X11Y82         LUT5 (Prop_lut5_I0_O)        0.352     8.538 r  Control_path/U1/U2/pixel_reg[9]_i_3/O
                         net (fo=1, routed)           0.903     9.441    Control_path/U1/U2/pixel_reg[9]_i_3_n_0
    SLICE_X12Y82         LUT3 (Prop_lut3_I1_O)        0.352     9.793 r  Control_path/U1/U2/pixel_reg[9]_i_2__0/O
                         net (fo=1, routed)           0.000     9.793    Control_path/U1/U2/pixel_next__0[9]
    SLICE_X12Y82         FDCE                                         r  Control_path/U1/U2/pixel_reg_reg[9]/D
  -------------------------------------------------------------------    -------------------

                         (clock clk_out1_clk_25 rise edge)
                                                     40.000    40.000 r  
    BUFGCTRL_X0Y16       BUFG                         0.000    40.000 r  clk_IBUF_BUFG_inst/O
                         net (fo=186, routed)         1.516    41.516    c25/inst/clk_in1
    MMCME2_ADV_X0Y1      MMCME2_ADV (Prop_mmcme2_adv_CLKIN1_CLKOUT0)
                                                     -3.234    38.282 r  c25/inst/mmcm_adv_inst/CLKOUT0
                         net (fo=1, routed)           1.630    39.912    c25/inst/clk_out1_clk_25
    BUFGCTRL_X0Y0        BUFG (Prop_bufg_I_O)         0.091    40.003 r  c25/inst/clkout1_buf/O
                         net (fo=40, routed)          1.513    41.516    Control_path/U1/U2/CLK
    SLICE_X12Y82         FDCE                                         r  Control_path/U1/U2/pixel_reg_reg[9]/C
                         clock pessimism              0.121    41.637    
                         clock uncertainty           -0.098    41.540    
    SLICE_X12Y82         FDCE (Setup_fdce_C_D)        0.118    41.658    Control_path/U1/U2/pixel_reg_reg[9]
  -------------------------------------------------------------------
                         required time                         41.658    
                         arrival time                          -9.793    
  -------------------------------------------------------------------
                         slack                                 31.865    

Slack (MET) :             32.075ns  (required time - arrival time)
  Source:                 Control_path/U1/U2/pixel_reg_reg[3]/C
                            (rising edge-triggered cell FDCE clocked by clk_out1_clk_25  {rise@0.000ns fall@20.000ns period=40.000ns})
  Destination:            Control_path/U1/U2/pixel_reg_reg[0]/D
                            (rising edge-triggered cell FDCE clocked by clk_out1_clk_25  {rise@0.000ns fall@20.000ns period=40.000ns})
  Path Group:             clk_out1_clk_25
  Path Type:              Setup (Max at Slow Process Corner)
  Requirement:            40.000ns  (clk_out1_clk_25 rise@40.000ns - clk_out1_clk_25 rise@0.000ns)
  Data Path Delay:        7.864ns  (logic 1.216ns (15.464%)  route 6.648ns (84.536%))
  Logic Levels:           3  (LUT2=1 LUT5=1 LUT6=1)
  Clock Path Skew:        -0.041ns (DCD - SCD + CPR)
    Destination Clock Delay (DCD):    1.516ns = ( 41.516 - 40.000 ) 
    Source Clock Delay      (SCD):    1.636ns
    Clock Pessimism Removal (CPR):    0.079ns
  Clock Uncertainty:      0.098ns  ((TSJ^2 + DJ^2)^1/2) / 2 + PE
    Total System Jitter     (TSJ):    0.071ns
    Discrete Jitter          (DJ):    0.182ns
    Phase Error              (PE):    0.000ns

    Location             Delay type                Incr(ns)  Path(ns)    Netlist Resource(s)
  -------------------------------------------------------------------    -------------------
                         (clock clk_out1_clk_25 rise edge)
                                                      0.000     0.000 r  
    BUFGCTRL_X0Y16       BUFG                         0.000     0.000 r  clk_IBUF_BUFG_inst/O
                         net (fo=186, routed)         1.636     1.636    c25/inst/clk_in1
    MMCME2_ADV_X0Y1      MMCME2_ADV (Prop_mmcme2_adv_CLKIN1_CLKOUT0)
                                                     -3.441    -1.804 r  c25/inst/mmcm_adv_inst/CLKOUT0
                         net (fo=1, routed)           1.710    -0.094    c25/inst/clk_out1_clk_25
    BUFGCTRL_X0Y0        BUFG (Prop_bufg_I_O)         0.096     0.002 r  c25/inst/clkout1_buf/O
                         net (fo=40, routed)          1.634     1.636    Control_path/U1/U2/CLK
    SLICE_X11Y81         FDCE                                         r  Control_path/U1/U2/pixel_reg_reg[3]/C
  -------------------------------------------------------------------    -------------------
    SLICE_X11Y81         FDCE (Prop_fdce_C_Q)         0.419     2.055 f  Control_path/U1/U2/pixel_reg_reg[3]/Q
                         net (fo=22, routed)          5.334     7.389    Control_path/U1/U2/Q[3]
    SLICE_X11Y82         LUT6 (Prop_lut6_I3_O)        0.299     7.688 r  Control_path/U1/U2/pixel_reg[9]_i_5/O
                         net (fo=1, routed)           0.614     8.302    Control_path/U1/U2/pixel_reg[9]_i_5_n_0
    SLICE_X12Y82         LUT5 (Prop_lut5_I4_O)        0.150     8.452 f  Control_path/U1/U2/pixel_reg[9]_i_4/O
                         net (fo=4, routed)           0.700     9.152    Control_path/U1/U2/pixel_reg[9]_i_4_n_0
    SLICE_X12Y82         LUT2 (Prop_lut2_I1_O)        0.348     9.500 r  Control_path/U1/U2/pixel_reg[0]_i_1__0/O
                         net (fo=1, routed)           0.000     9.500    Control_path/U1/U2/pixel_next__0[0]
    SLICE_X12Y82         FDCE                                         r  Control_path/U1/U2/pixel_reg_reg[0]/D
  -------------------------------------------------------------------    -------------------

                         (clock clk_out1_clk_25 rise edge)
                                                     40.000    40.000 r  
    BUFGCTRL_X0Y16       BUFG                         0.000    40.000 r  clk_IBUF_BUFG_inst/O
                         net (fo=186, routed)         1.516    41.516    c25/inst/clk_in1
    MMCME2_ADV_X0Y1      MMCME2_ADV (Prop_mmcme2_adv_CLKIN1_CLKOUT0)
                                                     -3.234    38.282 r  c25/inst/mmcm_adv_inst/CLKOUT0
                         net (fo=1, routed)           1.630    39.912    c25/inst/clk_out1_clk_25
    BUFGCTRL_X0Y0        BUFG (Prop_bufg_I_O)         0.091    40.003 r  c25/inst/clkout1_buf/O
                         net (fo=40, routed)          1.513    41.516    Control_path/U1/U2/CLK
    SLICE_X12Y82         FDCE                                         r  Control_path/U1/U2/pixel_reg_reg[0]/C
                         clock pessimism              0.079    41.595    
                         clock uncertainty           -0.098    41.498    
    SLICE_X12Y82         FDCE (Setup_fdce_C_D)        0.077    41.575    Control_path/U1/U2/pixel_reg_reg[0]
  -------------------------------------------------------------------
                         required time                         41.575    
                         arrival time                          -9.500    
  -------------------------------------------------------------------
                         slack                                 32.075    

Slack (MET) :             32.329ns  (required time - arrival time)
  Source:                 Control_path/U1/U1/pixel_reg_reg[2]/C
                            (rising edge-triggered cell FDCE clocked by clk_out1_clk_25  {rise@0.000ns fall@20.000ns period=40.000ns})
  Destination:            Control_path/U1/U1/pixel_reg_reg[8]/D
                            (rising edge-triggered cell FDCE clocked by clk_out1_clk_25  {rise@0.000ns fall@20.000ns period=40.000ns})
  Path Group:             clk_out1_clk_25
  Path Type:              Setup (Max at Slow Process Corner)
  Requirement:            40.000ns  (clk_out1_clk_25 rise@40.000ns - clk_out1_clk_25 rise@0.000ns)
  Data Path Delay:        7.613ns  (logic 1.124ns (14.764%)  route 6.489ns (85.236%))
  Logic Levels:           3  (LUT3=1 LUT4=1 LUT5=1)
  Clock Path Skew:        -0.037ns (DCD - SCD + CPR)
    Destination Clock Delay (DCD):    1.517ns = ( 41.517 - 40.000 ) 
    Source Clock Delay      (SCD):    1.633ns
    Clock Pessimism Removal (CPR):    0.079ns
  Clock Uncertainty:      0.098ns  ((TSJ^2 + DJ^2)^1/2) / 2 + PE
    Total System Jitter     (TSJ):    0.071ns
    Discrete Jitter          (DJ):    0.182ns
    Phase Error              (PE):    0.000ns

    Location             Delay type                Incr(ns)  Path(ns)    Netlist Resource(s)
  -------------------------------------------------------------------    -------------------
                         (clock clk_out1_clk_25 rise edge)
                                                      0.000     0.000 r  
    BUFGCTRL_X0Y16       BUFG                         0.000     0.000 r  clk_IBUF_BUFG_inst/O
                         net (fo=186, routed)         1.636     1.636    c25/inst/clk_in1
    MMCME2_ADV_X0Y1      MMCME2_ADV (Prop_mmcme2_adv_CLKIN1_CLKOUT0)
                                                     -3.441    -1.804 r  c25/inst/mmcm_adv_inst/CLKOUT0
                         net (fo=1, routed)           1.710    -0.094    c25/inst/clk_out1_clk_25
    BUFGCTRL_X0Y0        BUFG (Prop_bufg_I_O)         0.096     0.002 r  c25/inst/clkout1_buf/O
                         net (fo=40, routed)          1.631     1.633    Control_path/U1/U1/CLK
    SLICE_X8Y79          FDCE                                         r  Control_path/U1/U1/pixel_reg_reg[2]/C
  -------------------------------------------------------------------    -------------------
    SLICE_X8Y79          FDCE (Prop_fdce_C_Q)         0.518     2.151 r  Control_path/U1/U1/pixel_reg_reg[2]/Q
                         net (fo=23, routed)          4.933     7.084    Control_path/U1/U1/Q[2]
    SLICE_X9Y81          LUT4 (Prop_lut4_I3_O)        0.124     7.208 f  Control_path/U1/U1/pixel_reg[7]_i_2/O
                         net (fo=2, routed)           0.810     8.018    Control_path/U1/U1/pixel_reg[7]_i_2_n_0
    SLICE_X9Y81          LUT5 (Prop_lut5_I4_O)        0.150     8.168 r  Control_path/U1/U1/pixel_reg[9]_i_2/O
                         net (fo=2, routed)           0.747     8.914    Control_path/U1/U1/pixel_reg[9]_i_2_n_0
    SLICE_X10Y81         LUT3 (Prop_lut3_I1_O)        0.332     9.246 r  Control_path/U1/U1/pixel_reg[8]_i_1__0/O
                         net (fo=1, routed)           0.000     9.246    Control_path/U1/U1/pixel_reg[8]_i_1__0_n_0
    SLICE_X10Y81         FDCE                                         r  Control_path/U1/U1/pixel_reg_reg[8]/D
  -------------------------------------------------------------------    -------------------

                         (clock clk_out1_clk_25 rise edge)
                                                     40.000    40.000 r  
    BUFGCTRL_X0Y16       BUFG                         0.000    40.000 r  clk_IBUF_BUFG_inst/O
                         net (fo=186, routed)         1.516    41.516    c25/inst/clk_in1
    MMCME2_ADV_X0Y1      MMCME2_ADV (Prop_mmcme2_adv_CLKIN1_CLKOUT0)
                                                     -3.234    38.282 r  c25/inst/mmcm_adv_inst/CLKOUT0
                         net (fo=1, routed)           1.630    39.912    c25/inst/clk_out1_clk_25
    BUFGCTRL_X0Y0        BUFG (Prop_bufg_I_O)         0.091    40.003 r  c25/inst/clkout1_buf/O
                         net (fo=40, routed)          1.514    41.517    Control_path/U1/U1/CLK
    SLICE_X10Y81         FDCE                                         r  Control_path/U1/U1/pixel_reg_reg[8]/C
                         clock pessimism              0.079    41.596    
                         clock uncertainty           -0.098    41.499    
    SLICE_X10Y81         FDCE (Setup_fdce_C_D)        0.077    41.576    Control_path/U1/U1/pixel_reg_reg[8]
  -------------------------------------------------------------------
                         required time                         41.576    
                         arrival time                          -9.246    
  -------------------------------------------------------------------
                         slack                                 32.329    

Slack (MET) :             32.344ns  (required time - arrival time)
  Source:                 Control_path/U1/U1/pixel_reg_reg[2]/C
                            (rising edge-triggered cell FDCE clocked by clk_out1_clk_25  {rise@0.000ns fall@20.000ns period=40.000ns})
  Destination:            Control_path/U1/U1/pixel_reg_reg[9]/D
                            (rising edge-triggered cell FDCE clocked by clk_out1_clk_25  {rise@0.000ns fall@20.000ns period=40.000ns})
  Path Group:             clk_out1_clk_25
  Path Type:              Setup (Max at Slow Process Corner)
  Requirement:            40.000ns  (clk_out1_clk_25 rise@40.000ns - clk_out1_clk_25 rise@0.000ns)
  Data Path Delay:        7.639ns  (logic 1.150ns (15.054%)  route 6.489ns (84.946%))
  Logic Levels:           3  (LUT4=2 LUT5=1)
  Clock Path Skew:        -0.037ns (DCD - SCD + CPR)
    Destination Clock Delay (DCD):    1.517ns = ( 41.517 - 40.000 ) 
    Source Clock Delay      (SCD):    1.633ns
    Clock Pessimism Removal (CPR):    0.079ns
  Clock Uncertainty:      0.098ns  ((TSJ^2 + DJ^2)^1/2) / 2 + PE
    Total System Jitter     (TSJ):    0.071ns
    Discrete Jitter          (DJ):    0.182ns
    Phase Error              (PE):    0.000ns

    Location             Delay type                Incr(ns)  Path(ns)    Netlist Resource(s)
  -------------------------------------------------------------------    -------------------
                         (clock clk_out1_clk_25 rise edge)
                                                      0.000     0.000 r  
    BUFGCTRL_X0Y16       BUFG                         0.000     0.000 r  clk_IBUF_BUFG_inst/O
                         net (fo=186, routed)         1.636     1.636    c25/inst/clk_in1
    MMCME2_ADV_X0Y1      MMCME2_ADV (Prop_mmcme2_adv_CLKIN1_CLKOUT0)
                                                     -3.441    -1.804 r  c25/inst/mmcm_adv_inst/CLKOUT0
                         net (fo=1, routed)           1.710    -0.094    c25/inst/clk_out1_clk_25
    BUFGCTRL_X0Y0        BUFG (Prop_bufg_I_O)         0.096     0.002 r  c25/inst/clkout1_buf/O
                         net (fo=40, routed)          1.631     1.633    Control_path/U1/U1/CLK
    SLICE_X8Y79          FDCE                                         r  Control_path/U1/U1/pixel_reg_reg[2]/C
  -------------------------------------------------------------------    -------------------
    SLICE_X8Y79          FDCE (Prop_fdce_C_Q)         0.518     2.151 r  Control_path/U1/U1/pixel_reg_reg[2]/Q
                         net (fo=23, routed)          4.933     7.084    Control_path/U1/U1/Q[2]
    SLICE_X9Y81          LUT4 (Prop_lut4_I3_O)        0.124     7.208 f  Control_path/U1/U1/pixel_reg[7]_i_2/O
                         net (fo=2, routed)           0.810     8.018    Control_path/U1/U1/pixel_reg[7]_i_2_n_0
    SLICE_X9Y81          LUT5 (Prop_lut5_I4_O)        0.150     8.168 r  Control_path/U1/U1/pixel_reg[9]_i_2/O
                         net (fo=2, routed)           0.747     8.914    Control_path/U1/U1/pixel_reg[9]_i_2_n_0
    SLICE_X10Y81         LUT4 (Prop_lut4_I1_O)        0.358     9.272 r  Control_path/U1/U1/pixel_reg[9]_i_1__0/O
                         net (fo=1, routed)           0.000     9.272    Control_path/U1/U1/pixel_reg[9]_i_1__0_n_0
    SLICE_X10Y81         FDCE                                         r  Control_path/U1/U1/pixel_reg_reg[9]/D
  -------------------------------------------------------------------    -------------------

                         (clock clk_out1_clk_25 rise edge)
                                                     40.000    40.000 r  
    BUFGCTRL_X0Y16       BUFG                         0.000    40.000 r  clk_IBUF_BUFG_inst/O
                         net (fo=186, routed)         1.516    41.516    c25/inst/clk_in1
    MMCME2_ADV_X0Y1      MMCME2_ADV (Prop_mmcme2_adv_CLKIN1_CLKOUT0)
                                                     -3.234    38.282 r  c25/inst/mmcm_adv_inst/CLKOUT0
                         net (fo=1, routed)           1.630    39.912    c25/inst/clk_out1_clk_25
    BUFGCTRL_X0Y0        BUFG (Prop_bufg_I_O)         0.091    40.003 r  c25/inst/clkout1_buf/O
                         net (fo=40, routed)          1.514    41.517    Control_path/U1/U1/CLK
    SLICE_X10Y81         FDCE                                         r  Control_path/U1/U1/pixel_reg_reg[9]/C
                         clock pessimism              0.079    41.596    
                         clock uncertainty           -0.098    41.499    
    SLICE_X10Y81         FDCE (Setup_fdce_C_D)        0.118    41.617    Control_path/U1/U1/pixel_reg_reg[9]
  -------------------------------------------------------------------
                         required time                         41.617    
                         arrival time                          -9.272    
  -------------------------------------------------------------------
                         slack                                 32.344    

Slack (MET) :             32.769ns  (required time - arrival time)
  Source:                 Control_path/U1/U2/pixel_reg_reg[0]/C
                            (rising edge-triggered cell FDCE clocked by clk_out1_clk_25  {rise@0.000ns fall@20.000ns period=40.000ns})
  Destination:            Control_path/U1/U2/pixel_reg_reg[8]/D
                            (rising edge-triggered cell FDCE clocked by clk_out1_clk_25  {rise@0.000ns fall@20.000ns period=40.000ns})
  Path Group:             clk_out1_clk_25
  Path Type:              Setup (Max at Slow Process Corner)
  Requirement:            40.000ns  (clk_out1_clk_25 rise@40.000ns - clk_out1_clk_25 rise@0.000ns)
  Data Path Delay:        7.064ns  (logic 0.994ns (14.072%)  route 6.070ns (85.928%))
  Logic Levels:           2  (LUT5=2)
  Clock Path Skew:        -0.039ns (DCD - SCD + CPR)
    Destination Clock Delay (DCD):    1.519ns = ( 41.519 - 40.000 ) 
    Source Clock Delay      (SCD):    1.637ns
    Clock Pessimism Removal (CPR):    0.079ns
  Clock Uncertainty:      0.098ns  ((TSJ^2 + DJ^2)^1/2) / 2 + PE
    Total System Jitter     (TSJ):    0.071ns
    Discrete Jitter          (DJ):    0.182ns
    Phase Error              (PE):    0.000ns

    Location             Delay type                Incr(ns)  Path(ns)    Netlist Resource(s)
  -------------------------------------------------------------------    -------------------
                         (clock clk_out1_clk_25 rise edge)
                                                      0.000     0.000 r  
    BUFGCTRL_X0Y16       BUFG                         0.000     0.000 r  clk_IBUF_BUFG_inst/O
                         net (fo=186, routed)         1.636     1.636    c25/inst/clk_in1
    MMCME2_ADV_X0Y1      MMCME2_ADV (Prop_mmcme2_adv_CLKIN1_CLKOUT0)
                                                     -3.441    -1.804 r  c25/inst/mmcm_adv_inst/CLKOUT0
                         net (fo=1, routed)           1.710    -0.094    c25/inst/clk_out1_clk_25
    BUFGCTRL_X0Y0        BUFG (Prop_bufg_I_O)         0.096     0.002 r  c25/inst/clkout1_buf/O
                         net (fo=40, routed)          1.635     1.637    Control_path/U1/U2/CLK
    SLICE_X12Y82         FDCE                                         r  Control_path/U1/U2/pixel_reg_reg[0]/C
  -------------------------------------------------------------------    -------------------
    SLICE_X12Y82         FDCE (Prop_fdce_C_Q)         0.518     2.155 r  Control_path/U1/U2/pixel_reg_reg[0]/Q
                         net (fo=25, routed)          5.149     7.304    Control_path/U1/U2/Q[0]
    SLICE_X11Y80         LUT5 (Prop_lut5_I3_O)        0.150     7.454 r  Control_path/U1/U2/pixel_reg[8]_i_2/O
                         net (fo=4, routed)           0.732     8.186    Control_path/U1/U2/pixel_reg[8]_i_2_n_0
    SLICE_X11Y82         LUT5 (Prop_lut5_I2_O)        0.326     8.512 r  Control_path/U1/U2/pixel_reg[8]_i_1/O
                         net (fo=1, routed)           0.189     8.701    Control_path/U1/U2/pixel_next__0[8]
    SLICE_X10Y82         FDCE                                         r  Control_path/U1/U2/pixel_reg_reg[8]/D
  -------------------------------------------------------------------    -------------------

                         (clock clk_out1_clk_25 rise edge)
                                                     40.000    40.000 r  
    BUFGCTRL_X0Y16       BUFG                         0.000    40.000 r  clk_IBUF_BUFG_inst/O
                         net (fo=186, routed)         1.516    41.516    c25/inst/clk_in1
    MMCME2_ADV_X0Y1      MMCME2_ADV (Prop_mmcme2_adv_CLKIN1_CLKOUT0)
                                                     -3.234    38.282 r  c25/inst/mmcm_adv_inst/CLKOUT0
                         net (fo=1, routed)           1.630    39.912    c25/inst/clk_out1_clk_25
    BUFGCTRL_X0Y0        BUFG (Prop_bufg_I_O)         0.091    40.003 r  c25/inst/clkout1_buf/O
                         net (fo=40, routed)          1.516    41.519    Control_path/U1/U2/CLK
    SLICE_X10Y82         FDCE                                         r  Control_path/U1/U2/pixel_reg_reg[8]/C
                         clock pessimism              0.079    41.598    
                         clock uncertainty           -0.098    41.501    
    SLICE_X10Y82         FDCE (Setup_fdce_C_D)       -0.031    41.470    Control_path/U1/U2/pixel_reg_reg[8]
  -------------------------------------------------------------------
                         required time                         41.470    
                         arrival time                          -8.701    
  -------------------------------------------------------------------
                         slack                                 32.769    

Slack (MET) :             32.926ns  (required time - arrival time)
  Source:                 Control_path/U1/U1/pixel_reg_reg[2]/C
                            (rising edge-triggered cell FDCE clocked by clk_out1_clk_25  {rise@0.000ns fall@20.000ns period=40.000ns})
  Destination:            Control_path/U1/U1/pixel_reg_reg[7]/D
                            (rising edge-triggered cell FDCE clocked by clk_out1_clk_25  {rise@0.000ns fall@20.000ns period=40.000ns})
  Path Group:             clk_out1_clk_25
  Path Type:              Setup (Max at Slow Process Corner)
  Requirement:            40.000ns  (clk_out1_clk_25 rise@40.000ns - clk_out1_clk_25 rise@0.000ns)
  Data Path Delay:        6.887ns  (logic 0.766ns (11.122%)  route 6.121ns (88.878%))
  Logic Levels:           2  (LUT4=1 LUT5=1)
  Clock Path Skew:        -0.022ns (DCD - SCD + CPR)
    Destination Clock Delay (DCD):    1.514ns = ( 41.514 - 40.000 ) 
    Source Clock Delay      (SCD):    1.633ns
    Clock Pessimism Removal (CPR):    0.097ns
  Clock Uncertainty:      0.098ns  ((TSJ^2 + DJ^2)^1/2) / 2 + PE
    Total System Jitter     (TSJ):    0.071ns
    Discrete Jitter          (DJ):    0.182ns
    Phase Error              (PE):    0.000ns

    Location             Delay type                Incr(ns)  Path(ns)    Netlist Resource(s)
  -------------------------------------------------------------------    -------------------
                         (clock clk_out1_clk_25 rise edge)
                                                      0.000     0.000 r  
    BUFGCTRL_X0Y16       BUFG                         0.000     0.000 r  clk_IBUF_BUFG_inst/O
                         net (fo=186, routed)         1.636     1.636    c25/inst/clk_in1
    MMCME2_ADV_X0Y1      MMCME2_ADV (Prop_mmcme2_adv_CLKIN1_CLKOUT0)
                                                     -3.441    -1.804 r  c25/inst/mmcm_adv_inst/CLKOUT0
                         net (fo=1, routed)           1.710    -0.094    c25/inst/clk_out1_clk_25
    BUFGCTRL_X0Y0        BUFG (Prop_bufg_I_O)         0.096     0.002 r  c25/inst/clkout1_buf/O
                         net (fo=40, routed)          1.631     1.633    Control_path/U1/U1/CLK
    SLICE_X8Y79          FDCE                                         r  Control_path/U1/U1/pixel_reg_reg[2]/C
  -------------------------------------------------------------------    -------------------
    SLICE_X8Y79          FDCE (Prop_fdce_C_Q)         0.518     2.151 f  Control_path/U1/U1/pixel_reg_reg[2]/Q
                         net (fo=23, routed)          4.933     7.084    Control_path/U1/U1/Q[2]
    SLICE_X9Y81          LUT4 (Prop_lut4_I3_O)        0.124     7.208 r  Control_path/U1/U1/pixel_reg[7]_i_2/O
                         net (fo=2, routed)           0.810     8.018    Control_path/U1/U1/pixel_reg[7]_i_2_n_0
    SLICE_X9Y81          LUT5 (Prop_lut5_I4_O)        0.124     8.142 r  Control_path/U1/U1/pixel_reg[7]_i_1/O
                         net (fo=1, routed)           0.379     8.521    Control_path/U1/U1/pixel_next[7]
    SLICE_X9Y81          FDCE                                         r  Control_path/U1/U1/pixel_reg_reg[7]/D
  -------------------------------------------------------------------    -------------------

                         (clock clk_out1_clk_25 rise edge)
                                                     40.000    40.000 r  
    BUFGCTRL_X0Y16       BUFG                         0.000    40.000 r  clk_IBUF_BUFG_inst/O
                         net (fo=186, routed)         1.516    41.516    c25/inst/clk_in1
    MMCME2_ADV_X0Y1      MMCME2_ADV (Prop_mmcme2_adv_CLKIN1_CLKOUT0)
                                                     -3.234    38.282 r  c25/inst/mmcm_adv_inst/CLKOUT0
                         net (fo=1, routed)           1.630    39.912    c25/inst/clk_out1_clk_25
    BUFGCTRL_X0Y0        BUFG (Prop_bufg_I_O)         0.091    40.003 r  c25/inst/clkout1_buf/O
                         net (fo=40, routed)          1.511    41.514    Control_path/U1/U1/CLK
    SLICE_X9Y81          FDCE                                         r  Control_path/U1/U1/pixel_reg_reg[7]/C
                         clock pessimism              0.097    41.611    
                         clock uncertainty           -0.098    41.514    
    SLICE_X9Y81          FDCE (Setup_fdce_C_D)       -0.067    41.447    Control_path/U1/U1/pixel_reg_reg[7]
  -------------------------------------------------------------------
                         required time                         41.447    
                         arrival time                          -8.521    
  -------------------------------------------------------------------
                         slack                                 32.926    

Slack (MET) :             33.216ns  (required time - arrival time)
  Source:                 Control_path/U1/U1/pixel_reg_reg[7]/C
                            (rising edge-triggered cell FDCE clocked by clk_out1_clk_25  {rise@0.000ns fall@20.000ns period=40.000ns})
  Destination:            Control_path/U1/U2/pixel_reg_reg[0]/CE
                            (rising edge-triggered cell FDCE clocked by clk_out1_clk_25  {rise@0.000ns fall@20.000ns period=40.000ns})
  Path Group:             clk_out1_clk_25
  Path Type:              Setup (Max at Slow Process Corner)
  Requirement:            40.000ns  (clk_out1_clk_25 rise@40.000ns - clk_out1_clk_25 rise@0.000ns)
  Data Path Delay:        6.477ns  (logic 0.580ns (8.955%)  route 5.897ns (91.045%))
  Logic Levels:           1  (LUT6=1)
  Clock Path Skew:        -0.040ns (DCD - SCD + CPR)
    Destination Clock Delay (DCD):    1.516ns = ( 41.516 - 40.000 ) 
    Source Clock Delay      (SCD):    1.635ns
    Clock Pessimism Removal (CPR):    0.079ns
  Clock Uncertainty:      0.098ns  ((TSJ^2 + DJ^2)^1/2) / 2 + PE
    Total System Jitter     (TSJ):    0.071ns
    Discrete Jitter          (DJ):    0.182ns
    Phase Error              (PE):    0.000ns

    Location             Delay type                Incr(ns)  Path(ns)    Netlist Resource(s)
  -------------------------------------------------------------------    -------------------
                         (clock clk_out1_clk_25 rise edge)
                                                      0.000     0.000 r  
    BUFGCTRL_X0Y16       BUFG                         0.000     0.000 r  clk_IBUF_BUFG_inst/O
                         net (fo=186, routed)         1.636     1.636    c25/inst/clk_in1
    MMCME2_ADV_X0Y1      MMCME2_ADV (Prop_mmcme2_adv_CLKIN1_CLKOUT0)
                                                     -3.441    -1.804 r  c25/inst/mmcm_adv_inst/CLKOUT0
                         net (fo=1, routed)           1.710    -0.094    c25/inst/clk_out1_clk_25
    BUFGCTRL_X0Y0        BUFG (Prop_bufg_I_O)         0.096     0.002 r  c25/inst/clkout1_buf/O
                         net (fo=40, routed)          1.633     1.635    Control_path/U1/U1/CLK
    SLICE_X9Y81          FDCE                                         r  Control_path/U1/U1/pixel_reg_reg[7]/C
  -------------------------------------------------------------------    -------------------
    SLICE_X9Y81          FDCE (Prop_fdce_C_Q)         0.456     2.091 f  Control_path/U1/U1/pixel_reg_reg[7]/Q
                         net (fo=21, routed)          5.083     7.174    Control_path/U1/U1/Q[7]
    SLICE_X10Y81         LUT6 (Prop_lut6_I5_O)        0.124     7.298 r  Control_path/U1/U1/pixel_reg[9]_i_1/O
                         net (fo=12, routed)          0.814     8.113    Control_path/U1/U2/E[0]
    SLICE_X12Y82         FDCE                                         r  Control_path/U1/U2/pixel_reg_reg[0]/CE
  -------------------------------------------------------------------    -------------------

                         (clock clk_out1_clk_25 rise edge)
                                                     40.000    40.000 r  
    BUFGCTRL_X0Y16       BUFG                         0.000    40.000 r  clk_IBUF_BUFG_inst/O
                         net (fo=186, routed)         1.516    41.516    c25/inst/clk_in1
    MMCME2_ADV_X0Y1      MMCME2_ADV (Prop_mmcme2_adv_CLKIN1_CLKOUT0)
                                                     -3.234    38.282 r  c25/inst/mmcm_adv_inst/CLKOUT0
                         net (fo=1, routed)           1.630    39.912    c25/inst/clk_out1_clk_25
    BUFGCTRL_X0Y0        BUFG (Prop_bufg_I_O)         0.091    40.003 r  c25/inst/clkout1_buf/O
                         net (fo=40, routed)          1.513    41.516    Control_path/U1/U2/CLK
    SLICE_X12Y82         FDCE                                         r  Control_path/U1/U2/pixel_reg_reg[0]/C
                         clock pessimism              0.079    41.595    
                         clock uncertainty           -0.098    41.498    
    SLICE_X12Y82         FDCE (Setup_fdce_C_CE)      -0.169    41.329    Control_path/U1/U2/pixel_reg_reg[0]
  -------------------------------------------------------------------
                         required time                         41.329    
                         arrival time                          -8.113    
  -------------------------------------------------------------------
                         slack                                 33.216    

Slack (MET) :             33.216ns  (required time - arrival time)
  Source:                 Control_path/U1/U1/pixel_reg_reg[7]/C
                            (rising edge-triggered cell FDCE clocked by clk_out1_clk_25  {rise@0.000ns fall@20.000ns period=40.000ns})
  Destination:            Control_path/U1/U2/pixel_reg_reg[9]/CE
                            (rising edge-triggered cell FDCE clocked by clk_out1_clk_25  {rise@0.000ns fall@20.000ns period=40.000ns})
  Path Group:             clk_out1_clk_25
  Path Type:              Setup (Max at Slow Process Corner)
  Requirement:            40.000ns  (clk_out1_clk_25 rise@40.000ns - clk_out1_clk_25 rise@0.000ns)
  Data Path Delay:        6.477ns  (logic 0.580ns (8.955%)  route 5.897ns (91.045%))
  Logic Levels:           1  (LUT6=1)
  Clock Path Skew:        -0.040ns (DCD - SCD + CPR)
    Destination Clock Delay (DCD):    1.516ns = ( 41.516 - 40.000 ) 
    Source Clock Delay      (SCD):    1.635ns
    Clock Pessimism Removal (CPR):    0.079ns
  Clock Uncertainty:      0.098ns  ((TSJ^2 + DJ^2)^1/2) / 2 + PE
    Total System Jitter     (TSJ):    0.071ns
    Discrete Jitter          (DJ):    0.182ns
    Phase Error              (PE):    0.000ns

    Location             Delay type                Incr(ns)  Path(ns)    Netlist Resource(s)
  -------------------------------------------------------------------    -------------------
                         (clock clk_out1_clk_25 rise edge)
                                                      0.000     0.000 r  
    BUFGCTRL_X0Y16       BUFG                         0.000     0.000 r  clk_IBUF_BUFG_inst/O
                         net (fo=186, routed)         1.636     1.636    c25/inst/clk_in1
    MMCME2_ADV_X0Y1      MMCME2_ADV (Prop_mmcme2_adv_CLKIN1_CLKOUT0)
                                                     -3.441    -1.804 r  c25/inst/mmcm_adv_inst/CLKOUT0
                         net (fo=1, routed)           1.710    -0.094    c25/inst/clk_out1_clk_25
    BUFGCTRL_X0Y0        BUFG (Prop_bufg_I_O)         0.096     0.002 r  c25/inst/clkout1_buf/O
                         net (fo=40, routed)          1.633     1.635    Control_path/U1/U1/CLK
    SLICE_X9Y81          FDCE                                         r  Control_path/U1/U1/pixel_reg_reg[7]/C
  -------------------------------------------------------------------    -------------------
    SLICE_X9Y81          FDCE (Prop_fdce_C_Q)         0.456     2.091 f  Control_path/U1/U1/pixel_reg_reg[7]/Q
                         net (fo=21, routed)          5.083     7.174    Control_path/U1/U1/Q[7]
    SLICE_X10Y81         LUT6 (Prop_lut6_I5_O)        0.124     7.298 r  Control_path/U1/U1/pixel_reg[9]_i_1/O
                         net (fo=12, routed)          0.814     8.113    Control_path/U1/U2/E[0]
    SLICE_X12Y82         FDCE                                         r  Control_path/U1/U2/pixel_reg_reg[9]/CE
  -------------------------------------------------------------------    -------------------

                         (clock clk_out1_clk_25 rise edge)
                                                     40.000    40.000 r  
    BUFGCTRL_X0Y16       BUFG                         0.000    40.000 r  clk_IBUF_BUFG_inst/O
                         net (fo=186, routed)         1.516    41.516    c25/inst/clk_in1
    MMCME2_ADV_X0Y1      MMCME2_ADV (Prop_mmcme2_adv_CLKIN1_CLKOUT0)
                                                     -3.234    38.282 r  c25/inst/mmcm_adv_inst/CLKOUT0
                         net (fo=1, routed)           1.630    39.912    c25/inst/clk_out1_clk_25
    BUFGCTRL_X0Y0        BUFG (Prop_bufg_I_O)         0.091    40.003 r  c25/inst/clkout1_buf/O
                         net (fo=40, routed)          1.513    41.516    Control_path/U1/U2/CLK
    SLICE_X12Y82         FDCE                                         r  Control_path/U1/U2/pixel_reg_reg[9]/C
                         clock pessimism              0.079    41.595    
                         clock uncertainty           -0.098    41.498    
    SLICE_X12Y82         FDCE (Setup_fdce_C_CE)      -0.169    41.329    Control_path/U1/U2/pixel_reg_reg[9]
  -------------------------------------------------------------------
                         required time                         41.329    
                         arrival time                          -8.113    
  -------------------------------------------------------------------
                         slack                                 33.216    





Min Delay Paths
--------------------------------------------------------------------------------------
Slack (MET) :             0.202ns  (arrival time - required time)
  Source:                 Control_path/v1/b2/vga_out_reg[3]/C
                            (rising edge-triggered cell FDRE clocked by clk_out1_clk_25  {rise@0.000ns fall@20.000ns period=40.000ns})
  Destination:            Control_path/VGA_R_reg[3]_lopt_replica_2/D
                            (rising edge-triggered cell FDRE clocked by clk_out1_clk_25  {rise@0.000ns fall@20.000ns period=40.000ns})
  Path Group:             clk_out1_clk_25
  Path Type:              Hold (Min at Fast Process Corner)
  Requirement:            0.000ns  (clk_out1_clk_25 rise@0.000ns - clk_out1_clk_25 rise@0.000ns)
  Data Path Delay:        0.323ns  (logic 0.209ns (64.630%)  route 0.114ns (35.370%))
  Logic Levels:           1  (LUT4=1)
  Clock Path Skew:        0.000ns (DCD - SCD - CPR)
    Destination Clock Delay (DCD):    0.844ns
    Source Clock Delay      (SCD):    0.574ns
    Clock Pessimism Removal (CPR):    0.271ns

    Location             Delay type                Incr(ns)  Path(ns)    Netlist Resource(s)
  -------------------------------------------------------------------    -------------------
                         (clock clk_out1_clk_25 rise edge)
                                                      0.000     0.000 r  
    BUFGCTRL_X0Y16       BUFG                         0.000     0.000 r  clk_IBUF_BUFG_inst/O
                         net (fo=186, routed)         0.558     0.558    c25/inst/clk_in1
    MMCME2_ADV_X0Y1      MMCME2_ADV (Prop_mmcme2_adv_CLKIN1_CLKOUT0)
                                                     -1.077    -0.519 r  c25/inst/mmcm_adv_inst/CLKOUT0
                         net (fo=1, routed)           0.495    -0.024    c25/inst/clk_out1_clk_25
    BUFGCTRL_X0Y0        BUFG (Prop_bufg_I_O)         0.026     0.002 r  c25/inst/clkout1_buf/O
                         net (fo=40, routed)          0.572     0.574    Control_path/v1/b2/CLK
    SLICE_X10Y102        FDRE                                         r  Control_path/v1/b2/vga_out_reg[3]/C
  -------------------------------------------------------------------    -------------------
    SLICE_X10Y102        FDRE (Prop_fdre_C_Q)         0.164     0.738 r  Control_path/v1/b2/vga_out_reg[3]/Q
                         net (fo=1, routed)           0.114     0.852    Control_path/v1/b1/VGA_R_reg[3][3]
    SLICE_X10Y102        LUT4 (Prop_lut4_I2_O)        0.045     0.897 r  Control_path/v1/b1/VGA_R[3]_i_1/O
                         net (fo=3, routed)           0.000     0.897    Control_path/v1_n_1
    SLICE_X10Y102        FDRE                                         r  Control_path/VGA_R_reg[3]_lopt_replica_2/D
  -------------------------------------------------------------------    -------------------

                         (clock clk_out1_clk_25 rise edge)
                                                      0.000     0.000 r  
    BUFGCTRL_X0Y16       BUFG                         0.000     0.000 r  clk_IBUF_BUFG_inst/O
                         net (fo=186, routed)         0.828     0.828    c25/inst/clk_in1
    MMCME2_ADV_X0Y1      MMCME2_ADV (Prop_mmcme2_adv_CLKIN1_CLKOUT0)
                                                     -1.394    -0.567 r  c25/inst/mmcm_adv_inst/CLKOUT0
                         net (fo=1, routed)           0.540    -0.027    c25/inst/clk_out1_clk_25
    BUFGCTRL_X0Y0        BUFG (Prop_bufg_I_O)         0.029     0.002 r  c25/inst/clkout1_buf/O
                         net (fo=40, routed)          0.843     0.844    Control_path/CLK
    SLICE_X10Y102        FDRE                                         r  Control_path/VGA_R_reg[3]_lopt_replica_2/C
                         clock pessimism             -0.271     0.574    
    SLICE_X10Y102        FDRE (Hold_fdre_C_D)         0.121     0.695    Control_path/VGA_R_reg[3]_lopt_replica_2
  -------------------------------------------------------------------
                         required time                         -0.695    
                         arrival time                           0.897    
  -------------------------------------------------------------------
                         slack                                  0.202    

Slack (MET) :             0.233ns  (arrival time - required time)
  Source:                 Control_path/v1/b2/vga_out_reg[1]/C
                            (rising edge-triggered cell FDRE clocked by clk_out1_clk_25  {rise@0.000ns fall@20.000ns period=40.000ns})
  Destination:            Control_path/VGA_R_reg[1]_lopt_replica_2/D
                            (rising edge-triggered cell FDRE clocked by clk_out1_clk_25  {rise@0.000ns fall@20.000ns period=40.000ns})
  Path Group:             clk_out1_clk_25
  Path Type:              Hold (Min at Fast Process Corner)
  Requirement:            0.000ns  (clk_out1_clk_25 rise@0.000ns - clk_out1_clk_25 rise@0.000ns)
  Data Path Delay:        0.325ns  (logic 0.186ns (57.200%)  route 0.139ns (42.800%))
  Logic Levels:           1  (LUT4=1)
  Clock Path Skew:        0.000ns (DCD - SCD - CPR)
    Destination Clock Delay (DCD):    0.843ns
    Source Clock Delay      (SCD):    0.573ns
    Clock Pessimism Removal (CPR):    0.271ns

    Location             Delay type                Incr(ns)  Path(ns)    Netlist Resource(s)
  -------------------------------------------------------------------    -------------------
                         (clock clk_out1_clk_25 rise edge)
                                                      0.000     0.000 r  
    BUFGCTRL_X0Y16       BUFG                         0.000     0.000 r  clk_IBUF_BUFG_inst/O
                         net (fo=186, routed)         0.558     0.558    c25/inst/clk_in1
    MMCME2_ADV_X0Y1      MMCME2_ADV (Prop_mmcme2_adv_CLKIN1_CLKOUT0)
                                                     -1.077    -0.519 r  c25/inst/mmcm_adv_inst/CLKOUT0
                         net (fo=1, routed)           0.495    -0.024    c25/inst/clk_out1_clk_25
    BUFGCTRL_X0Y0        BUFG (Prop_bufg_I_O)         0.026     0.002 r  c25/inst/clkout1_buf/O
                         net (fo=40, routed)          0.571     0.573    Control_path/v1/b2/CLK
    SLICE_X9Y103         FDRE                                         r  Control_path/v1/b2/vga_out_reg[1]/C
  -------------------------------------------------------------------    -------------------
    SLICE_X9Y103         FDRE (Prop_fdre_C_Q)         0.141     0.714 r  Control_path/v1/b2/vga_out_reg[1]/Q
                         net (fo=1, routed)           0.139     0.853    Control_path/v1/b1/VGA_R_reg[3][1]
    SLICE_X9Y103         LUT4 (Prop_lut4_I2_O)        0.045     0.898 r  Control_path/v1/b1/VGA_R[1]_i_1/O
                         net (fo=3, routed)           0.000     0.898    Control_path/v1_n_3
    SLICE_X9Y103         FDRE                                         r  Control_path/VGA_R_reg[1]_lopt_replica_2/D
  -------------------------------------------------------------------    -------------------

                         (clock clk_out1_clk_25 rise edge)
                                                      0.000     0.000 r  
    BUFGCTRL_X0Y16       BUFG                         0.000     0.000 r  clk_IBUF_BUFG_inst/O
                         net (fo=186, routed)         0.828     0.828    c25/inst/clk_in1
    MMCME2_ADV_X0Y1      MMCME2_ADV (Prop_mmcme2_adv_CLKIN1_CLKOUT0)
                                                     -1.394    -0.567 r  c25/inst/mmcm_adv_inst/CLKOUT0
                         net (fo=1, routed)           0.540    -0.027    c25/inst/clk_out1_clk_25
    BUFGCTRL_X0Y0        BUFG (Prop_bufg_I_O)         0.029     0.002 r  c25/inst/clkout1_buf/O
                         net (fo=40, routed)          0.841     0.843    Control_path/CLK
    SLICE_X9Y103         FDRE                                         r  Control_path/VGA_R_reg[1]_lopt_replica_2/C
                         clock pessimism             -0.271     0.573    
    SLICE_X9Y103         FDRE (Hold_fdre_C_D)         0.092     0.665    Control_path/VGA_R_reg[1]_lopt_replica_2
  -------------------------------------------------------------------
                         required time                         -0.665    
                         arrival time                           0.898    
  -------------------------------------------------------------------
                         slack                                  0.233    

Slack (MET) :             0.240ns  (arrival time - required time)
  Source:                 Control_path/U1/U2/pixel_reg_reg[4]/C
                            (rising edge-triggered cell FDCE clocked by clk_out1_clk_25  {rise@0.000ns fall@20.000ns period=40.000ns})
  Destination:            Control_path/U1/U2/pixel_reg_reg[5]/D
                            (rising edge-triggered cell FDCE clocked by clk_out1_clk_25  {rise@0.000ns fall@20.000ns period=40.000ns})
  Path Group:             clk_out1_clk_25
  Path Type:              Hold (Min at Fast Process Corner)
  Requirement:            0.000ns  (clk_out1_clk_25 rise@0.000ns - clk_out1_clk_25 rise@0.000ns)
  Data Path Delay:        0.347ns  (logic 0.186ns (53.566%)  route 0.161ns (46.434%))
  Logic Levels:           1  (LUT6=1)
  Clock Path Skew:        0.015ns (DCD - SCD - CPR)
    Destination Clock Delay (DCD):    0.837ns
    Source Clock Delay      (SCD):    0.567ns
    Clock Pessimism Removal (CPR):    0.255ns

    Location             Delay type                Incr(ns)  Path(ns)    Netlist Resource(s)
  -------------------------------------------------------------------    -------------------
                         (clock clk_out1_clk_25 rise edge)
                                                      0.000     0.000 r  
    BUFGCTRL_X0Y16       BUFG                         0.000     0.000 r  clk_IBUF_BUFG_inst/O
                         net (fo=186, routed)         0.558     0.558    c25/inst/clk_in1
    MMCME2_ADV_X0Y1      MMCME2_ADV (Prop_mmcme2_adv_CLKIN1_CLKOUT0)
                                                     -1.077    -0.519 r  c25/inst/mmcm_adv_inst/CLKOUT0
                         net (fo=1, routed)           0.495    -0.024    c25/inst/clk_out1_clk_25
    BUFGCTRL_X0Y0        BUFG (Prop_bufg_I_O)         0.026     0.002 r  c25/inst/clkout1_buf/O
                         net (fo=40, routed)          0.565     0.567    Control_path/U1/U2/CLK
    SLICE_X11Y80         FDCE                                         r  Control_path/U1/U2/pixel_reg_reg[4]/C
  -------------------------------------------------------------------    -------------------
    SLICE_X11Y80         FDCE (Prop_fdce_C_Q)         0.141     0.708 r  Control_path/U1/U2/pixel_reg_reg[4]/Q
                         net (fo=21, routed)          0.161     0.869    Control_path/U1/U2/Q[4]
    SLICE_X11Y81         LUT6 (Prop_lut6_I5_O)        0.045     0.914 r  Control_path/U1/U2/pixel_reg[5]_i_1__0/O
                         net (fo=1, routed)           0.000     0.914    Control_path/U1/U2/pixel_next__0[5]
    SLICE_X11Y81         FDCE                                         r  Control_path/U1/U2/pixel_reg_reg[5]/D
  -------------------------------------------------------------------    -------------------

                         (clock clk_out1_clk_25 rise edge)
                                                      0.000     0.000 r  
    BUFGCTRL_X0Y16       BUFG                         0.000     0.000 r  clk_IBUF_BUFG_inst/O
                         net (fo=186, routed)         0.828     0.828    c25/inst/clk_in1
    MMCME2_ADV_X0Y1      MMCME2_ADV (Prop_mmcme2_adv_CLKIN1_CLKOUT0)
                                                     -1.394    -0.567 r  c25/inst/mmcm_adv_inst/CLKOUT0
                         net (fo=1, routed)           0.540    -0.027    c25/inst/clk_out1_clk_25
    BUFGCTRL_X0Y0        BUFG (Prop_bufg_I_O)         0.029     0.002 r  c25/inst/clkout1_buf/O
                         net (fo=40, routed)          0.835     0.837    Control_path/U1/U2/CLK
    SLICE_X11Y81         FDCE                                         r  Control_path/U1/U2/pixel_reg_reg[5]/C
                         clock pessimism             -0.255     0.582    
    SLICE_X11Y81         FDCE (Hold_fdce_C_D)         0.092     0.674    Control_path/U1/U2/pixel_reg_reg[5]
  -------------------------------------------------------------------
                         required time                         -0.674    
                         arrival time                           0.914    
  -------------------------------------------------------------------
                         slack                                  0.240    

Slack (MET) :             0.249ns  (arrival time - required time)
  Source:                 Control_path/U1/U1/pixel_reg_reg[6]/C
                            (rising edge-triggered cell FDCE clocked by clk_out1_clk_25  {rise@0.000ns fall@20.000ns period=40.000ns})
  Destination:            Control_path/U1/U1/pixel_reg_reg[6]/D
                            (rising edge-triggered cell FDCE clocked by clk_out1_clk_25  {rise@0.000ns fall@20.000ns period=40.000ns})
  Path Group:             clk_out1_clk_25
  Path Type:              Hold (Min at Fast Process Corner)
  Requirement:            0.000ns  (clk_out1_clk_25 rise@0.000ns - clk_out1_clk_25 rise@0.000ns)
  Data Path Delay:        0.370ns  (logic 0.209ns (56.420%)  route 0.161ns (43.580%))
  Logic Levels:           1  (LUT3=1)
  Clock Path Skew:        0.000ns (DCD - SCD - CPR)
    Destination Clock Delay (DCD):    0.835ns
    Source Clock Delay      (SCD):    0.566ns
    Clock Pessimism Removal (CPR):    0.269ns

    Location             Delay type                Incr(ns)  Path(ns)    Netlist Resource(s)
  -------------------------------------------------------------------    -------------------
                         (clock clk_out1_clk_25 rise edge)
                                                      0.000     0.000 r  
    BUFGCTRL_X0Y16       BUFG                         0.000     0.000 r  clk_IBUF_BUFG_inst/O
                         net (fo=186, routed)         0.558     0.558    c25/inst/clk_in1
    MMCME2_ADV_X0Y1      MMCME2_ADV (Prop_mmcme2_adv_CLKIN1_CLKOUT0)
                                                     -1.077    -0.519 r  c25/inst/mmcm_adv_inst/CLKOUT0
                         net (fo=1, routed)           0.495    -0.024    c25/inst/clk_out1_clk_25
    BUFGCTRL_X0Y0        BUFG (Prop_bufg_I_O)         0.026     0.002 r  c25/inst/clkout1_buf/O
                         net (fo=40, routed)          0.564     0.566    Control_path/U1/U1/CLK
    SLICE_X8Y79          FDCE                                         r  Control_path/U1/U1/pixel_reg_reg[6]/C
  -------------------------------------------------------------------    -------------------
    SLICE_X8Y79          FDCE (Prop_fdce_C_Q)         0.164     0.730 r  Control_path/U1/U1/pixel_reg_reg[6]/Q
                         net (fo=23, routed)          0.161     0.891    Control_path/U1/U1/Q[6]
    SLICE_X8Y79          LUT3 (Prop_lut3_I0_O)        0.045     0.936 r  Control_path/U1/U1/pixel_reg[6]_i_1/O
                         net (fo=1, routed)           0.000     0.936    Control_path/U1/U1/pixel_next[6]
    SLICE_X8Y79          FDCE                                         r  Control_path/U1/U1/pixel_reg_reg[6]/D
  -------------------------------------------------------------------    -------------------

                         (clock clk_out1_clk_25 rise edge)
                                                      0.000     0.000 r  
    BUFGCTRL_X0Y16       BUFG                         0.000     0.000 r  clk_IBUF_BUFG_inst/O
                         net (fo=186, routed)         0.828     0.828    c25/inst/clk_in1
    MMCME2_ADV_X0Y1      MMCME2_ADV (Prop_mmcme2_adv_CLKIN1_CLKOUT0)
                                                     -1.394    -0.567 r  c25/inst/mmcm_adv_inst/CLKOUT0
                         net (fo=1, routed)           0.540    -0.027    c25/inst/clk_out1_clk_25
    BUFGCTRL_X0Y0        BUFG (Prop_bufg_I_O)         0.029     0.002 r  c25/inst/clkout1_buf/O
                         net (fo=40, routed)          0.833     0.835    Control_path/U1/U1/CLK
    SLICE_X8Y79          FDCE                                         r  Control_path/U1/U1/pixel_reg_reg[6]/C
                         clock pessimism             -0.269     0.566    
    SLICE_X8Y79          FDCE (Hold_fdce_C_D)         0.121     0.687    Control_path/U1/U1/pixel_reg_reg[6]
  -------------------------------------------------------------------
                         required time                         -0.687    
                         arrival time                           0.936    
  -------------------------------------------------------------------
                         slack                                  0.249    

Slack (MET) :             0.262ns  (arrival time - required time)
  Source:                 Control_path/U1/U1/pixel_reg_reg[0]/C
                            (rising edge-triggered cell FDCE clocked by clk_out1_clk_25  {rise@0.000ns fall@20.000ns period=40.000ns})
  Destination:            Control_path/U1/U1/pixel_reg_reg[1]/D
                            (rising edge-triggered cell FDCE clocked by clk_out1_clk_25  {rise@0.000ns fall@20.000ns period=40.000ns})
  Path Group:             clk_out1_clk_25
  Path Type:              Hold (Min at Fast Process Corner)
  Requirement:            0.000ns  (clk_out1_clk_25 rise@0.000ns - clk_out1_clk_25 rise@0.000ns)
  Data Path Delay:        0.393ns  (logic 0.207ns (52.626%)  route 0.186ns (47.374%))
  Logic Levels:           1  (LUT2=1)
  Clock Path Skew:        0.000ns (DCD - SCD - CPR)
    Destination Clock Delay (DCD):    0.835ns
    Source Clock Delay      (SCD):    0.566ns
    Clock Pessimism Removal (CPR):    0.269ns

    Location             Delay type                Incr(ns)  Path(ns)    Netlist Resource(s)
  -------------------------------------------------------------------    -------------------
                         (clock clk_out1_clk_25 rise edge)
                                                      0.000     0.000 r  
    BUFGCTRL_X0Y16       BUFG                         0.000     0.000 r  clk_IBUF_BUFG_inst/O
                         net (fo=186, routed)         0.558     0.558    c25/inst/clk_in1
    MMCME2_ADV_X0Y1      MMCME2_ADV (Prop_mmcme2_adv_CLKIN1_CLKOUT0)
                                                     -1.077    -0.519 r  c25/inst/mmcm_adv_inst/CLKOUT0
                         net (fo=1, routed)           0.495    -0.024    c25/inst/clk_out1_clk_25
    BUFGCTRL_X0Y0        BUFG (Prop_bufg_I_O)         0.026     0.002 r  c25/inst/clkout1_buf/O
                         net (fo=40, routed)          0.564     0.566    Control_path/U1/U1/CLK
    SLICE_X8Y79          FDCE                                         r  Control_path/U1/U1/pixel_reg_reg[0]/C
  -------------------------------------------------------------------    -------------------
    SLICE_X8Y79          FDCE (Prop_fdce_C_Q)         0.164     0.730 r  Control_path/U1/U1/pixel_reg_reg[0]/Q
                         net (fo=24, routed)          0.186     0.916    Control_path/U1/U1/Q[0]
    SLICE_X8Y79          LUT2 (Prop_lut2_I0_O)        0.043     0.959 r  Control_path/U1/U1/pixel_reg[1]_i_1/O
                         net (fo=1, routed)           0.000     0.959    Control_path/U1/U1/pixel_next[1]
    SLICE_X8Y79          FDCE                                         r  Control_path/U1/U1/pixel_reg_reg[1]/D
  -------------------------------------------------------------------    -------------------

                         (clock clk_out1_clk_25 rise edge)
                                                      0.000     0.000 r  
    BUFGCTRL_X0Y16       BUFG                         0.000     0.000 r  clk_IBUF_BUFG_inst/O
                         net (fo=186, routed)         0.828     0.828    c25/inst/clk_in1
    MMCME2_ADV_X0Y1      MMCME2_ADV (Prop_mmcme2_adv_CLKIN1_CLKOUT0)
                                                     -1.394    -0.567 r  c25/inst/mmcm_adv_inst/CLKOUT0
                         net (fo=1, routed)           0.540    -0.027    c25/inst/clk_out1_clk_25
    BUFGCTRL_X0Y0        BUFG (Prop_bufg_I_O)         0.029     0.002 r  c25/inst/clkout1_buf/O
                         net (fo=40, routed)          0.833     0.835    Control_path/U1/U1/CLK
    SLICE_X8Y79          FDCE                                         r  Control_path/U1/U1/pixel_reg_reg[1]/C
                         clock pessimism             -0.269     0.566    
    SLICE_X8Y79          FDCE (Hold_fdce_C_D)         0.131     0.697    Control_path/U1/U1/pixel_reg_reg[1]
  -------------------------------------------------------------------
                         required time                         -0.697    
                         arrival time                           0.959    
  -------------------------------------------------------------------
                         slack                                  0.262    

Slack (MET) :             0.262ns  (arrival time - required time)
  Source:                 Control_path/U1/U1/pixel_reg_reg[0]/C
                            (rising edge-triggered cell FDCE clocked by clk_out1_clk_25  {rise@0.000ns fall@20.000ns period=40.000ns})
  Destination:            Control_path/U1/U1/pixel_reg_reg[3]/D
                            (rising edge-triggered cell FDCE clocked by clk_out1_clk_25  {rise@0.000ns fall@20.000ns period=40.000ns})
  Path Group:             clk_out1_clk_25
  Path Type:              Hold (Min at Fast Process Corner)
  Requirement:            0.000ns  (clk_out1_clk_25 rise@0.000ns - clk_out1_clk_25 rise@0.000ns)
  Data Path Delay:        0.393ns  (logic 0.207ns (52.626%)  route 0.186ns (47.374%))
  Logic Levels:           1  (LUT4=1)
  Clock Path Skew:        0.000ns (DCD - SCD - CPR)
    Destination Clock Delay (DCD):    0.835ns
    Source Clock Delay      (SCD):    0.566ns
    Clock Pessimism Removal (CPR):    0.269ns

    Location             Delay type                Incr(ns)  Path(ns)    Netlist Resource(s)
  -------------------------------------------------------------------    -------------------
                         (clock clk_out1_clk_25 rise edge)
                                                      0.000     0.000 r  
    BUFGCTRL_X0Y16       BUFG                         0.000     0.000 r  clk_IBUF_BUFG_inst/O
                         net (fo=186, routed)         0.558     0.558    c25/inst/clk_in1
    MMCME2_ADV_X0Y1      MMCME2_ADV (Prop_mmcme2_adv_CLKIN1_CLKOUT0)
                                                     -1.077    -0.519 r  c25/inst/mmcm_adv_inst/CLKOUT0
                         net (fo=1, routed)           0.495    -0.024    c25/inst/clk_out1_clk_25
    BUFGCTRL_X0Y0        BUFG (Prop_bufg_I_O)         0.026     0.002 r  c25/inst/clkout1_buf/O
                         net (fo=40, routed)          0.564     0.566    Control_path/U1/U1/CLK
    SLICE_X8Y79          FDCE                                         r  Control_path/U1/U1/pixel_reg_reg[0]/C
  -------------------------------------------------------------------    -------------------
    SLICE_X8Y79          FDCE (Prop_fdce_C_Q)         0.164     0.730 r  Control_path/U1/U1/pixel_reg_reg[0]/Q
                         net (fo=24, routed)          0.186     0.916    Control_path/U1/U1/Q[0]
    SLICE_X8Y79          LUT4 (Prop_lut4_I1_O)        0.043     0.959 r  Control_path/U1/U1/pixel_reg[3]_i_1/O
                         net (fo=1, routed)           0.000     0.959    Control_path/U1/U1/pixel_next[3]
    SLICE_X8Y79          FDCE                                         r  Control_path/U1/U1/pixel_reg_reg[3]/D
  -------------------------------------------------------------------    -------------------

                         (clock clk_out1_clk_25 rise edge)
                                                      0.000     0.000 r  
    BUFGCTRL_X0Y16       BUFG                         0.000     0.000 r  clk_IBUF_BUFG_inst/O
                         net (fo=186, routed)         0.828     0.828    c25/inst/clk_in1
    MMCME2_ADV_X0Y1      MMCME2_ADV (Prop_mmcme2_adv_CLKIN1_CLKOUT0)
                                                     -1.394    -0.567 r  c25/inst/mmcm_adv_inst/CLKOUT0
                         net (fo=1, routed)           0.540    -0.027    c25/inst/clk_out1_clk_25
    BUFGCTRL_X0Y0        BUFG (Prop_bufg_I_O)         0.029     0.002 r  c25/inst/clkout1_buf/O
                         net (fo=40, routed)          0.833     0.835    Control_path/U1/U1/CLK
    SLICE_X8Y79          FDCE                                         r  Control_path/U1/U1/pixel_reg_reg[3]/C
                         clock pessimism             -0.269     0.566    
    SLICE_X8Y79          FDCE (Hold_fdce_C_D)         0.131     0.697    Control_path/U1/U1/pixel_reg_reg[3]
  -------------------------------------------------------------------
                         required time                         -0.697    
                         arrival time                           0.959    
  -------------------------------------------------------------------
                         slack                                  0.262    

Slack (MET) :             0.267ns  (arrival time - required time)
  Source:                 Control_path/U1/U2/pixel_reg_reg[0]/C
                            (rising edge-triggered cell FDCE clocked by clk_out1_clk_25  {rise@0.000ns fall@20.000ns period=40.000ns})
  Destination:            Control_path/U1/U2/pixel_reg_reg[1]/D
                            (rising edge-triggered cell FDCE clocked by clk_out1_clk_25  {rise@0.000ns fall@20.000ns period=40.000ns})
  Path Group:             clk_out1_clk_25
  Path Type:              Hold (Min at Fast Process Corner)
  Requirement:            0.000ns  (clk_out1_clk_25 rise@0.000ns - clk_out1_clk_25 rise@0.000ns)
  Data Path Delay:        0.400ns  (logic 0.209ns (52.253%)  route 0.191ns (47.747%))
  Logic Levels:           1  (LUT2=1)
  Clock Path Skew:        0.013ns (DCD - SCD - CPR)
    Destination Clock Delay (DCD):    0.837ns
    Source Clock Delay      (SCD):    0.569ns
    Clock Pessimism Removal (CPR):    0.255ns

    Location             Delay type                Incr(ns)  Path(ns)    Netlist Resource(s)
  -------------------------------------------------------------------    -------------------
                         (clock clk_out1_clk_25 rise edge)
                                                      0.000     0.000 r  
    BUFGCTRL_X0Y16       BUFG                         0.000     0.000 r  clk_IBUF_BUFG_inst/O
                         net (fo=186, routed)         0.558     0.558    c25/inst/clk_in1
    MMCME2_ADV_X0Y1      MMCME2_ADV (Prop_mmcme2_adv_CLKIN1_CLKOUT0)
                                                     -1.077    -0.519 r  c25/inst/mmcm_adv_inst/CLKOUT0
                         net (fo=1, routed)           0.495    -0.024    c25/inst/clk_out1_clk_25
    BUFGCTRL_X0Y0        BUFG (Prop_bufg_I_O)         0.026     0.002 r  c25/inst/clkout1_buf/O
                         net (fo=40, routed)          0.567     0.569    Control_path/U1/U2/CLK
    SLICE_X12Y82         FDCE                                         r  Control_path/U1/U2/pixel_reg_reg[0]/C
  -------------------------------------------------------------------    -------------------
    SLICE_X12Y82         FDCE (Prop_fdce_C_Q)         0.164     0.733 r  Control_path/U1/U2/pixel_reg_reg[0]/Q
                         net (fo=25, routed)          0.191     0.924    Control_path/U1/U2/Q[0]
    SLICE_X12Y81         LUT2 (Prop_lut2_I0_O)        0.045     0.969 r  Control_path/U1/U2/pixel_reg[1]_i_1__0/O
                         net (fo=1, routed)           0.000     0.969    Control_path/U1/U2/pixel_next__0[1]
    SLICE_X12Y81         FDCE                                         r  Control_path/U1/U2/pixel_reg_reg[1]/D
  -------------------------------------------------------------------    -------------------

                         (clock clk_out1_clk_25 rise edge)
                                                      0.000     0.000 r  
    BUFGCTRL_X0Y16       BUFG                         0.000     0.000 r  clk_IBUF_BUFG_inst/O
                         net (fo=186, routed)         0.828     0.828    c25/inst/clk_in1
    MMCME2_ADV_X0Y1      MMCME2_ADV (Prop_mmcme2_adv_CLKIN1_CLKOUT0)
                                                     -1.394    -0.567 r  c25/inst/mmcm_adv_inst/CLKOUT0
                         net (fo=1, routed)           0.540    -0.027    c25/inst/clk_out1_clk_25
    BUFGCTRL_X0Y0        BUFG (Prop_bufg_I_O)         0.029     0.002 r  c25/inst/clkout1_buf/O
                         net (fo=40, routed)          0.835     0.837    Control_path/U1/U2/CLK
    SLICE_X12Y81         FDCE                                         r  Control_path/U1/U2/pixel_reg_reg[1]/C
                         clock pessimism             -0.255     0.582    
    SLICE_X12Y81         FDCE (Hold_fdce_C_D)         0.120     0.702    Control_path/U1/U2/pixel_reg_reg[1]
  -------------------------------------------------------------------
                         required time                         -0.702    
                         arrival time                           0.969    
  -------------------------------------------------------------------
                         slack                                  0.267    

Slack (MET) :             0.274ns  (arrival time - required time)
  Source:                 Control_path/U1/U1/pixel_reg_reg[0]/C
                            (rising edge-triggered cell FDCE clocked by clk_out1_clk_25  {rise@0.000ns fall@20.000ns period=40.000ns})
  Destination:            Control_path/U1/U1/pixel_reg_reg[2]/D
                            (rising edge-triggered cell FDCE clocked by clk_out1_clk_25  {rise@0.000ns fall@20.000ns period=40.000ns})
  Path Group:             clk_out1_clk_25
  Path Type:              Hold (Min at Fast Process Corner)
  Requirement:            0.000ns  (clk_out1_clk_25 rise@0.000ns - clk_out1_clk_25 rise@0.000ns)
  Data Path Delay:        0.395ns  (logic 0.209ns (52.866%)  route 0.186ns (47.134%))
  Logic Levels:           1  (LUT3=1)
  Clock Path Skew:        0.000ns (DCD - SCD - CPR)
    Destination Clock Delay (DCD):    0.835ns
    Source Clock Delay      (SCD):    0.566ns
    Clock Pessimism Removal (CPR):    0.269ns

    Location             Delay type                Incr(ns)  Path(ns)    Netlist Resource(s)
  -------------------------------------------------------------------    -------------------
                         (clock clk_out1_clk_25 rise edge)
                                                      0.000     0.000 r  
    BUFGCTRL_X0Y16       BUFG                         0.000     0.000 r  clk_IBUF_BUFG_inst/O
                         net (fo=186, routed)         0.558     0.558    c25/inst/clk_in1
    MMCME2_ADV_X0Y1      MMCME2_ADV (Prop_mmcme2_adv_CLKIN1_CLKOUT0)
                                                     -1.077    -0.519 r  c25/inst/mmcm_adv_inst/CLKOUT0
                         net (fo=1, routed)           0.495    -0.024    c25/inst/clk_out1_clk_25
    BUFGCTRL_X0Y0        BUFG (Prop_bufg_I_O)         0.026     0.002 r  c25/inst/clkout1_buf/O
                         net (fo=40, routed)          0.564     0.566    Control_path/U1/U1/CLK
    SLICE_X8Y79          FDCE                                         r  Control_path/U1/U1/pixel_reg_reg[0]/C
  -------------------------------------------------------------------    -------------------
    SLICE_X8Y79          FDCE (Prop_fdce_C_Q)         0.164     0.730 r  Control_path/U1/U1/pixel_reg_reg[0]/Q
                         net (fo=24, routed)          0.186     0.916    Control_path/U1/U1/Q[0]
    SLICE_X8Y79          LUT3 (Prop_lut3_I0_O)        0.045     0.961 r  Control_path/U1/U1/pixel_reg[2]_i_1/O
                         net (fo=1, routed)           0.000     0.961    Control_path/U1/U1/pixel_next[2]
    SLICE_X8Y79          FDCE                                         r  Control_path/U1/U1/pixel_reg_reg[2]/D
  -------------------------------------------------------------------    -------------------

                         (clock clk_out1_clk_25 rise edge)
                                                      0.000     0.000 r  
    BUFGCTRL_X0Y16       BUFG                         0.000     0.000 r  clk_IBUF_BUFG_inst/O
                         net (fo=186, routed)         0.828     0.828    c25/inst/clk_in1
    MMCME2_ADV_X0Y1      MMCME2_ADV (Prop_mmcme2_adv_CLKIN1_CLKOUT0)
                                                     -1.394    -0.567 r  c25/inst/mmcm_adv_inst/CLKOUT0
                         net (fo=1, routed)           0.540    -0.027    c25/inst/clk_out1_clk_25
    BUFGCTRL_X0Y0        BUFG (Prop_bufg_I_O)         0.029     0.002 r  c25/inst/clkout1_buf/O
                         net (fo=40, routed)          0.833     0.835    Control_path/U1/U1/CLK
    SLICE_X8Y79          FDCE                                         r  Control_path/U1/U1/pixel_reg_reg[2]/C
                         clock pessimism             -0.269     0.566    
    SLICE_X8Y79          FDCE (Hold_fdce_C_D)         0.121     0.687    Control_path/U1/U1/pixel_reg_reg[2]
  -------------------------------------------------------------------
                         required time                         -0.687    
                         arrival time                           0.961    
  -------------------------------------------------------------------
                         slack                                  0.274    

Slack (MET) :             0.274ns  (arrival time - required time)
  Source:                 Control_path/U1/U1/pixel_reg_reg[8]/C
                            (rising edge-triggered cell FDCE clocked by clk_out1_clk_25  {rise@0.000ns fall@20.000ns period=40.000ns})
  Destination:            Control_path/U1/U1/pixel_reg_reg[9]/D
                            (rising edge-triggered cell FDCE clocked by clk_out1_clk_25  {rise@0.000ns fall@20.000ns period=40.000ns})
  Path Group:             clk_out1_clk_25
  Path Type:              Hold (Min at Fast Process Corner)
  Requirement:            0.000ns  (clk_out1_clk_25 rise@0.000ns - clk_out1_clk_25 rise@0.000ns)
  Data Path Delay:        0.405ns  (logic 0.207ns (51.051%)  route 0.198ns (48.949%))
  Logic Levels:           1  (LUT4=1)
  Clock Path Skew:        0.000ns (DCD - SCD - CPR)
    Destination Clock Delay (DCD):    0.837ns
    Source Clock Delay      (SCD):    0.568ns
    Clock Pessimism Removal (CPR):    0.269ns

    Location             Delay type                Incr(ns)  Path(ns)    Netlist Resource(s)
  -------------------------------------------------------------------    -------------------
                         (clock clk_out1_clk_25 rise edge)
                                                      0.000     0.000 r  
    BUFGCTRL_X0Y16       BUFG                         0.000     0.000 r  clk_IBUF_BUFG_inst/O
                         net (fo=186, routed)         0.558     0.558    c25/inst/clk_in1
    MMCME2_ADV_X0Y1      MMCME2_ADV (Prop_mmcme2_adv_CLKIN1_CLKOUT0)
                                                     -1.077    -0.519 r  c25/inst/mmcm_adv_inst/CLKOUT0
                         net (fo=1, routed)           0.495    -0.024    c25/inst/clk_out1_clk_25
    BUFGCTRL_X0Y0        BUFG (Prop_bufg_I_O)         0.026     0.002 r  c25/inst/clkout1_buf/O
                         net (fo=40, routed)          0.566     0.568    Control_path/U1/U1/CLK
    SLICE_X10Y81         FDCE                                         r  Control_path/U1/U1/pixel_reg_reg[8]/C
  -------------------------------------------------------------------    -------------------
    SLICE_X10Y81         FDCE (Prop_fdce_C_Q)         0.164     0.732 r  Control_path/U1/U1/pixel_reg_reg[8]/Q
                         net (fo=6, routed)           0.198     0.930    Control_path/U1/U1/pixel_x__0[8]
    SLICE_X10Y81         LUT4 (Prop_lut4_I2_O)        0.043     0.973 r  Control_path/U1/U1/pixel_reg[9]_i_1__0/O
                         net (fo=1, routed)           0.000     0.973    Control_path/U1/U1/pixel_reg[9]_i_1__0_n_0
    SLICE_X10Y81         FDCE                                         r  Control_path/U1/U1/pixel_reg_reg[9]/D
  -------------------------------------------------------------------    -------------------

                         (clock clk_out1_clk_25 rise edge)
                                                      0.000     0.000 r  
    BUFGCTRL_X0Y16       BUFG                         0.000     0.000 r  clk_IBUF_BUFG_inst/O
                         net (fo=186, routed)         0.828     0.828    c25/inst/clk_in1
    MMCME2_ADV_X0Y1      MMCME2_ADV (Prop_mmcme2_adv_CLKIN1_CLKOUT0)
                                                     -1.394    -0.567 r  c25/inst/mmcm_adv_inst/CLKOUT0
                         net (fo=1, routed)           0.540    -0.027    c25/inst/clk_out1_clk_25
    BUFGCTRL_X0Y0        BUFG (Prop_bufg_I_O)         0.029     0.002 r  c25/inst/clkout1_buf/O
                         net (fo=40, routed)          0.835     0.837    Control_path/U1/U1/CLK
    SLICE_X10Y81         FDCE                                         r  Control_path/U1/U1/pixel_reg_reg[9]/C
                         clock pessimism             -0.269     0.568    
    SLICE_X10Y81         FDCE (Hold_fdce_C_D)         0.131     0.699    Control_path/U1/U1/pixel_reg_reg[9]
  -------------------------------------------------------------------
                         required time                         -0.699    
                         arrival time                           0.973    
  -------------------------------------------------------------------
                         slack                                  0.274    

Slack (MET) :             0.275ns  (arrival time - required time)
  Source:                 Control_path/U1/U1/pixel_reg_reg[0]/C
                            (rising edge-triggered cell FDCE clocked by clk_out1_clk_25  {rise@0.000ns fall@20.000ns period=40.000ns})
  Destination:            Control_path/U1/U1/pixel_reg_reg[0]/D
                            (rising edge-triggered cell FDCE clocked by clk_out1_clk_25  {rise@0.000ns fall@20.000ns period=40.000ns})
  Path Group:             clk_out1_clk_25
  Path Type:              Hold (Min at Fast Process Corner)
  Requirement:            0.000ns  (clk_out1_clk_25 rise@0.000ns - clk_out1_clk_25 rise@0.000ns)
  Data Path Delay:        0.395ns  (logic 0.209ns (52.866%)  route 0.186ns (47.134%))
  Logic Levels:           1  (LUT1=1)
  Clock Path Skew:        0.000ns (DCD - SCD - CPR)
    Destination Clock Delay (DCD):    0.835ns
    Source Clock Delay      (SCD):    0.566ns
    Clock Pessimism Removal (CPR):    0.269ns

    Location             Delay type                Incr(ns)  Path(ns)    Netlist Resource(s)
  -------------------------------------------------------------------    -------------------
                         (clock clk_out1_clk_25 rise edge)
                                                      0.000     0.000 r  
    BUFGCTRL_X0Y16       BUFG                         0.000     0.000 r  clk_IBUF_BUFG_inst/O
                         net (fo=186, routed)         0.558     0.558    c25/inst/clk_in1
    MMCME2_ADV_X0Y1      MMCME2_ADV (Prop_mmcme2_adv_CLKIN1_CLKOUT0)
                                                     -1.077    -0.519 r  c25/inst/mmcm_adv_inst/CLKOUT0
                         net (fo=1, routed)           0.495    -0.024    c25/inst/clk_out1_clk_25
    BUFGCTRL_X0Y0        BUFG (Prop_bufg_I_O)         0.026     0.002 r  c25/inst/clkout1_buf/O
                         net (fo=40, routed)          0.564     0.566    Control_path/U1/U1/CLK
    SLICE_X8Y79          FDCE                                         r  Control_path/U1/U1/pixel_reg_reg[0]/C
  -------------------------------------------------------------------    -------------------
    SLICE_X8Y79          FDCE (Prop_fdce_C_Q)         0.164     0.730 f  Control_path/U1/U1/pixel_reg_reg[0]/Q
                         net (fo=24, routed)          0.186     0.916    Control_path/U1/U1/Q[0]
    SLICE_X8Y79          LUT1 (Prop_lut1_I0_O)        0.045     0.961 r  Control_path/U1/U1/pixel_reg[0]_i_1/O
                         net (fo=1, routed)           0.000     0.961    Control_path/U1/U1/pixel_next[0]
    SLICE_X8Y79          FDCE                                         r  Control_path/U1/U1/pixel_reg_reg[0]/D
  -------------------------------------------------------------------    -------------------

                         (clock clk_out1_clk_25 rise edge)
                                                      0.000     0.000 r  
    BUFGCTRL_X0Y16       BUFG                         0.000     0.000 r  clk_IBUF_BUFG_inst/O
                         net (fo=186, routed)         0.828     0.828    c25/inst/clk_in1
    MMCME2_ADV_X0Y1      MMCME2_ADV (Prop_mmcme2_adv_CLKIN1_CLKOUT0)
                                                     -1.394    -0.567 r  c25/inst/mmcm_adv_inst/CLKOUT0
                         net (fo=1, routed)           0.540    -0.027    c25/inst/clk_out1_clk_25
    BUFGCTRL_X0Y0        BUFG (Prop_bufg_I_O)         0.029     0.002 r  c25/inst/clkout1_buf/O
                         net (fo=40, routed)          0.833     0.835    Control_path/U1/U1/CLK
    SLICE_X8Y79          FDCE                                         r  Control_path/U1/U1/pixel_reg_reg[0]/C
                         clock pessimism             -0.269     0.566    
    SLICE_X8Y79          FDCE (Hold_fdce_C_D)         0.120     0.686    Control_path/U1/U1/pixel_reg_reg[0]
  -------------------------------------------------------------------
                         required time                         -0.686    
                         arrival time                           0.961    
  -------------------------------------------------------------------
                         slack                                  0.275    





Pulse Width Checks
--------------------------------------------------------------------------------------
Clock Name:         clk_out1_clk_25
Waveform(ns):       { 0.000 20.000 }
Period(ns):         40.000
Sources:            { c25/inst/mmcm_adv_inst/CLKOUT0 }

Check Type        Corner  Lib Pin             Reference Pin  Required(ns)  Actual(ns)  Slack(ns)  Location         Pin
Min Period        n/a     BUFG/I              n/a            2.155         40.000      37.845     BUFGCTRL_X0Y0    c25/inst/clkout1_buf/I
Min Period        n/a     MMCME2_ADV/CLKOUT0  n/a            1.249         40.000      38.751     MMCME2_ADV_X0Y1  c25/inst/mmcm_adv_inst/CLKOUT0
Min Period        n/a     FDRE/C              n/a            1.000         40.000      39.000     SLICE_X8Y103     Control_path/VGA_R_reg[0]/C
Min Period        n/a     FDRE/C              n/a            1.000         40.000      39.000     SLICE_X8Y103     Control_path/VGA_R_reg[0]_lopt_replica/C
Min Period        n/a     FDRE/C              n/a            1.000         40.000      39.000     SLICE_X8Y103     Control_path/VGA_R_reg[0]_lopt_replica_2/C
Min Period        n/a     FDRE/C              n/a            1.000         40.000      39.000     SLICE_X8Y103     Control_path/VGA_R_reg[1]/C
Min Period        n/a     FDRE/C              n/a            1.000         40.000      39.000     SLICE_X9Y103     Control_path/VGA_R_reg[1]_lopt_replica/C
Min Period        n/a     FDRE/C              n/a            1.000         40.000      39.000     SLICE_X9Y103     Control_path/VGA_R_reg[1]_lopt_replica_2/C
Min Period        n/a     FDRE/C              n/a            1.000         40.000      39.000     SLICE_X11Y102    Control_path/VGA_R_reg[2]/C
Min Period        n/a     FDRE/C              n/a            1.000         40.000      39.000     SLICE_X11Y102    Control_path/VGA_R_reg[2]_lopt_replica/C
Max Period        n/a     MMCME2_ADV/CLKOUT0  n/a            213.360       40.000      173.360    MMCME2_ADV_X0Y1  c25/inst/mmcm_adv_inst/CLKOUT0
Low Pulse Width   Slow    FDRE/C              n/a            0.500         20.000      19.500     SLICE_X8Y103     Control_path/VGA_R_reg[0]/C
Low Pulse Width   Fast    FDRE/C              n/a            0.500         20.000      19.500     SLICE_X8Y103     Control_path/VGA_R_reg[0]/C
Low Pulse Width   Slow    FDRE/C              n/a            0.500         20.000      19.500     SLICE_X8Y103     Control_path/VGA_R_reg[0]_lopt_replica/C
Low Pulse Width   Fast    FDRE/C              n/a            0.500         20.000      19.500     SLICE_X8Y103     Control_path/VGA_R_reg[0]_lopt_replica/C
Low Pulse Width   Slow    FDRE/C              n/a            0.500         20.000      19.500     SLICE_X8Y103     Control_path/VGA_R_reg[0]_lopt_replica_2/C
Low Pulse Width   Fast    FDRE/C              n/a            0.500         20.000      19.500     SLICE_X8Y103     Control_path/VGA_R_reg[0]_lopt_replica_2/C
Low Pulse Width   Slow    FDRE/C              n/a            0.500         20.000      19.500     SLICE_X8Y103     Control_path/VGA_R_reg[1]/C
Low Pulse Width   Fast    FDRE/C              n/a            0.500         20.000      19.500     SLICE_X8Y103     Control_path/VGA_R_reg[1]/C
Low Pulse Width   Slow    FDRE/C              n/a            0.500         20.000      19.500     SLICE_X9Y103     Control_path/VGA_R_reg[1]_lopt_replica/C
Low Pulse Width   Fast    FDRE/C              n/a            0.500         20.000      19.500     SLICE_X9Y103     Control_path/VGA_R_reg[1]_lopt_replica/C
High Pulse Width  Slow    FDRE/C              n/a            0.500         20.000      19.500     SLICE_X8Y103     Control_path/VGA_R_reg[0]/C
High Pulse Width  Fast    FDRE/C              n/a            0.500         20.000      19.500     SLICE_X8Y103     Control_path/VGA_R_reg[0]/C
High Pulse Width  Slow    FDRE/C              n/a            0.500         20.000      19.500     SLICE_X8Y103     Control_path/VGA_R_reg[0]_lopt_replica/C
High Pulse Width  Fast    FDRE/C              n/a            0.500         20.000      19.500     SLICE_X8Y103     Control_path/VGA_R_reg[0]_lopt_replica/C
High Pulse Width  Slow    FDRE/C              n/a            0.500         20.000      19.500     SLICE_X8Y103     Control_path/VGA_R_reg[0]_lopt_replica_2/C
High Pulse Width  Fast    FDRE/C              n/a            0.500         20.000      19.500     SLICE_X8Y103     Control_path/VGA_R_reg[0]_lopt_replica_2/C
High Pulse Width  Slow    FDRE/C              n/a            0.500         20.000      19.500     SLICE_X8Y103     Control_path/VGA_R_reg[1]/C
High Pulse Width  Fast    FDRE/C              n/a            0.500         20.000      19.500     SLICE_X8Y103     Control_path/VGA_R_reg[1]/C
High Pulse Width  Slow    FDRE/C              n/a            0.500         20.000      19.500     SLICE_X9Y103     Control_path/VGA_R_reg[1]_lopt_replica/C
High Pulse Width  Fast    FDRE/C              n/a            0.500         20.000      19.500     SLICE_X9Y103     Control_path/VGA_R_reg[1]_lopt_replica/C



---------------------------------------------------------------------------------------------------
From Clock:  clkfbout_clk_25
  To Clock:  clkfbout_clk_25

Setup :           NA  Failing Endpoints,  Worst Slack           NA  ,  Total Violation           NA
Hold  :           NA  Failing Endpoints,  Worst Slack           NA  ,  Total Violation           NA
PW    :            0  Failing Endpoints,  Worst Slack        7.845ns,  Total Violation        0.000ns
---------------------------------------------------------------------------------------------------


Pulse Width Checks
--------------------------------------------------------------------------------------
Clock Name:         clkfbout_clk_25
Waveform(ns):       { 0.000 5.000 }
Period(ns):         10.000
Sources:            { c25/inst/mmcm_adv_inst/CLKFBOUT }

Check Type  Corner  Lib Pin              Reference Pin  Required(ns)  Actual(ns)  Slack(ns)  Location         Pin
Min Period  n/a     BUFG/I               n/a            2.155         10.000      7.845      BUFGCTRL_X0Y2    c25/inst/clkf_buf/I
Min Period  n/a     MMCME2_ADV/CLKFBOUT  n/a            1.249         10.000      8.751      MMCME2_ADV_X0Y1  c25/inst/mmcm_adv_inst/CLKFBOUT
Min Period  n/a     MMCME2_ADV/CLKFBIN   n/a            1.249         10.000      8.751      MMCME2_ADV_X0Y1  c25/inst/mmcm_adv_inst/CLKFBIN
Max Period  n/a     MMCME2_ADV/CLKFBIN   n/a            100.000       10.000      90.000     MMCME2_ADV_X0Y1  c25/inst/mmcm_adv_inst/CLKFBIN
Max Period  n/a     MMCME2_ADV/CLKFBOUT  n/a            213.360       10.000      203.360    MMCME2_ADV_X0Y1  c25/inst/mmcm_adv_inst/CLKFBOUT



---------------------------------------------------------------------------------------------------
From Clock:  c50/inst/clk_in1
  To Clock:  c50/inst/clk_in1

Setup :           NA  Failing Endpoints,  Worst Slack           NA  ,  Total Violation           NA
Hold  :           NA  Failing Endpoints,  Worst Slack           NA  ,  Total Violation           NA
PW    :            0  Failing Endpoints,  Worst Slack        3.000ns,  Total Violation        0.000ns
---------------------------------------------------------------------------------------------------


Pulse Width Checks
--------------------------------------------------------------------------------------
Clock Name:         c50/inst/clk_in1
Waveform(ns):       { 0.000 5.000 }
Period(ns):         10.000
Sources:            { c50/inst/clk_in1 }

Check Type        Corner  Lib Pin            Reference Pin  Required(ns)  Actual(ns)  Slack(ns)  Location         Pin
Min Period        n/a     MMCME2_ADV/CLKIN1  n/a            1.249         10.000      8.751      MMCME2_ADV_X0Y0  c50/inst/mmcm_adv_inst/CLKIN1
Max Period        n/a     MMCME2_ADV/CLKIN1  n/a            100.000       10.000      90.000     MMCME2_ADV_X0Y0  c50/inst/mmcm_adv_inst/CLKIN1
Low Pulse Width   Slow    MMCME2_ADV/CLKIN1  n/a            2.000         5.000       3.000      MMCME2_ADV_X0Y0  c50/inst/mmcm_adv_inst/CLKIN1
Low Pulse Width   Fast    MMCME2_ADV/CLKIN1  n/a            2.000         5.000       3.000      MMCME2_ADV_X0Y0  c50/inst/mmcm_adv_inst/CLKIN1
High Pulse Width  Slow    MMCME2_ADV/CLKIN1  n/a            2.000         5.000       3.000      MMCME2_ADV_X0Y0  c50/inst/mmcm_adv_inst/CLKIN1
High Pulse Width  Fast    MMCME2_ADV/CLKIN1  n/a            2.000         5.000       3.000      MMCME2_ADV_X0Y0  c50/inst/mmcm_adv_inst/CLKIN1



---------------------------------------------------------------------------------------------------
From Clock:  clk_out1_clk_50
  To Clock:  clk_out1_clk_50

Setup :           NA  Failing Endpoints,  Worst Slack           NA  ,  Total Violation           NA
Hold  :           NA  Failing Endpoints,  Worst Slack           NA  ,  Total Violation           NA
PW    :            0  Failing Endpoints,  Worst Slack       17.108ns,  Total Violation        0.000ns
---------------------------------------------------------------------------------------------------


Pulse Width Checks
--------------------------------------------------------------------------------------
Clock Name:         clk_out1_clk_50
Waveform(ns):       { 0.000 10.000 }
Period(ns):         20.000
Sources:            { c50/inst/mmcm_adv_inst/CLKOUT0 }

Check Type  Corner  Lib Pin             Reference Pin  Required(ns)  Actual(ns)  Slack(ns)  Location         Pin
Min Period  n/a     RAMB36E1/CLKARDCLK  n/a            2.892         20.000      17.108     RAMB36_X0Y8      <hidden>
Min Period  n/a     RAMB36E1/CLKARDCLK  n/a            2.892         20.000      17.108     RAMB36_X0Y9      <hidden>
Min Period  n/a     RAMB36E1/CLKARDCLK  n/a            2.892         20.000      17.108     RAMB36_X0Y10     <hidden>
Min Period  n/a     RAMB36E1/CLKARDCLK  n/a            2.892         20.000      17.108     RAMB36_X0Y11     <hidden>
Min Period  n/a     RAMB36E1/CLKARDCLK  n/a            2.892         20.000      17.108     RAMB36_X0Y12     <hidden>
Min Period  n/a     RAMB36E1/CLKARDCLK  n/a            2.892         20.000      17.108     RAMB36_X0Y13     <hidden>
Min Period  n/a     RAMB36E1/CLKARDCLK  n/a            2.892         20.000      17.108     RAMB36_X0Y14     <hidden>
Min Period  n/a     RAMB36E1/CLKARDCLK  n/a            2.892         20.000      17.108     RAMB36_X0Y15     <hidden>
Min Period  n/a     RAMB36E1/CLKARDCLK  n/a            2.892         20.000      17.108     RAMB36_X0Y22     <hidden>
Min Period  n/a     RAMB36E1/CLKARDCLK  n/a            2.892         20.000      17.108     RAMB36_X0Y23     <hidden>
Max Period  n/a     MMCME2_ADV/CLKOUT0  n/a            213.360       20.000      193.360    MMCME2_ADV_X0Y0  c50/inst/mmcm_adv_inst/CLKOUT0



---------------------------------------------------------------------------------------------------
From Clock:  clkfbout_clk_50
  To Clock:  clkfbout_clk_50

Setup :           NA  Failing Endpoints,  Worst Slack           NA  ,  Total Violation           NA
Hold  :           NA  Failing Endpoints,  Worst Slack           NA  ,  Total Violation           NA
PW    :            0  Failing Endpoints,  Worst Slack        7.845ns,  Total Violation        0.000ns
---------------------------------------------------------------------------------------------------


Pulse Width Checks
--------------------------------------------------------------------------------------
Clock Name:         clkfbout_clk_50
Waveform(ns):       { 0.000 5.000 }
Period(ns):         10.000
Sources:            { c50/inst/mmcm_adv_inst/CLKFBOUT }

Check Type  Corner  Lib Pin              Reference Pin  Required(ns)  Actual(ns)  Slack(ns)  Location         Pin
Min Period  n/a     BUFG/I               n/a            2.155         10.000      7.845      BUFGCTRL_X0Y3    c50/inst/clkf_buf/I
Min Period  n/a     MMCME2_ADV/CLKFBOUT  n/a            1.249         10.000      8.751      MMCME2_ADV_X0Y0  c50/inst/mmcm_adv_inst/CLKFBOUT
Min Period  n/a     MMCME2_ADV/CLKFBIN   n/a            1.249         10.000      8.751      MMCME2_ADV_X0Y0  c50/inst/mmcm_adv_inst/CLKFBIN
Max Period  n/a     MMCME2_ADV/CLKFBIN   n/a            100.000       10.000      90.000     MMCME2_ADV_X0Y0  c50/inst/mmcm_adv_inst/CLKFBIN
Max Period  n/a     MMCME2_ADV/CLKFBOUT  n/a            213.360       10.000      203.360    MMCME2_ADV_X0Y0  c50/inst/mmcm_adv_inst/CLKFBOUT



---------------------------------------------------------------------------------------------------
From Clock:  sys_clk_pin
  To Clock:  sys_clk_pin

Setup :            0  Failing Endpoints,  Worst Slack        0.840ns,  Total Violation        0.000ns
Hold  :            0  Failing Endpoints,  Worst Slack        0.210ns,  Total Violation        0.000ns
PW    :            0  Failing Endpoints,  Worst Slack        4.500ns,  Total Violation        0.000ns
---------------------------------------------------------------------------------------------------


Max Delay Paths
--------------------------------------------------------------------------------------
Slack (MET) :             0.840ns  (required time - arrival time)
  Source:                 Control_path/v1/b1/lu_reg[0]/C
                            (rising edge-triggered cell FDRE clocked by sys_clk_pin  {rise@0.000ns fall@5.000ns period=10.000ns})
  Destination:            Control_path/v1/F2/data_out_reg[0]/D
                            (rising edge-triggered cell FDRE clocked by sys_clk_pin  {rise@0.000ns fall@5.000ns period=10.000ns})
  Path Group:             sys_clk_pin
  Path Type:              Setup (Max at Slow Process Corner)
  Requirement:            10.000ns  (sys_clk_pin rise@10.000ns - sys_clk_pin rise@0.000ns)
  Data Path Delay:        9.119ns  (logic 2.954ns (32.392%)  route 6.165ns (67.608%))
  Logic Levels:           9  (CARRY4=3 LUT2=1 LUT4=1 LUT5=1 LUT6=3)
  Clock Path Skew:        -0.034ns (DCD - SCD + CPR)
    Destination Clock Delay (DCD):    5.020ns = ( 15.020 - 10.000 ) 
    Source Clock Delay      (SCD):    5.313ns
    Clock Pessimism Removal (CPR):    0.259ns
  Clock Uncertainty:      0.035ns  ((TSJ^2 + TIJ^2)^1/2 + DJ) / 2 + PE
    Total System Jitter     (TSJ):    0.071ns
    Total Input Jitter      (TIJ):    0.000ns
    Discrete Jitter          (DJ):    0.000ns
    Phase Error              (PE):    0.000ns

    Location             Delay type                Incr(ns)  Path(ns)    Netlist Resource(s)
  -------------------------------------------------------------------    -------------------
                         (clock sys_clk_pin rise edge)
                                                      0.000     0.000 r  
    E3                                                0.000     0.000 r  clk (IN)
                         net (fo=0)                   0.000     0.000    clk
    E3                   IBUF (Prop_ibuf_I_O)         1.482     1.482 r  clk_IBUF_inst/O
                         net (fo=1, routed)           2.025     3.506    clk_IBUF
    BUFGCTRL_X0Y16       BUFG (Prop_bufg_I_O)         0.096     3.602 r  clk_IBUF_BUFG_inst/O
                         net (fo=186, routed)         1.710     5.313    Control_path/v1/b1/clk
    SLICE_X5Y78          FDRE                                         r  Control_path/v1/b1/lu_reg[0]/C
  -------------------------------------------------------------------    -------------------
    SLICE_X5Y78          FDRE (Prop_fdre_C_Q)         0.456     5.769 f  Control_path/v1/b1/lu_reg[0]/Q
                         net (fo=20, routed)          1.174     6.942    Control_path/v1/b1/lu2[0]
    SLICE_X5Y79          LUT2 (Prop_lut2_I1_O)        0.152     7.094 r  Control_path/v1/b1/result6__1_carry_i_26__0/O
                         net (fo=5, routed)           0.645     7.740    Control_path/v1/b1/result6__1_carry_i_26__0_n_0
    SLICE_X6Y79          LUT6 (Prop_lut6_I3_O)        0.332     8.072 r  Control_path/v1/b1/i___1_carry_i_10__0/O
                         net (fo=6, routed)           0.822     8.894    Control_path/v1/b1/i___1_carry_i_10__0_n_0
    SLICE_X5Y80          LUT6 (Prop_lut6_I4_O)        0.124     9.018 r  Control_path/v1/b1/i___1_carry_i_1__0/O
                         net (fo=1, routed)           0.615     9.633    Control_path/v1/F2/sobel_filter/result2_carry__0_i_8__0[2]
    SLICE_X4Y80          CARRY4 (Prop_carry4_DI[3]_CO[3])
                                                      0.385    10.018 r  Control_path/v1/F2/sobel_filter/result6_inferred__0/i___1_carry/CO[3]
                         net (fo=1, routed)           0.000    10.018    Control_path/v1/F2/sobel_filter/result6_inferred__0/i___1_carry_n_0
    SLICE_X4Y81          CARRY4 (Prop_carry4_CI_O[1])
                                                      0.334    10.352 r  Control_path/v1/F2/sobel_filter/result6_inferred__0/i___1_carry__0/O[1]
                         net (fo=3, routed)           1.014    11.366    Control_path/v1/b1/result6[5]
    SLICE_X2Y79          LUT6 (Prop_lut6_I0_O)        0.303    11.669 r  Control_path/v1/b1/result2_carry__0_i_1__0/O
                         net (fo=1, routed)           0.605    12.274    Control_path/v1/F2/sobel_filter/data_out[3]_i_2__0[2]
    SLICE_X3Y79          CARRY4 (Prop_carry4_DI[2]_O[3])
                                                      0.438    12.712 r  Control_path/v1/F2/sobel_filter/result2_carry__0/O[3]
                         net (fo=1, routed)           0.823    13.535    Control_path/v1/b1/data_out_reg[3]_0[3]
    SLICE_X3Y80          LUT4 (Prop_lut4_I1_O)        0.306    13.841 r  Control_path/v1/b1/data_out[3]_i_2__0/O
                         net (fo=4, routed)           0.467    14.308    Control_path/v1/b1/data_out[3]_i_2__0_n_0
    SLICE_X3Y82          LUT5 (Prop_lut5_I1_O)        0.124    14.432 r  Control_path/v1/b1/data_out[0]_i_1__0/O
                         net (fo=1, routed)           0.000    14.432    Control_path/v1/F2/D[0]
    SLICE_X3Y82          FDRE                                         r  Control_path/v1/F2/data_out_reg[0]/D
  -------------------------------------------------------------------    -------------------

                         (clock sys_clk_pin rise edge)
                                                     10.000    10.000 r  
    E3                                                0.000    10.000 r  clk (IN)
                         net (fo=0)                   0.000    10.000    clk
    E3                   IBUF (Prop_ibuf_I_O)         1.411    11.411 r  clk_IBUF_inst/O
                         net (fo=1, routed)           1.920    13.331    clk_IBUF
    BUFGCTRL_X0Y16       BUFG (Prop_bufg_I_O)         0.091    13.422 r  clk_IBUF_BUFG_inst/O
                         net (fo=186, routed)         1.597    15.020    Control_path/v1/F2/clk
    SLICE_X3Y82          FDRE                                         r  Control_path/v1/F2/data_out_reg[0]/C
                         clock pessimism              0.259    15.279    
                         clock uncertainty           -0.035    15.243    
    SLICE_X3Y82          FDRE (Setup_fdre_C_D)        0.029    15.272    Control_path/v1/F2/data_out_reg[0]
  -------------------------------------------------------------------
                         required time                         15.272    
                         arrival time                         -14.432    
  -------------------------------------------------------------------
                         slack                                  0.840    

Slack (MET) :             0.845ns  (required time - arrival time)
  Source:                 Control_path/v1/b1/lu_reg[0]/C
                            (rising edge-triggered cell FDRE clocked by sys_clk_pin  {rise@0.000ns fall@5.000ns period=10.000ns})
  Destination:            Control_path/v1/F2/data_out_reg[2]/D
                            (rising edge-triggered cell FDRE clocked by sys_clk_pin  {rise@0.000ns fall@5.000ns period=10.000ns})
  Path Group:             sys_clk_pin
  Path Type:              Setup (Max at Slow Process Corner)
  Requirement:            10.000ns  (sys_clk_pin rise@10.000ns - sys_clk_pin rise@0.000ns)
  Data Path Delay:        9.116ns  (logic 2.954ns (32.403%)  route 6.162ns (67.597%))
  Logic Levels:           9  (CARRY4=3 LUT2=1 LUT4=1 LUT5=1 LUT6=3)
  Clock Path Skew:        -0.034ns (DCD - SCD + CPR)
    Destination Clock Delay (DCD):    5.020ns = ( 15.020 - 10.000 ) 
    Source Clock Delay      (SCD):    5.313ns
    Clock Pessimism Removal (CPR):    0.259ns
  Clock Uncertainty:      0.035ns  ((TSJ^2 + TIJ^2)^1/2 + DJ) / 2 + PE
    Total System Jitter     (TSJ):    0.071ns
    Total Input Jitter      (TIJ):    0.000ns
    Discrete Jitter          (DJ):    0.000ns
    Phase Error              (PE):    0.000ns

    Location             Delay type                Incr(ns)  Path(ns)    Netlist Resource(s)
  -------------------------------------------------------------------    -------------------
                         (clock sys_clk_pin rise edge)
                                                      0.000     0.000 r  
    E3                                                0.000     0.000 r  clk (IN)
                         net (fo=0)                   0.000     0.000    clk
    E3                   IBUF (Prop_ibuf_I_O)         1.482     1.482 r  clk_IBUF_inst/O
                         net (fo=1, routed)           2.025     3.506    clk_IBUF
    BUFGCTRL_X0Y16       BUFG (Prop_bufg_I_O)         0.096     3.602 r  clk_IBUF_BUFG_inst/O
                         net (fo=186, routed)         1.710     5.313    Control_path/v1/b1/clk
    SLICE_X5Y78          FDRE                                         r  Control_path/v1/b1/lu_reg[0]/C
  -------------------------------------------------------------------    -------------------
    SLICE_X5Y78          FDRE (Prop_fdre_C_Q)         0.456     5.769 f  Control_path/v1/b1/lu_reg[0]/Q
                         net (fo=20, routed)          1.174     6.942    Control_path/v1/b1/lu2[0]
    SLICE_X5Y79          LUT2 (Prop_lut2_I1_O)        0.152     7.094 r  Control_path/v1/b1/result6__1_carry_i_26__0/O
                         net (fo=5, routed)           0.645     7.740    Control_path/v1/b1/result6__1_carry_i_26__0_n_0
    SLICE_X6Y79          LUT6 (Prop_lut6_I3_O)        0.332     8.072 r  Control_path/v1/b1/i___1_carry_i_10__0/O
                         net (fo=6, routed)           0.822     8.894    Control_path/v1/b1/i___1_carry_i_10__0_n_0
    SLICE_X5Y80          LUT6 (Prop_lut6_I4_O)        0.124     9.018 r  Control_path/v1/b1/i___1_carry_i_1__0/O
                         net (fo=1, routed)           0.615     9.633    Control_path/v1/F2/sobel_filter/result2_carry__0_i_8__0[2]
    SLICE_X4Y80          CARRY4 (Prop_carry4_DI[3]_CO[3])
                                                      0.385    10.018 r  Control_path/v1/F2/sobel_filter/result6_inferred__0/i___1_carry/CO[3]
                         net (fo=1, routed)           0.000    10.018    Control_path/v1/F2/sobel_filter/result6_inferred__0/i___1_carry_n_0
    SLICE_X4Y81          CARRY4 (Prop_carry4_CI_O[1])
                                                      0.334    10.352 r  Control_path/v1/F2/sobel_filter/result6_inferred__0/i___1_carry__0/O[1]
                         net (fo=3, routed)           1.014    11.366    Control_path/v1/b1/result6[5]
    SLICE_X2Y79          LUT6 (Prop_lut6_I0_O)        0.303    11.669 r  Control_path/v1/b1/result2_carry__0_i_1__0/O
                         net (fo=1, routed)           0.605    12.274    Control_path/v1/F2/sobel_filter/data_out[3]_i_2__0[2]
    SLICE_X3Y79          CARRY4 (Prop_carry4_DI[2]_O[3])
                                                      0.438    12.712 r  Control_path/v1/F2/sobel_filter/result2_carry__0/O[3]
                         net (fo=1, routed)           0.823    13.535    Control_path/v1/b1/data_out_reg[3]_0[3]
    SLICE_X3Y80          LUT4 (Prop_lut4_I1_O)        0.306    13.841 r  Control_path/v1/b1/data_out[3]_i_2__0/O
                         net (fo=4, routed)           0.464    14.305    Control_path/v1/b1/data_out[3]_i_2__0_n_0
    SLICE_X3Y82          LUT5 (Prop_lut5_I1_O)        0.124    14.429 r  Control_path/v1/b1/data_out[2]_i_1__0/O
                         net (fo=1, routed)           0.000    14.429    Control_path/v1/F2/D[2]
    SLICE_X3Y82          FDRE                                         r  Control_path/v1/F2/data_out_reg[2]/D
  -------------------------------------------------------------------    -------------------

                         (clock sys_clk_pin rise edge)
                                                     10.000    10.000 r  
    E3                                                0.000    10.000 r  clk (IN)
                         net (fo=0)                   0.000    10.000    clk
    E3                   IBUF (Prop_ibuf_I_O)         1.411    11.411 r  clk_IBUF_inst/O
                         net (fo=1, routed)           1.920    13.331    clk_IBUF
    BUFGCTRL_X0Y16       BUFG (Prop_bufg_I_O)         0.091    13.422 r  clk_IBUF_BUFG_inst/O
                         net (fo=186, routed)         1.597    15.020    Control_path/v1/F2/clk
    SLICE_X3Y82          FDRE                                         r  Control_path/v1/F2/data_out_reg[2]/C
                         clock pessimism              0.259    15.279    
                         clock uncertainty           -0.035    15.243    
    SLICE_X3Y82          FDRE (Setup_fdre_C_D)        0.031    15.274    Control_path/v1/F2/data_out_reg[2]
  -------------------------------------------------------------------
                         required time                         15.274    
                         arrival time                         -14.429    
  -------------------------------------------------------------------
                         slack                                  0.845    

Slack (MET) :             0.857ns  (required time - arrival time)
  Source:                 Control_path/v1/b1/lu_reg[0]/C
                            (rising edge-triggered cell FDRE clocked by sys_clk_pin  {rise@0.000ns fall@5.000ns period=10.000ns})
  Destination:            Control_path/v1/F2/data_out_reg[3]/D
                            (rising edge-triggered cell FDRE clocked by sys_clk_pin  {rise@0.000ns fall@5.000ns period=10.000ns})
  Path Group:             sys_clk_pin
  Path Type:              Setup (Max at Slow Process Corner)
  Requirement:            10.000ns  (sys_clk_pin rise@10.000ns - sys_clk_pin rise@0.000ns)
  Data Path Delay:        9.104ns  (logic 2.954ns (32.446%)  route 6.150ns (67.554%))
  Logic Levels:           9  (CARRY4=3 LUT2=1 LUT4=1 LUT5=1 LUT6=3)
  Clock Path Skew:        -0.034ns (DCD - SCD + CPR)
    Destination Clock Delay (DCD):    5.020ns = ( 15.020 - 10.000 ) 
    Source Clock Delay      (SCD):    5.313ns
    Clock Pessimism Removal (CPR):    0.259ns
  Clock Uncertainty:      0.035ns  ((TSJ^2 + TIJ^2)^1/2 + DJ) / 2 + PE
    Total System Jitter     (TSJ):    0.071ns
    Total Input Jitter      (TIJ):    0.000ns
    Discrete Jitter          (DJ):    0.000ns
    Phase Error              (PE):    0.000ns

    Location             Delay type                Incr(ns)  Path(ns)    Netlist Resource(s)
  -------------------------------------------------------------------    -------------------
                         (clock sys_clk_pin rise edge)
                                                      0.000     0.000 r  
    E3                                                0.000     0.000 r  clk (IN)
                         net (fo=0)                   0.000     0.000    clk
    E3                   IBUF (Prop_ibuf_I_O)         1.482     1.482 r  clk_IBUF_inst/O
                         net (fo=1, routed)           2.025     3.506    clk_IBUF
    BUFGCTRL_X0Y16       BUFG (Prop_bufg_I_O)         0.096     3.602 r  clk_IBUF_BUFG_inst/O
                         net (fo=186, routed)         1.710     5.313    Control_path/v1/b1/clk
    SLICE_X5Y78          FDRE                                         r  Control_path/v1/b1/lu_reg[0]/C
  -------------------------------------------------------------------    -------------------
    SLICE_X5Y78          FDRE (Prop_fdre_C_Q)         0.456     5.769 f  Control_path/v1/b1/lu_reg[0]/Q
                         net (fo=20, routed)          1.174     6.942    Control_path/v1/b1/lu2[0]
    SLICE_X5Y79          LUT2 (Prop_lut2_I1_O)        0.152     7.094 r  Control_path/v1/b1/result6__1_carry_i_26__0/O
                         net (fo=5, routed)           0.645     7.740    Control_path/v1/b1/result6__1_carry_i_26__0_n_0
    SLICE_X6Y79          LUT6 (Prop_lut6_I3_O)        0.332     8.072 r  Control_path/v1/b1/i___1_carry_i_10__0/O
                         net (fo=6, routed)           0.822     8.894    Control_path/v1/b1/i___1_carry_i_10__0_n_0
    SLICE_X5Y80          LUT6 (Prop_lut6_I4_O)        0.124     9.018 r  Control_path/v1/b1/i___1_carry_i_1__0/O
                         net (fo=1, routed)           0.615     9.633    Control_path/v1/F2/sobel_filter/result2_carry__0_i_8__0[2]
    SLICE_X4Y80          CARRY4 (Prop_carry4_DI[3]_CO[3])
                                                      0.385    10.018 r  Control_path/v1/F2/sobel_filter/result6_inferred__0/i___1_carry/CO[3]
                         net (fo=1, routed)           0.000    10.018    Control_path/v1/F2/sobel_filter/result6_inferred__0/i___1_carry_n_0
    SLICE_X4Y81          CARRY4 (Prop_carry4_CI_O[1])
                                                      0.334    10.352 r  Control_path/v1/F2/sobel_filter/result6_inferred__0/i___1_carry__0/O[1]
                         net (fo=3, routed)           1.014    11.366    Control_path/v1/b1/result6[5]
    SLICE_X2Y79          LUT6 (Prop_lut6_I0_O)        0.303    11.669 r  Control_path/v1/b1/result2_carry__0_i_1__0/O
                         net (fo=1, routed)           0.605    12.274    Control_path/v1/F2/sobel_filter/data_out[3]_i_2__0[2]
    SLICE_X3Y79          CARRY4 (Prop_carry4_DI[2]_O[3])
                                                      0.438    12.712 r  Control_path/v1/F2/sobel_filter/result2_carry__0/O[3]
                         net (fo=1, routed)           0.823    13.535    Control_path/v1/b1/data_out_reg[3]_0[3]
    SLICE_X3Y80          LUT4 (Prop_lut4_I1_O)        0.306    13.841 r  Control_path/v1/b1/data_out[3]_i_2__0/O
                         net (fo=4, routed)           0.452    14.293    Control_path/v1/b1/data_out[3]_i_2__0_n_0
    SLICE_X3Y82          LUT5 (Prop_lut5_I1_O)        0.124    14.417 r  Control_path/v1/b1/data_out[3]_i_1__0/O
                         net (fo=1, routed)           0.000    14.417    Control_path/v1/F2/D[3]
    SLICE_X3Y82          FDRE                                         r  Control_path/v1/F2/data_out_reg[3]/D
  -------------------------------------------------------------------    -------------------

                         (clock sys_clk_pin rise edge)
                                                     10.000    10.000 r  
    E3                                                0.000    10.000 r  clk (IN)
                         net (fo=0)                   0.000    10.000    clk
    E3                   IBUF (Prop_ibuf_I_O)         1.411    11.411 r  clk_IBUF_inst/O
                         net (fo=1, routed)           1.920    13.331    clk_IBUF
    BUFGCTRL_X0Y16       BUFG (Prop_bufg_I_O)         0.091    13.422 r  clk_IBUF_BUFG_inst/O
                         net (fo=186, routed)         1.597    15.020    Control_path/v1/F2/clk
    SLICE_X3Y82          FDRE                                         r  Control_path/v1/F2/data_out_reg[3]/C
                         clock pessimism              0.259    15.279    
                         clock uncertainty           -0.035    15.243    
    SLICE_X3Y82          FDRE (Setup_fdre_C_D)        0.031    15.274    Control_path/v1/F2/data_out_reg[3]
  -------------------------------------------------------------------
                         required time                         15.274    
                         arrival time                         -14.417    
  -------------------------------------------------------------------
                         slack                                  0.857    

Slack (MET) :             0.898ns  (required time - arrival time)
  Source:                 Control_path/v1/b1/lu_reg[0]/C
                            (rising edge-triggered cell FDRE clocked by sys_clk_pin  {rise@0.000ns fall@5.000ns period=10.000ns})
  Destination:            Control_path/v1/F2/data_out_reg[1]/D
                            (rising edge-triggered cell FDRE clocked by sys_clk_pin  {rise@0.000ns fall@5.000ns period=10.000ns})
  Path Group:             sys_clk_pin
  Path Type:              Setup (Max at Slow Process Corner)
  Requirement:            10.000ns  (sys_clk_pin rise@10.000ns - sys_clk_pin rise@0.000ns)
  Data Path Delay:        9.074ns  (logic 2.954ns (32.553%)  route 6.120ns (67.447%))
  Logic Levels:           9  (CARRY4=3 LUT2=1 LUT4=1 LUT5=1 LUT6=3)
  Clock Path Skew:        -0.021ns (DCD - SCD + CPR)
    Destination Clock Delay (DCD):    5.016ns = ( 15.016 - 10.000 ) 
    Source Clock Delay      (SCD):    5.313ns
    Clock Pessimism Removal (CPR):    0.276ns
  Clock Uncertainty:      0.035ns  ((TSJ^2 + TIJ^2)^1/2 + DJ) / 2 + PE
    Total System Jitter     (TSJ):    0.071ns
    Total Input Jitter      (TIJ):    0.000ns
    Discrete Jitter          (DJ):    0.000ns
    Phase Error              (PE):    0.000ns

    Location             Delay type                Incr(ns)  Path(ns)    Netlist Resource(s)
  -------------------------------------------------------------------    -------------------
                         (clock sys_clk_pin rise edge)
                                                      0.000     0.000 r  
    E3                                                0.000     0.000 r  clk (IN)
                         net (fo=0)                   0.000     0.000    clk
    E3                   IBUF (Prop_ibuf_I_O)         1.482     1.482 r  clk_IBUF_inst/O
                         net (fo=1, routed)           2.025     3.506    clk_IBUF
    BUFGCTRL_X0Y16       BUFG (Prop_bufg_I_O)         0.096     3.602 r  clk_IBUF_BUFG_inst/O
                         net (fo=186, routed)         1.710     5.313    Control_path/v1/b1/clk
    SLICE_X5Y78          FDRE                                         r  Control_path/v1/b1/lu_reg[0]/C
  -------------------------------------------------------------------    -------------------
    SLICE_X5Y78          FDRE (Prop_fdre_C_Q)         0.456     5.769 f  Control_path/v1/b1/lu_reg[0]/Q
                         net (fo=20, routed)          1.174     6.942    Control_path/v1/b1/lu2[0]
    SLICE_X5Y79          LUT2 (Prop_lut2_I1_O)        0.152     7.094 r  Control_path/v1/b1/result6__1_carry_i_26__0/O
                         net (fo=5, routed)           0.645     7.740    Control_path/v1/b1/result6__1_carry_i_26__0_n_0
    SLICE_X6Y79          LUT6 (Prop_lut6_I3_O)        0.332     8.072 r  Control_path/v1/b1/i___1_carry_i_10__0/O
                         net (fo=6, routed)           0.822     8.894    Control_path/v1/b1/i___1_carry_i_10__0_n_0
    SLICE_X5Y80          LUT6 (Prop_lut6_I4_O)        0.124     9.018 r  Control_path/v1/b1/i___1_carry_i_1__0/O
                         net (fo=1, routed)           0.615     9.633    Control_path/v1/F2/sobel_filter/result2_carry__0_i_8__0[2]
    SLICE_X4Y80          CARRY4 (Prop_carry4_DI[3]_CO[3])
                                                      0.385    10.018 r  Control_path/v1/F2/sobel_filter/result6_inferred__0/i___1_carry/CO[3]
                         net (fo=1, routed)           0.000    10.018    Control_path/v1/F2/sobel_filter/result6_inferred__0/i___1_carry_n_0
    SLICE_X4Y81          CARRY4 (Prop_carry4_CI_O[1])
                                                      0.334    10.352 r  Control_path/v1/F2/sobel_filter/result6_inferred__0/i___1_carry__0/O[1]
                         net (fo=3, routed)           1.014    11.366    Control_path/v1/b1/result6[5]
    SLICE_X2Y79          LUT6 (Prop_lut6_I0_O)        0.303    11.669 r  Control_path/v1/b1/result2_carry__0_i_1__0/O
                         net (fo=1, routed)           0.605    12.274    Control_path/v1/F2/sobel_filter/data_out[3]_i_2__0[2]
    SLICE_X3Y79          CARRY4 (Prop_carry4_DI[2]_O[3])
                                                      0.438    12.712 r  Control_path/v1/F2/sobel_filter/result2_carry__0/O[3]
                         net (fo=1, routed)           0.823    13.535    Control_path/v1/b1/data_out_reg[3]_0[3]
    SLICE_X3Y80          LUT4 (Prop_lut4_I1_O)        0.306    13.841 r  Control_path/v1/b1/data_out[3]_i_2__0/O
                         net (fo=4, routed)           0.422    14.263    Control_path/v1/b1/data_out[3]_i_2__0_n_0
    SLICE_X5Y81          LUT5 (Prop_lut5_I1_O)        0.124    14.387 r  Control_path/v1/b1/data_out[1]_i_1__0/O
                         net (fo=1, routed)           0.000    14.387    Control_path/v1/F2/D[1]
    SLICE_X5Y81          FDRE                                         r  Control_path/v1/F2/data_out_reg[1]/D
  -------------------------------------------------------------------    -------------------

                         (clock sys_clk_pin rise edge)
                                                     10.000    10.000 r  
    E3                                                0.000    10.000 r  clk (IN)
                         net (fo=0)                   0.000    10.000    clk
    E3                   IBUF (Prop_ibuf_I_O)         1.411    11.411 r  clk_IBUF_inst/O
                         net (fo=1, routed)           1.920    13.331    clk_IBUF
    BUFGCTRL_X0Y16       BUFG (Prop_bufg_I_O)         0.091    13.422 r  clk_IBUF_BUFG_inst/O
                         net (fo=186, routed)         1.593    15.016    Control_path/v1/F2/clk
    SLICE_X5Y81          FDRE                                         r  Control_path/v1/F2/data_out_reg[1]/C
                         clock pessimism              0.276    15.292    
                         clock uncertainty           -0.035    15.256    
    SLICE_X5Y81          FDRE (Setup_fdre_C_D)        0.029    15.285    Control_path/v1/F2/data_out_reg[1]
  -------------------------------------------------------------------
                         required time                         15.285    
                         arrival time                         -14.387    
  -------------------------------------------------------------------
                         slack                                  0.898    

Slack (MET) :             1.068ns  (required time - arrival time)
  Source:                 Control_path/v1/b2/lu_reg[2]/C
                            (rising edge-triggered cell FDRE clocked by sys_clk_pin  {rise@0.000ns fall@5.000ns period=10.000ns})
  Destination:            Control_path/v1/F1/data_out_reg[3]/D
                            (rising edge-triggered cell FDRE clocked by sys_clk_pin  {rise@0.000ns fall@5.000ns period=10.000ns})
  Path Group:             sys_clk_pin
  Path Type:              Setup (Max at Slow Process Corner)
  Requirement:            10.000ns  (sys_clk_pin rise@10.000ns - sys_clk_pin rise@0.000ns)
  Data Path Delay:        8.959ns  (logic 3.600ns (40.181%)  route 5.359ns (59.819%))
  Logic Levels:           11  (CARRY4=4 LUT3=1 LUT4=1 LUT5=3 LUT6=2)
  Clock Path Skew:        0.034ns (DCD - SCD + CPR)
    Destination Clock Delay (DCD):    5.018ns = ( 15.018 - 10.000 ) 
    Source Clock Delay      (SCD):    5.243ns
    Clock Pessimism Removal (CPR):    0.259ns
  Clock Uncertainty:      0.035ns  ((TSJ^2 + TIJ^2)^1/2 + DJ) / 2 + PE
    Total System Jitter     (TSJ):    0.071ns
    Total Input Jitter      (TIJ):    0.000ns
    Discrete Jitter          (DJ):    0.000ns
    Phase Error              (PE):    0.000ns

    Location             Delay type                Incr(ns)  Path(ns)    Netlist Resource(s)
  -------------------------------------------------------------------    -------------------
                         (clock sys_clk_pin rise edge)
                                                      0.000     0.000 r  
    E3                                                0.000     0.000 r  clk (IN)
                         net (fo=0)                   0.000     0.000    clk
    E3                   IBUF (Prop_ibuf_I_O)         1.482     1.482 r  clk_IBUF_inst/O
                         net (fo=1, routed)           2.025     3.506    clk_IBUF
    BUFGCTRL_X0Y16       BUFG (Prop_bufg_I_O)         0.096     3.602 r  clk_IBUF_BUFG_inst/O
                         net (fo=186, routed)         1.640     5.243    Control_path/v1/b2/clk
    SLICE_X10Y84         FDRE                                         r  Control_path/v1/b2/lu_reg[2]/C
  -------------------------------------------------------------------    -------------------
    SLICE_X10Y84         FDRE (Prop_fdre_C_Q)         0.518     5.761 r  Control_path/v1/b2/lu_reg[2]/Q
                         net (fo=10, routed)          0.707     6.467    Control_path/v1/b2/lu1[2]
    SLICE_X10Y85         LUT3 (Prop_lut3_I1_O)        0.148     6.615 r  Control_path/v1/b2/result6__1_carry_i_25/O
                         net (fo=3, routed)           0.951     7.567    Control_path/v1/b2/result6__1_carry_i_25_n_0
    SLICE_X10Y83         LUT5 (Prop_lut5_I3_O)        0.352     7.919 r  Control_path/v1/b2/result6__1_carry_i_16/O
                         net (fo=2, routed)           0.603     8.522    Control_path/v1/b2/result6__1_carry_i_16_n_0
    SLICE_X10Y84         LUT6 (Prop_lut6_I0_O)        0.328     8.850 r  Control_path/v1/b2/result6__1_carry_i_8/O
                         net (fo=3, routed)           0.449     9.299    Control_path/v1/b2/result6__1_carry_i_8_n_0
    SLICE_X9Y85          LUT6 (Prop_lut6_I0_O)        0.124     9.423 r  Control_path/v1/b2/result6__1_carry_i_1/O
                         net (fo=1, routed)           0.605    10.028    Control_path/v1/F1/sobel_filter/result2_carry__0_i_13[2]
    SLICE_X8Y84          CARRY4 (Prop_carry4_DI[3]_CO[3])
                                                      0.396    10.424 r  Control_path/v1/F1/sobel_filter/result6__1_carry/CO[3]
                         net (fo=1, routed)           0.000    10.424    Control_path/v1/F1/sobel_filter/result6__1_carry_n_0
    SLICE_X8Y85          CARRY4 (Prop_carry4_CI_CO[2])
                                                      0.229    10.653 r  Control_path/v1/F1/sobel_filter/result6__1_carry__0/CO[2]
                         net (fo=7, routed)           0.775    11.428    Control_path/v1/b2/result2_carry__0[0]
    SLICE_X5Y83          LUT5 (Prop_lut5_I3_O)        0.310    11.738 r  Control_path/v1/b2/result2_carry_i_7/O
                         net (fo=1, routed)           0.000    11.738    Control_path/v1/F1/sobel_filter/data_out_reg[3][1]
    SLICE_X5Y83          CARRY4 (Prop_carry4_S[1]_CO[3])
                                                      0.550    12.288 r  Control_path/v1/F1/sobel_filter/result2_carry/CO[3]
                         net (fo=1, routed)           0.000    12.288    Control_path/v1/F1/sobel_filter/result2_carry_n_0
    SLICE_X5Y84          CARRY4 (Prop_carry4_CI_O[0])
                                                      0.222    12.510 r  Control_path/v1/F1/sobel_filter/result2_carry__0/O[0]
                         net (fo=1, routed)           0.812    13.322    Control_path/v1/b2/data_out_reg[3]_0[0]
    SLICE_X5Y82          LUT4 (Prop_lut4_I0_O)        0.299    13.621 r  Control_path/v1/b2/data_out[3]_i_2/O
                         net (fo=4, routed)           0.457    14.078    Control_path/v1/b2/data_out[3]_i_2_n_0
    SLICE_X5Y82          LUT5 (Prop_lut5_I1_O)        0.124    14.202 r  Control_path/v1/b2/data_out[3]_i_1/O
                         net (fo=1, routed)           0.000    14.202    Control_path/v1/F1/D[3]
    SLICE_X5Y82          FDRE                                         r  Control_path/v1/F1/data_out_reg[3]/D
  -------------------------------------------------------------------    -------------------

                         (clock sys_clk_pin rise edge)
                                                     10.000    10.000 r  
    E3                                                0.000    10.000 r  clk (IN)
                         net (fo=0)                   0.000    10.000    clk
    E3                   IBUF (Prop_ibuf_I_O)         1.411    11.411 r  clk_IBUF_inst/O
                         net (fo=1, routed)           1.920    13.331    clk_IBUF
    BUFGCTRL_X0Y16       BUFG (Prop_bufg_I_O)         0.091    13.422 r  clk_IBUF_BUFG_inst/O
                         net (fo=186, routed)         1.595    15.018    Control_path/v1/F1/clk
    SLICE_X5Y82          FDRE                                         r  Control_path/v1/F1/data_out_reg[3]/C
                         clock pessimism              0.259    15.277    
                         clock uncertainty           -0.035    15.241    
    SLICE_X5Y82          FDRE (Setup_fdre_C_D)        0.029    15.270    Control_path/v1/F1/data_out_reg[3]
  -------------------------------------------------------------------
                         required time                         15.270    
                         arrival time                         -14.202    
  -------------------------------------------------------------------
                         slack                                  1.068    

Slack (MET) :             1.082ns  (required time - arrival time)
  Source:                 Control_path/v1/b2/lu_reg[2]/C
                            (rising edge-triggered cell FDRE clocked by sys_clk_pin  {rise@0.000ns fall@5.000ns period=10.000ns})
  Destination:            Control_path/v1/F1/data_out_reg[2]/D
                            (rising edge-triggered cell FDRE clocked by sys_clk_pin  {rise@0.000ns fall@5.000ns period=10.000ns})
  Path Group:             sys_clk_pin
  Path Type:              Setup (Max at Slow Process Corner)
  Requirement:            10.000ns  (sys_clk_pin rise@10.000ns - sys_clk_pin rise@0.000ns)
  Data Path Delay:        8.996ns  (logic 3.600ns (40.019%)  route 5.396ns (59.981%))
  Logic Levels:           11  (CARRY4=4 LUT3=1 LUT4=1 LUT5=3 LUT6=2)
  Clock Path Skew:        0.034ns (DCD - SCD + CPR)
    Destination Clock Delay (DCD):    5.018ns = ( 15.018 - 10.000 ) 
    Source Clock Delay      (SCD):    5.243ns
    Clock Pessimism Removal (CPR):    0.259ns
  Clock Uncertainty:      0.035ns  ((TSJ^2 + TIJ^2)^1/2 + DJ) / 2 + PE
    Total System Jitter     (TSJ):    0.071ns
    Total Input Jitter      (TIJ):    0.000ns
    Discrete Jitter          (DJ):    0.000ns
    Phase Error              (PE):    0.000ns

    Location             Delay type                Incr(ns)  Path(ns)    Netlist Resource(s)
  -------------------------------------------------------------------    -------------------
                         (clock sys_clk_pin rise edge)
                                                      0.000     0.000 r  
    E3                                                0.000     0.000 r  clk (IN)
                         net (fo=0)                   0.000     0.000    clk
    E3                   IBUF (Prop_ibuf_I_O)         1.482     1.482 r  clk_IBUF_inst/O
                         net (fo=1, routed)           2.025     3.506    clk_IBUF
    BUFGCTRL_X0Y16       BUFG (Prop_bufg_I_O)         0.096     3.602 r  clk_IBUF_BUFG_inst/O
                         net (fo=186, routed)         1.640     5.243    Control_path/v1/b2/clk
    SLICE_X10Y84         FDRE                                         r  Control_path/v1/b2/lu_reg[2]/C
  -------------------------------------------------------------------    -------------------
    SLICE_X10Y84         FDRE (Prop_fdre_C_Q)         0.518     5.761 r  Control_path/v1/b2/lu_reg[2]/Q
                         net (fo=10, routed)          0.707     6.467    Control_path/v1/b2/lu1[2]
    SLICE_X10Y85         LUT3 (Prop_lut3_I1_O)        0.148     6.615 r  Control_path/v1/b2/result6__1_carry_i_25/O
                         net (fo=3, routed)           0.951     7.567    Control_path/v1/b2/result6__1_carry_i_25_n_0
    SLICE_X10Y83         LUT5 (Prop_lut5_I3_O)        0.352     7.919 r  Control_path/v1/b2/result6__1_carry_i_16/O
                         net (fo=2, routed)           0.603     8.522    Control_path/v1/b2/result6__1_carry_i_16_n_0
    SLICE_X10Y84         LUT6 (Prop_lut6_I0_O)        0.328     8.850 r  Control_path/v1/b2/result6__1_carry_i_8/O
                         net (fo=3, routed)           0.449     9.299    Control_path/v1/b2/result6__1_carry_i_8_n_0
    SLICE_X9Y85          LUT6 (Prop_lut6_I0_O)        0.124     9.423 r  Control_path/v1/b2/result6__1_carry_i_1/O
                         net (fo=1, routed)           0.605    10.028    Control_path/v1/F1/sobel_filter/result2_carry__0_i_13[2]
    SLICE_X8Y84          CARRY4 (Prop_carry4_DI[3]_CO[3])
                                                      0.396    10.424 r  Control_path/v1/F1/sobel_filter/result6__1_carry/CO[3]
                         net (fo=1, routed)           0.000    10.424    Control_path/v1/F1/sobel_filter/result6__1_carry_n_0
    SLICE_X8Y85          CARRY4 (Prop_carry4_CI_CO[2])
                                                      0.229    10.653 r  Control_path/v1/F1/sobel_filter/result6__1_carry__0/CO[2]
                         net (fo=7, routed)           0.775    11.428    Control_path/v1/b2/result2_carry__0[0]
    SLICE_X5Y83          LUT5 (Prop_lut5_I3_O)        0.310    11.738 r  Control_path/v1/b2/result2_carry_i_7/O
                         net (fo=1, routed)           0.000    11.738    Control_path/v1/F1/sobel_filter/data_out_reg[3][1]
    SLICE_X5Y83          CARRY4 (Prop_carry4_S[1]_CO[3])
                                                      0.550    12.288 r  Control_path/v1/F1/sobel_filter/result2_carry/CO[3]
                         net (fo=1, routed)           0.000    12.288    Control_path/v1/F1/sobel_filter/result2_carry_n_0
    SLICE_X5Y84          CARRY4 (Prop_carry4_CI_O[0])
                                                      0.222    12.510 r  Control_path/v1/F1/sobel_filter/result2_carry__0/O[0]
                         net (fo=1, routed)           0.812    13.322    Control_path/v1/b2/data_out_reg[3]_0[0]
    SLICE_X5Y82          LUT4 (Prop_lut4_I0_O)        0.299    13.621 r  Control_path/v1/b2/data_out[3]_i_2/O
                         net (fo=4, routed)           0.493    14.114    Control_path/v1/b2/data_out[3]_i_2_n_0
    SLICE_X6Y82          LUT5 (Prop_lut5_I1_O)        0.124    14.238 r  Control_path/v1/b2/data_out[2]_i_1/O
                         net (fo=1, routed)           0.000    14.238    Control_path/v1/F1/D[2]
    SLICE_X6Y82          FDRE                                         r  Control_path/v1/F1/data_out_reg[2]/D
  -------------------------------------------------------------------    -------------------

                         (clock sys_clk_pin rise edge)
                                                     10.000    10.000 r  
    E3                                                0.000    10.000 r  clk (IN)
                         net (fo=0)                   0.000    10.000    clk
    E3                   IBUF (Prop_ibuf_I_O)         1.411    11.411 r  clk_IBUF_inst/O
                         net (fo=1, routed)           1.920    13.331    clk_IBUF
    BUFGCTRL_X0Y16       BUFG (Prop_bufg_I_O)         0.091    13.422 r  clk_IBUF_BUFG_inst/O
                         net (fo=186, routed)         1.595    15.018    Control_path/v1/F1/clk
    SLICE_X6Y82          FDRE                                         r  Control_path/v1/F1/data_out_reg[2]/C
                         clock pessimism              0.259    15.277    
                         clock uncertainty           -0.035    15.241    
    SLICE_X6Y82          FDRE (Setup_fdre_C_D)        0.079    15.320    Control_path/v1/F1/data_out_reg[2]
  -------------------------------------------------------------------
                         required time                         15.320    
                         arrival time                         -14.238    
  -------------------------------------------------------------------
                         slack                                  1.082    

Slack (MET) :             1.092ns  (required time - arrival time)
  Source:                 Control_path/v1/b2/lu_reg[2]/C
                            (rising edge-triggered cell FDRE clocked by sys_clk_pin  {rise@0.000ns fall@5.000ns period=10.000ns})
  Destination:            Control_path/v1/F1/data_out_reg[1]/D
                            (rising edge-triggered cell FDRE clocked by sys_clk_pin  {rise@0.000ns fall@5.000ns period=10.000ns})
  Path Group:             sys_clk_pin
  Path Type:              Setup (Max at Slow Process Corner)
  Requirement:            10.000ns  (sys_clk_pin rise@10.000ns - sys_clk_pin rise@0.000ns)
  Data Path Delay:        8.986ns  (logic 3.600ns (40.064%)  route 5.386ns (59.936%))
  Logic Levels:           11  (CARRY4=4 LUT3=1 LUT4=1 LUT5=3 LUT6=2)
  Clock Path Skew:        0.034ns (DCD - SCD + CPR)
    Destination Clock Delay (DCD):    5.018ns = ( 15.018 - 10.000 ) 
    Source Clock Delay      (SCD):    5.243ns
    Clock Pessimism Removal (CPR):    0.259ns
  Clock Uncertainty:      0.035ns  ((TSJ^2 + TIJ^2)^1/2 + DJ) / 2 + PE
    Total System Jitter     (TSJ):    0.071ns
    Total Input Jitter      (TIJ):    0.000ns
    Discrete Jitter          (DJ):    0.000ns
    Phase Error              (PE):    0.000ns

    Location             Delay type                Incr(ns)  Path(ns)    Netlist Resource(s)
  -------------------------------------------------------------------    -------------------
                         (clock sys_clk_pin rise edge)
                                                      0.000     0.000 r  
    E3                                                0.000     0.000 r  clk (IN)
                         net (fo=0)                   0.000     0.000    clk
    E3                   IBUF (Prop_ibuf_I_O)         1.482     1.482 r  clk_IBUF_inst/O
                         net (fo=1, routed)           2.025     3.506    clk_IBUF
    BUFGCTRL_X0Y16       BUFG (Prop_bufg_I_O)         0.096     3.602 r  clk_IBUF_BUFG_inst/O
                         net (fo=186, routed)         1.640     5.243    Control_path/v1/b2/clk
    SLICE_X10Y84         FDRE                                         r  Control_path/v1/b2/lu_reg[2]/C
  -------------------------------------------------------------------    -------------------
    SLICE_X10Y84         FDRE (Prop_fdre_C_Q)         0.518     5.761 r  Control_path/v1/b2/lu_reg[2]/Q
                         net (fo=10, routed)          0.707     6.467    Control_path/v1/b2/lu1[2]
    SLICE_X10Y85         LUT3 (Prop_lut3_I1_O)        0.148     6.615 r  Control_path/v1/b2/result6__1_carry_i_25/O
                         net (fo=3, routed)           0.951     7.567    Control_path/v1/b2/result6__1_carry_i_25_n_0
    SLICE_X10Y83         LUT5 (Prop_lut5_I3_O)        0.352     7.919 r  Control_path/v1/b2/result6__1_carry_i_16/O
                         net (fo=2, routed)           0.603     8.522    Control_path/v1/b2/result6__1_carry_i_16_n_0
    SLICE_X10Y84         LUT6 (Prop_lut6_I0_O)        0.328     8.850 r  Control_path/v1/b2/result6__1_carry_i_8/O
                         net (fo=3, routed)           0.449     9.299    Control_path/v1/b2/result6__1_carry_i_8_n_0
    SLICE_X9Y85          LUT6 (Prop_lut6_I0_O)        0.124     9.423 r  Control_path/v1/b2/result6__1_carry_i_1/O
                         net (fo=1, routed)           0.605    10.028    Control_path/v1/F1/sobel_filter/result2_carry__0_i_13[2]
    SLICE_X8Y84          CARRY4 (Prop_carry4_DI[3]_CO[3])
                                                      0.396    10.424 r  Control_path/v1/F1/sobel_filter/result6__1_carry/CO[3]
                         net (fo=1, routed)           0.000    10.424    Control_path/v1/F1/sobel_filter/result6__1_carry_n_0
    SLICE_X8Y85          CARRY4 (Prop_carry4_CI_CO[2])
                                                      0.229    10.653 r  Control_path/v1/F1/sobel_filter/result6__1_carry__0/CO[2]
                         net (fo=7, routed)           0.775    11.428    Control_path/v1/b2/result2_carry__0[0]
    SLICE_X5Y83          LUT5 (Prop_lut5_I3_O)        0.310    11.738 r  Control_path/v1/b2/result2_carry_i_7/O
                         net (fo=1, routed)           0.000    11.738    Control_path/v1/F1/sobel_filter/data_out_reg[3][1]
    SLICE_X5Y83          CARRY4 (Prop_carry4_S[1]_CO[3])
                                                      0.550    12.288 r  Control_path/v1/F1/sobel_filter/result2_carry/CO[3]
                         net (fo=1, routed)           0.000    12.288    Control_path/v1/F1/sobel_filter/result2_carry_n_0
    SLICE_X5Y84          CARRY4 (Prop_carry4_CI_O[0])
                                                      0.222    12.510 r  Control_path/v1/F1/sobel_filter/result2_carry__0/O[0]
                         net (fo=1, routed)           0.812    13.322    Control_path/v1/b2/data_out_reg[3]_0[0]
    SLICE_X5Y82          LUT4 (Prop_lut4_I0_O)        0.299    13.621 r  Control_path/v1/b2/data_out[3]_i_2/O
                         net (fo=4, routed)           0.483    14.104    Control_path/v1/b2/data_out[3]_i_2_n_0
    SLICE_X6Y82          LUT5 (Prop_lut5_I1_O)        0.124    14.228 r  Control_path/v1/b2/data_out[1]_i_1/O
                         net (fo=1, routed)           0.000    14.228    Control_path/v1/F1/D[1]
    SLICE_X6Y82          FDRE                                         r  Control_path/v1/F1/data_out_reg[1]/D
  -------------------------------------------------------------------    -------------------

                         (clock sys_clk_pin rise edge)
                                                     10.000    10.000 r  
    E3                                                0.000    10.000 r  clk (IN)
                         net (fo=0)                   0.000    10.000    clk
    E3                   IBUF (Prop_ibuf_I_O)         1.411    11.411 r  clk_IBUF_inst/O
                         net (fo=1, routed)           1.920    13.331    clk_IBUF
    BUFGCTRL_X0Y16       BUFG (Prop_bufg_I_O)         0.091    13.422 r  clk_IBUF_BUFG_inst/O
                         net (fo=186, routed)         1.595    15.018    Control_path/v1/F1/clk
    SLICE_X6Y82          FDRE                                         r  Control_path/v1/F1/data_out_reg[1]/C
                         clock pessimism              0.259    15.277    
                         clock uncertainty           -0.035    15.241    
    SLICE_X6Y82          FDRE (Setup_fdre_C_D)        0.079    15.320    Control_path/v1/F1/data_out_reg[1]
  -------------------------------------------------------------------
                         required time                         15.320    
                         arrival time                         -14.228    
  -------------------------------------------------------------------
                         slack                                  1.092    

Slack (MET) :             1.141ns  (required time - arrival time)
  Source:                 Control_path/v1/b2/lu_reg[2]/C
                            (rising edge-triggered cell FDRE clocked by sys_clk_pin  {rise@0.000ns fall@5.000ns period=10.000ns})
  Destination:            Control_path/v1/F1/data_out_reg[0]/D
                            (rising edge-triggered cell FDRE clocked by sys_clk_pin  {rise@0.000ns fall@5.000ns period=10.000ns})
  Path Group:             sys_clk_pin
  Path Type:              Setup (Max at Slow Process Corner)
  Requirement:            10.000ns  (sys_clk_pin rise@10.000ns - sys_clk_pin rise@0.000ns)
  Data Path Delay:        8.935ns  (logic 3.600ns (40.293%)  route 5.335ns (59.707%))
  Logic Levels:           11  (CARRY4=4 LUT3=1 LUT4=1 LUT5=3 LUT6=2)
  Clock Path Skew:        0.034ns (DCD - SCD + CPR)
    Destination Clock Delay (DCD):    5.018ns = ( 15.018 - 10.000 ) 
    Source Clock Delay      (SCD):    5.243ns
    Clock Pessimism Removal (CPR):    0.259ns
  Clock Uncertainty:      0.035ns  ((TSJ^2 + TIJ^2)^1/2 + DJ) / 2 + PE
    Total System Jitter     (TSJ):    0.071ns
    Total Input Jitter      (TIJ):    0.000ns
    Discrete Jitter          (DJ):    0.000ns
    Phase Error              (PE):    0.000ns

    Location             Delay type                Incr(ns)  Path(ns)    Netlist Resource(s)
  -------------------------------------------------------------------    -------------------
                         (clock sys_clk_pin rise edge)
                                                      0.000     0.000 r  
    E3                                                0.000     0.000 r  clk (IN)
                         net (fo=0)                   0.000     0.000    clk
    E3                   IBUF (Prop_ibuf_I_O)         1.482     1.482 r  clk_IBUF_inst/O
                         net (fo=1, routed)           2.025     3.506    clk_IBUF
    BUFGCTRL_X0Y16       BUFG (Prop_bufg_I_O)         0.096     3.602 r  clk_IBUF_BUFG_inst/O
                         net (fo=186, routed)         1.640     5.243    Control_path/v1/b2/clk
    SLICE_X10Y84         FDRE                                         r  Control_path/v1/b2/lu_reg[2]/C
  -------------------------------------------------------------------    -------------------
    SLICE_X10Y84         FDRE (Prop_fdre_C_Q)         0.518     5.761 r  Control_path/v1/b2/lu_reg[2]/Q
                         net (fo=10, routed)          0.707     6.467    Control_path/v1/b2/lu1[2]
    SLICE_X10Y85         LUT3 (Prop_lut3_I1_O)        0.148     6.615 r  Control_path/v1/b2/result6__1_carry_i_25/O
                         net (fo=3, routed)           0.951     7.567    Control_path/v1/b2/result6__1_carry_i_25_n_0
    SLICE_X10Y83         LUT5 (Prop_lut5_I3_O)        0.352     7.919 r  Control_path/v1/b2/result6__1_carry_i_16/O
                         net (fo=2, routed)           0.603     8.522    Control_path/v1/b2/result6__1_carry_i_16_n_0
    SLICE_X10Y84         LUT6 (Prop_lut6_I0_O)        0.328     8.850 r  Control_path/v1/b2/result6__1_carry_i_8/O
                         net (fo=3, routed)           0.449     9.299    Control_path/v1/b2/result6__1_carry_i_8_n_0
    SLICE_X9Y85          LUT6 (Prop_lut6_I0_O)        0.124     9.423 r  Control_path/v1/b2/result6__1_carry_i_1/O
                         net (fo=1, routed)           0.605    10.028    Control_path/v1/F1/sobel_filter/result2_carry__0_i_13[2]
    SLICE_X8Y84          CARRY4 (Prop_carry4_DI[3]_CO[3])
                                                      0.396    10.424 r  Control_path/v1/F1/sobel_filter/result6__1_carry/CO[3]
                         net (fo=1, routed)           0.000    10.424    Control_path/v1/F1/sobel_filter/result6__1_carry_n_0
    SLICE_X8Y85          CARRY4 (Prop_carry4_CI_CO[2])
                                                      0.229    10.653 r  Control_path/v1/F1/sobel_filter/result6__1_carry__0/CO[2]
                         net (fo=7, routed)           0.775    11.428    Control_path/v1/b2/result2_carry__0[0]
    SLICE_X5Y83          LUT5 (Prop_lut5_I3_O)        0.310    11.738 r  Control_path/v1/b2/result2_carry_i_7/O
                         net (fo=1, routed)           0.000    11.738    Control_path/v1/F1/sobel_filter/data_out_reg[3][1]
    SLICE_X5Y83          CARRY4 (Prop_carry4_S[1]_CO[3])
                                                      0.550    12.288 r  Control_path/v1/F1/sobel_filter/result2_carry/CO[3]
                         net (fo=1, routed)           0.000    12.288    Control_path/v1/F1/sobel_filter/result2_carry_n_0
    SLICE_X5Y84          CARRY4 (Prop_carry4_CI_O[0])
                                                      0.222    12.510 r  Control_path/v1/F1/sobel_filter/result2_carry__0/O[0]
                         net (fo=1, routed)           0.812    13.322    Control_path/v1/b2/data_out_reg[3]_0[0]
    SLICE_X5Y82          LUT4 (Prop_lut4_I0_O)        0.299    13.621 r  Control_path/v1/b2/data_out[3]_i_2/O
                         net (fo=4, routed)           0.432    14.053    Control_path/v1/b2/data_out[3]_i_2_n_0
    SLICE_X6Y82          LUT5 (Prop_lut5_I1_O)        0.124    14.177 r  Control_path/v1/b2/data_out[0]_i_1/O
                         net (fo=1, routed)           0.000    14.177    Control_path/v1/F1/D[0]
    SLICE_X6Y82          FDRE                                         r  Control_path/v1/F1/data_out_reg[0]/D
  -------------------------------------------------------------------    -------------------

                         (clock sys_clk_pin rise edge)
                                                     10.000    10.000 r  
    E3                                                0.000    10.000 r  clk (IN)
                         net (fo=0)                   0.000    10.000    clk
    E3                   IBUF (Prop_ibuf_I_O)         1.411    11.411 r  clk_IBUF_inst/O
                         net (fo=1, routed)           1.920    13.331    clk_IBUF
    BUFGCTRL_X0Y16       BUFG (Prop_bufg_I_O)         0.091    13.422 r  clk_IBUF_BUFG_inst/O
                         net (fo=186, routed)         1.595    15.018    Control_path/v1/F1/clk
    SLICE_X6Y82          FDRE                                         r  Control_path/v1/F1/data_out_reg[0]/C
                         clock pessimism              0.259    15.277    
                         clock uncertainty           -0.035    15.241    
    SLICE_X6Y82          FDRE (Setup_fdre_C_D)        0.077    15.318    Control_path/v1/F1/data_out_reg[0]
  -------------------------------------------------------------------
                         required time                         15.318    
                         arrival time                         -14.177    
  -------------------------------------------------------------------
                         slack                                  1.141    

Slack (MET) :             4.118ns  (required time - arrival time)
  Source:                 Control_path/v1/b1/next_count_reg/C
                            (rising edge-triggered cell FDRE clocked by sys_clk_pin  {rise@0.000ns fall@5.000ns period=10.000ns})
  Destination:            <hidden>
                            (rising edge-triggered cell RAMB36E1 clocked by sys_clk_pin  {rise@0.000ns fall@5.000ns period=10.000ns})
  Path Group:             sys_clk_pin
  Path Type:              Setup (Max at Slow Process Corner)
  Requirement:            10.000ns  (sys_clk_pin rise@10.000ns - sys_clk_pin rise@0.000ns)
  Data Path Delay:        5.118ns  (logic 0.668ns (13.052%)  route 4.450ns (86.948%))
  Logic Levels:           1  (LUT3=1)
  Clock Path Skew:        -0.082ns (DCD - SCD + CPR)
    Destination Clock Delay (DCD):    4.972ns = ( 14.972 - 10.000 ) 
    Source Clock Delay      (SCD):    5.313ns
    Clock Pessimism Removal (CPR):    0.259ns
  Clock Uncertainty:      0.035ns  ((TSJ^2 + TIJ^2)^1/2 + DJ) / 2 + PE
    Total System Jitter     (TSJ):    0.071ns
    Total Input Jitter      (TIJ):    0.000ns
    Discrete Jitter          (DJ):    0.000ns
    Phase Error              (PE):    0.000ns

    Location             Delay type                Incr(ns)  Path(ns)    Netlist Resource(s)
  -------------------------------------------------------------------    -------------------
                         (clock sys_clk_pin rise edge)
                                                      0.000     0.000 r  
    E3                                                0.000     0.000 r  clk (IN)
                         net (fo=0)                   0.000     0.000    clk
    E3                   IBUF (Prop_ibuf_I_O)         1.482     1.482 r  clk_IBUF_inst/O
                         net (fo=1, routed)           2.025     3.506    clk_IBUF
    BUFGCTRL_X0Y16       BUFG (Prop_bufg_I_O)         0.096     3.602 r  clk_IBUF_BUFG_inst/O
                         net (fo=186, routed)         1.710     5.313    Control_path/v1/b1/clk
    SLICE_X6Y78          FDRE                                         r  Control_path/v1/b1/next_count_reg/C
  -------------------------------------------------------------------    -------------------
    SLICE_X6Y78          FDRE (Prop_fdre_C_Q)         0.518     5.831 r  Control_path/v1/b1/next_count_reg/Q
                         net (fo=21, routed)          2.033     7.864    <hidden>
    SLICE_X8Y62          LUT3 (Prop_lut3_I2_O)        0.150     8.014 r  <hidden>
                         net (fo=1, routed)           2.417    10.431    <hidden>
    RAMB36_X0Y14         RAMB36E1                                     r  <hidden>
  -------------------------------------------------------------------    -------------------

                         (clock sys_clk_pin rise edge)
                                                     10.000    10.000 r  
    E3                                                0.000    10.000 r  clk (IN)
                         net (fo=0)                   0.000    10.000    clk
    E3                   IBUF (Prop_ibuf_I_O)         1.411    11.411 r  clk_IBUF_inst/O
                         net (fo=1, routed)           1.920    13.331    clk_IBUF
    BUFGCTRL_X0Y16       BUFG (Prop_bufg_I_O)         0.091    13.422 r  clk_IBUF_BUFG_inst/O
                         net (fo=186, routed)         1.550    14.972    <hidden>
    RAMB36_X0Y14         RAMB36E1                                     r  <hidden>
                         clock pessimism              0.259    15.231    
                         clock uncertainty           -0.035    15.196    
    RAMB36_X0Y14         RAMB36E1 (Setup_ramb36e1_CLKBWRCLK_ENBWREN)
                                                     -0.647    14.549    <hidden>
  -------------------------------------------------------------------
                         required time                         14.549    
                         arrival time                         -10.431    
  -------------------------------------------------------------------
                         slack                                  4.118    

Slack (MET) :             4.447ns  (required time - arrival time)
  Source:                 Control_path/v1/b1/next_count_reg/C
                            (rising edge-triggered cell FDRE clocked by sys_clk_pin  {rise@0.000ns fall@5.000ns period=10.000ns})
  Destination:            <hidden>
                            (rising edge-triggered cell RAMB36E1 clocked by sys_clk_pin  {rise@0.000ns fall@5.000ns period=10.000ns})
  Path Group:             sys_clk_pin
  Path Type:              Setup (Max at Slow Process Corner)
  Requirement:            10.000ns  (sys_clk_pin rise@10.000ns - sys_clk_pin rise@0.000ns)
  Data Path Delay:        5.097ns  (logic 0.642ns (12.595%)  route 4.455ns (87.405%))
  Logic Levels:           1  (LUT3=1)
  Clock Path Skew:        0.023ns (DCD - SCD + CPR)
    Destination Clock Delay (DCD):    5.149ns = ( 15.149 - 10.000 ) 
    Source Clock Delay      (SCD):    5.313ns
    Clock Pessimism Removal (CPR):    0.187ns
  Clock Uncertainty:      0.035ns  ((TSJ^2 + TIJ^2)^1/2 + DJ) / 2 + PE
    Total System Jitter     (TSJ):    0.071ns
    Total Input Jitter      (TIJ):    0.000ns
    Discrete Jitter          (DJ):    0.000ns
    Phase Error              (PE):    0.000ns

    Location             Delay type                Incr(ns)  Path(ns)    Netlist Resource(s)
  -------------------------------------------------------------------    -------------------
                         (clock sys_clk_pin rise edge)
                                                      0.000     0.000 r  
    E3                                                0.000     0.000 r  clk (IN)
                         net (fo=0)                   0.000     0.000    clk
    E3                   IBUF (Prop_ibuf_I_O)         1.482     1.482 r  clk_IBUF_inst/O
                         net (fo=1, routed)           2.025     3.506    clk_IBUF
    BUFGCTRL_X0Y16       BUFG (Prop_bufg_I_O)         0.096     3.602 r  clk_IBUF_BUFG_inst/O
                         net (fo=186, routed)         1.710     5.313    Control_path/v1/b1/clk
    SLICE_X6Y78          FDRE                                         r  Control_path/v1/b1/next_count_reg/C
  -------------------------------------------------------------------    -------------------
    SLICE_X6Y78          FDRE (Prop_fdre_C_Q)         0.518     5.831 r  Control_path/v1/b1/next_count_reg/Q
                         net (fo=21, routed)          2.864     8.695    <hidden>
    SLICE_X8Y52          LUT3 (Prop_lut3_I2_O)        0.124     8.819 r  <hidden>
                         net (fo=1, routed)           1.591    10.410    <hidden>
    RAMB36_X0Y8          RAMB36E1                                     r  <hidden>
  -------------------------------------------------------------------    -------------------

                         (clock sys_clk_pin rise edge)
                                                     10.000    10.000 r  
    E3                                                0.000    10.000 r  clk (IN)
                         net (fo=0)                   0.000    10.000    clk
    E3                   IBUF (Prop_ibuf_I_O)         1.411    11.411 r  clk_IBUF_inst/O
                         net (fo=1, routed)           1.920    13.331    clk_IBUF
    BUFGCTRL_X0Y16       BUFG (Prop_bufg_I_O)         0.091    13.422 r  clk_IBUF_BUFG_inst/O
                         net (fo=186, routed)         1.726    15.149    <hidden>
    RAMB36_X0Y8          RAMB36E1                                     r  <hidden>
                         clock pessimism              0.187    15.336    
                         clock uncertainty           -0.035    15.300    
    RAMB36_X0Y8          RAMB36E1 (Setup_ramb36e1_CLKBWRCLK_ENBWREN)
                                                     -0.443    14.857    <hidden>
  -------------------------------------------------------------------
                         required time                         14.857    
                         arrival time                         -10.410    
  -------------------------------------------------------------------
                         slack                                  4.447    





Min Delay Paths
--------------------------------------------------------------------------------------
Slack (MET) :             0.210ns  (arrival time - required time)
  Source:                 Control_path/v1/c1/done_reg/C
                            (rising edge-triggered cell FDRE clocked by sys_clk_pin  {rise@0.000ns fall@5.000ns period=10.000ns})
  Destination:            Control_path/v1/c2/addr_reg[0]/D
                            (rising edge-triggered cell FDRE clocked by sys_clk_pin  {rise@0.000ns fall@5.000ns period=10.000ns})
  Path Group:             sys_clk_pin
  Path Type:              Hold (Min at Fast Process Corner)
  Requirement:            0.000ns  (sys_clk_pin rise@0.000ns - sys_clk_pin rise@0.000ns)
  Data Path Delay:        0.314ns  (logic 0.209ns (66.475%)  route 0.105ns (33.525%))
  Logic Levels:           1  (LUT6=1)
  Clock Path Skew:        0.013ns (DCD - SCD - CPR)
    Destination Clock Delay (DCD):    2.023ns
    Source Clock Delay      (SCD):    1.509ns
    Clock Pessimism Removal (CPR):    0.500ns

    Location             Delay type                Incr(ns)  Path(ns)    Netlist Resource(s)
  -------------------------------------------------------------------    -------------------
                         (clock sys_clk_pin rise edge)
                                                      0.000     0.000 r  
    E3                                                0.000     0.000 r  clk (IN)
                         net (fo=0)                   0.000     0.000    clk
    E3                   IBUF (Prop_ibuf_I_O)         0.250     0.250 r  clk_IBUF_inst/O
                         net (fo=1, routed)           0.644     0.894    clk_IBUF
    BUFGCTRL_X0Y16       BUFG (Prop_bufg_I_O)         0.026     0.920 r  clk_IBUF_BUFG_inst/O
                         net (fo=186, routed)         0.590     1.509    Control_path/v1/c1/clk
    SLICE_X6Y74          FDRE                                         r  Control_path/v1/c1/done_reg/C
  -------------------------------------------------------------------    -------------------
    SLICE_X6Y74          FDRE (Prop_fdre_C_Q)         0.164     1.673 r  Control_path/v1/c1/done_reg/Q
                         net (fo=5, routed)           0.105     1.779    Control_path/v1/b2/done1
    SLICE_X7Y74          LUT6 (Prop_lut6_I1_O)        0.045     1.824 r  Control_path/v1/b2/addr[0]_i_1__0/O
                         net (fo=1, routed)           0.000     1.824    Control_path/v1/c2/addr_reg[0]_0
    SLICE_X7Y74          FDRE                                         r  Control_path/v1/c2/addr_reg[0]/D
  -------------------------------------------------------------------    -------------------

                         (clock sys_clk_pin rise edge)
                                                      0.000     0.000 r  
    E3                                                0.000     0.000 r  clk (IN)
                         net (fo=0)                   0.000     0.000    clk
    E3                   IBUF (Prop_ibuf_I_O)         0.438     0.438 r  clk_IBUF_inst/O
                         net (fo=1, routed)           0.699     1.136    clk_IBUF
    BUFGCTRL_X0Y16       BUFG (Prop_bufg_I_O)         0.029     1.165 r  clk_IBUF_BUFG_inst/O
                         net (fo=186, routed)         0.858     2.023    Control_path/v1/c2/clk
    SLICE_X7Y74          FDRE                                         r  Control_path/v1/c2/addr_reg[0]/C
                         clock pessimism             -0.500     1.522    
    SLICE_X7Y74          FDRE (Hold_fdre_C_D)         0.091     1.613    Control_path/v1/c2/addr_reg[0]
  -------------------------------------------------------------------
                         required time                         -1.613    
                         arrival time                           1.824    
  -------------------------------------------------------------------
                         slack                                  0.210    

Slack (MET) :             0.214ns  (arrival time - required time)
  Source:                 Control_path/v1/b2/FSM_sequential_state_reg[3]/C
                            (rising edge-triggered cell FDRE clocked by sys_clk_pin  {rise@0.000ns fall@5.000ns period=10.000ns})
  Destination:            Control_path/v1/b2/FSM_sequential_state_reg[1]/D
                            (rising edge-triggered cell FDRE clocked by sys_clk_pin  {rise@0.000ns fall@5.000ns period=10.000ns})
  Path Group:             sys_clk_pin
  Path Type:              Hold (Min at Fast Process Corner)
  Requirement:            0.000ns  (sys_clk_pin rise@0.000ns - sys_clk_pin rise@0.000ns)
  Data Path Delay:        0.358ns  (logic 0.189ns (52.766%)  route 0.169ns (47.234%))
  Logic Levels:           1  (LUT3=1)
  Clock Path Skew:        0.013ns (DCD - SCD - CPR)
    Destination Clock Delay (DCD):    2.001ns
    Source Clock Delay      (SCD):    1.486ns
    Clock Pessimism Removal (CPR):    0.501ns

    Location             Delay type                Incr(ns)  Path(ns)    Netlist Resource(s)
  -------------------------------------------------------------------    -------------------
                         (clock sys_clk_pin rise edge)
                                                      0.000     0.000 r  
    E3                                                0.000     0.000 r  clk (IN)
                         net (fo=0)                   0.000     0.000    clk
    E3                   IBUF (Prop_ibuf_I_O)         0.250     0.250 r  clk_IBUF_inst/O
                         net (fo=1, routed)           0.644     0.894    clk_IBUF
    BUFGCTRL_X0Y16       BUFG (Prop_bufg_I_O)         0.026     0.920 r  clk_IBUF_BUFG_inst/O
                         net (fo=186, routed)         0.567     1.486    Control_path/v1/b2/clk
    SLICE_X9Y80          FDRE                                         r  Control_path/v1/b2/FSM_sequential_state_reg[3]/C
  -------------------------------------------------------------------    -------------------
    SLICE_X9Y80          FDRE (Prop_fdre_C_Q)         0.141     1.627 f  Control_path/v1/b2/FSM_sequential_state_reg[3]/Q
                         net (fo=24, routed)          0.169     1.797    Control_path/v1/b2/state[3]
    SLICE_X8Y80          LUT3 (Prop_lut3_I2_O)        0.048     1.845 r  Control_path/v1/b2/FSM_sequential_state[1]_i_1__0/O
                         net (fo=1, routed)           0.000     1.845    Control_path/v1/b2/state__0[1]
    SLICE_X8Y80          FDRE                                         r  Control_path/v1/b2/FSM_sequential_state_reg[1]/D
  -------------------------------------------------------------------    -------------------

                         (clock sys_clk_pin rise edge)
                                                      0.000     0.000 r  
    E3                                                0.000     0.000 r  clk (IN)
                         net (fo=0)                   0.000     0.000    clk
    E3                   IBUF (Prop_ibuf_I_O)         0.438     0.438 r  clk_IBUF_inst/O
                         net (fo=1, routed)           0.699     1.136    clk_IBUF
    BUFGCTRL_X0Y16       BUFG (Prop_bufg_I_O)         0.029     1.165 r  clk_IBUF_BUFG_inst/O
                         net (fo=186, routed)         0.836     2.001    Control_path/v1/b2/clk
    SLICE_X8Y80          FDRE                                         r  Control_path/v1/b2/FSM_sequential_state_reg[1]/C
                         clock pessimism             -0.501     1.499    
    SLICE_X8Y80          FDRE (Hold_fdre_C_D)         0.131     1.630    Control_path/v1/b2/FSM_sequential_state_reg[1]
  -------------------------------------------------------------------
                         required time                         -1.630    
                         arrival time                           1.845    
  -------------------------------------------------------------------
                         slack                                  0.214    

Slack (MET) :             0.218ns  (arrival time - required time)
  Source:                 Control_path/v1/b2/FSM_sequential_state_reg[3]/C
                            (rising edge-triggered cell FDRE clocked by sys_clk_pin  {rise@0.000ns fall@5.000ns period=10.000ns})
  Destination:            Control_path/v1/b2/ram_en_reg/D
                            (rising edge-triggered cell FDRE clocked by sys_clk_pin  {rise@0.000ns fall@5.000ns period=10.000ns})
  Path Group:             sys_clk_pin
  Path Type:              Hold (Min at Fast Process Corner)
  Requirement:            0.000ns  (sys_clk_pin rise@0.000ns - sys_clk_pin rise@0.000ns)
  Data Path Delay:        0.362ns  (logic 0.189ns (52.183%)  route 0.173ns (47.817%))
  Logic Levels:           1  (LUT4=1)
  Clock Path Skew:        0.013ns (DCD - SCD - CPR)
    Destination Clock Delay (DCD):    2.001ns
    Source Clock Delay      (SCD):    1.486ns
    Clock Pessimism Removal (CPR):    0.501ns

    Location             Delay type                Incr(ns)  Path(ns)    Netlist Resource(s)
  -------------------------------------------------------------------    -------------------
                         (clock sys_clk_pin rise edge)
                                                      0.000     0.000 r  
    E3                                                0.000     0.000 r  clk (IN)
                         net (fo=0)                   0.000     0.000    clk
    E3                   IBUF (Prop_ibuf_I_O)         0.250     0.250 r  clk_IBUF_inst/O
                         net (fo=1, routed)           0.644     0.894    clk_IBUF
    BUFGCTRL_X0Y16       BUFG (Prop_bufg_I_O)         0.026     0.920 r  clk_IBUF_BUFG_inst/O
                         net (fo=186, routed)         0.567     1.486    Control_path/v1/b2/clk
    SLICE_X9Y80          FDRE                                         r  Control_path/v1/b2/FSM_sequential_state_reg[3]/C
  -------------------------------------------------------------------    -------------------
    SLICE_X9Y80          FDRE (Prop_fdre_C_Q)         0.141     1.627 f  Control_path/v1/b2/FSM_sequential_state_reg[3]/Q
                         net (fo=24, routed)          0.173     1.801    Control_path/v1/b2/state[3]
    SLICE_X8Y80          LUT4 (Prop_lut4_I3_O)        0.048     1.849 r  Control_path/v1/b2/ram_en_i_1__0/O
                         net (fo=1, routed)           0.000     1.849    Control_path/v1/b2/ram_en
    SLICE_X8Y80          FDRE                                         r  Control_path/v1/b2/ram_en_reg/D
  -------------------------------------------------------------------    -------------------

                         (clock sys_clk_pin rise edge)
                                                      0.000     0.000 r  
    E3                                                0.000     0.000 r  clk (IN)
                         net (fo=0)                   0.000     0.000    clk
    E3                   IBUF (Prop_ibuf_I_O)         0.438     0.438 r  clk_IBUF_inst/O
                         net (fo=1, routed)           0.699     1.136    clk_IBUF
    BUFGCTRL_X0Y16       BUFG (Prop_bufg_I_O)         0.029     1.165 r  clk_IBUF_BUFG_inst/O
                         net (fo=186, routed)         0.836     2.001    Control_path/v1/b2/clk
    SLICE_X8Y80          FDRE                                         r  Control_path/v1/b2/ram_en_reg/C
                         clock pessimism             -0.501     1.499    
    SLICE_X8Y80          FDRE (Hold_fdre_C_D)         0.131     1.630    Control_path/v1/b2/ram_en_reg
  -------------------------------------------------------------------
                         required time                         -1.630    
                         arrival time                           1.849    
  -------------------------------------------------------------------
                         slack                                  0.218    

Slack (MET) :             0.222ns  (arrival time - required time)
  Source:                 Control_path/v1/b2/FSM_sequential_state_reg[3]/C
                            (rising edge-triggered cell FDRE clocked by sys_clk_pin  {rise@0.000ns fall@5.000ns period=10.000ns})
  Destination:            Control_path/v1/b2/FSM_sequential_state_reg[0]/D
                            (rising edge-triggered cell FDRE clocked by sys_clk_pin  {rise@0.000ns fall@5.000ns period=10.000ns})
  Path Group:             sys_clk_pin
  Path Type:              Hold (Min at Fast Process Corner)
  Requirement:            0.000ns  (sys_clk_pin rise@0.000ns - sys_clk_pin rise@0.000ns)
  Data Path Delay:        0.355ns  (logic 0.186ns (52.367%)  route 0.169ns (47.633%))
  Logic Levels:           1  (LUT2=1)
  Clock Path Skew:        0.013ns (DCD - SCD - CPR)
    Destination Clock Delay (DCD):    2.001ns
    Source Clock Delay      (SCD):    1.486ns
    Clock Pessimism Removal (CPR):    0.501ns

    Location             Delay type                Incr(ns)  Path(ns)    Netlist Resource(s)
  -------------------------------------------------------------------    -------------------
                         (clock sys_clk_pin rise edge)
                                                      0.000     0.000 r  
    E3                                                0.000     0.000 r  clk (IN)
                         net (fo=0)                   0.000     0.000    clk
    E3                   IBUF (Prop_ibuf_I_O)         0.250     0.250 r  clk_IBUF_inst/O
                         net (fo=1, routed)           0.644     0.894    clk_IBUF
    BUFGCTRL_X0Y16       BUFG (Prop_bufg_I_O)         0.026     0.920 r  clk_IBUF_BUFG_inst/O
                         net (fo=186, routed)         0.567     1.486    Control_path/v1/b2/clk
    SLICE_X9Y80          FDRE                                         r  Control_path/v1/b2/FSM_sequential_state_reg[3]/C
  -------------------------------------------------------------------    -------------------
    SLICE_X9Y80          FDRE (Prop_fdre_C_Q)         0.141     1.627 f  Control_path/v1/b2/FSM_sequential_state_reg[3]/Q
                         net (fo=24, routed)          0.169     1.797    Control_path/v1/b2/state[3]
    SLICE_X8Y80          LUT2 (Prop_lut2_I1_O)        0.045     1.842 r  Control_path/v1/b2/FSM_sequential_state[0]_i_1__0/O
                         net (fo=1, routed)           0.000     1.842    Control_path/v1/b2/state__0[0]
    SLICE_X8Y80          FDRE                                         r  Control_path/v1/b2/FSM_sequential_state_reg[0]/D
  -------------------------------------------------------------------    -------------------

                         (clock sys_clk_pin rise edge)
                                                      0.000     0.000 r  
    E3                                                0.000     0.000 r  clk (IN)
                         net (fo=0)                   0.000     0.000    clk
    E3                   IBUF (Prop_ibuf_I_O)         0.438     0.438 r  clk_IBUF_inst/O
                         net (fo=1, routed)           0.699     1.136    clk_IBUF
    BUFGCTRL_X0Y16       BUFG (Prop_bufg_I_O)         0.029     1.165 r  clk_IBUF_BUFG_inst/O
                         net (fo=186, routed)         0.836     2.001    Control_path/v1/b2/clk
    SLICE_X8Y80          FDRE                                         r  Control_path/v1/b2/FSM_sequential_state_reg[0]/C
                         clock pessimism             -0.501     1.499    
    SLICE_X8Y80          FDRE (Hold_fdre_C_D)         0.120     1.619    Control_path/v1/b2/FSM_sequential_state_reg[0]
  -------------------------------------------------------------------
                         required time                         -1.619    
                         arrival time                           1.842    
  -------------------------------------------------------------------
                         slack                                  0.222    

Slack (MET) :             0.225ns  (arrival time - required time)
  Source:                 Control_path/v1/b2/FSM_sequential_state_reg[3]/C
                            (rising edge-triggered cell FDRE clocked by sys_clk_pin  {rise@0.000ns fall@5.000ns period=10.000ns})
  Destination:            Control_path/v1/b2/FSM_sequential_state_reg[2]/D
                            (rising edge-triggered cell FDRE clocked by sys_clk_pin  {rise@0.000ns fall@5.000ns period=10.000ns})
  Path Group:             sys_clk_pin
  Path Type:              Hold (Min at Fast Process Corner)
  Requirement:            0.000ns  (sys_clk_pin rise@0.000ns - sys_clk_pin rise@0.000ns)
  Data Path Delay:        0.359ns  (logic 0.186ns (51.783%)  route 0.173ns (48.217%))
  Logic Levels:           1  (LUT4=1)
  Clock Path Skew:        0.013ns (DCD - SCD - CPR)
    Destination Clock Delay (DCD):    2.001ns
    Source Clock Delay      (SCD):    1.486ns
    Clock Pessimism Removal (CPR):    0.501ns

    Location             Delay type                Incr(ns)  Path(ns)    Netlist Resource(s)
  -------------------------------------------------------------------    -------------------
                         (clock sys_clk_pin rise edge)
                                                      0.000     0.000 r  
    E3                                                0.000     0.000 r  clk (IN)
                         net (fo=0)                   0.000     0.000    clk
    E3                   IBUF (Prop_ibuf_I_O)         0.250     0.250 r  clk_IBUF_inst/O
                         net (fo=1, routed)           0.644     0.894    clk_IBUF
    BUFGCTRL_X0Y16       BUFG (Prop_bufg_I_O)         0.026     0.920 r  clk_IBUF_BUFG_inst/O
                         net (fo=186, routed)         0.567     1.486    Control_path/v1/b2/clk
    SLICE_X9Y80          FDRE                                         r  Control_path/v1/b2/FSM_sequential_state_reg[3]/C
  -------------------------------------------------------------------    -------------------
    SLICE_X9Y80          FDRE (Prop_fdre_C_Q)         0.141     1.627 f  Control_path/v1/b2/FSM_sequential_state_reg[3]/Q
                         net (fo=24, routed)          0.173     1.801    Control_path/v1/b2/state[3]
    SLICE_X8Y80          LUT4 (Prop_lut4_I3_O)        0.045     1.846 r  Control_path/v1/b2/FSM_sequential_state[2]_i_1__0/O
                         net (fo=1, routed)           0.000     1.846    Control_path/v1/b2/state__0[2]
    SLICE_X8Y80          FDRE                                         r  Control_path/v1/b2/FSM_sequential_state_reg[2]/D
  -------------------------------------------------------------------    -------------------

                         (clock sys_clk_pin rise edge)
                                                      0.000     0.000 r  
    E3                                                0.000     0.000 r  clk (IN)
                         net (fo=0)                   0.000     0.000    clk
    E3                   IBUF (Prop_ibuf_I_O)         0.438     0.438 r  clk_IBUF_inst/O
                         net (fo=1, routed)           0.699     1.136    clk_IBUF
    BUFGCTRL_X0Y16       BUFG (Prop_bufg_I_O)         0.029     1.165 r  clk_IBUF_BUFG_inst/O
                         net (fo=186, routed)         0.836     2.001    Control_path/v1/b2/clk
    SLICE_X8Y80          FDRE                                         r  Control_path/v1/b2/FSM_sequential_state_reg[2]/C
                         clock pessimism             -0.501     1.499    
    SLICE_X8Y80          FDRE (Hold_fdre_C_D)         0.121     1.620    Control_path/v1/b2/FSM_sequential_state_reg[2]
  -------------------------------------------------------------------
                         required time                         -1.620    
                         arrival time                           1.846    
  -------------------------------------------------------------------
                         slack                                  0.225    

Slack (MET) :             0.229ns  (arrival time - required time)
  Source:                 Control_path/v1/F2/data_out_reg[1]/C
                            (rising edge-triggered cell FDRE clocked by sys_clk_pin  {rise@0.000ns fall@5.000ns period=10.000ns})
  Destination:            <hidden>
                            (rising edge-triggered cell RAMB36E1 clocked by sys_clk_pin  {rise@0.000ns fall@5.000ns period=10.000ns})
  Path Group:             sys_clk_pin
  Path Type:              Hold (Min at Fast Process Corner)
  Requirement:            0.000ns  (sys_clk_pin rise@0.000ns - sys_clk_pin rise@0.000ns)
  Data Path Delay:        0.434ns  (logic 0.141ns (32.499%)  route 0.293ns (67.501%))
  Logic Levels:           0  
  Clock Path Skew:        0.049ns (DCD - SCD - CPR)
    Destination Clock Delay (DCD):    2.044ns
    Source Clock Delay      (SCD):    1.515ns
    Clock Pessimism Removal (CPR):    0.479ns

    Location             Delay type                Incr(ns)  Path(ns)    Netlist Resource(s)
  -------------------------------------------------------------------    -------------------
                         (clock sys_clk_pin rise edge)
                                                      0.000     0.000 r  
    E3                                                0.000     0.000 r  clk (IN)
                         net (fo=0)                   0.000     0.000    clk
    E3                   IBUF (Prop_ibuf_I_O)         0.250     0.250 r  clk_IBUF_inst/O
                         net (fo=1, routed)           0.644     0.894    clk_IBUF
    BUFGCTRL_X0Y16       BUFG (Prop_bufg_I_O)         0.026     0.920 r  clk_IBUF_BUFG_inst/O
                         net (fo=186, routed)         0.596     1.515    Control_path/v1/F2/clk
    SLICE_X5Y81          FDRE                                         r  Control_path/v1/F2/data_out_reg[1]/C
  -------------------------------------------------------------------    -------------------
    SLICE_X5Y81          FDRE (Prop_fdre_C_Q)         0.141     1.656 r  Control_path/v1/F2/data_out_reg[1]/Q
                         net (fo=4, routed)           0.293     1.949    <hidden>
    RAMB36_X0Y16         RAMB36E1                                     r  <hidden>
  -------------------------------------------------------------------    -------------------

                         (clock sys_clk_pin rise edge)
                                                      0.000     0.000 r  
    E3                                                0.000     0.000 r  clk (IN)
                         net (fo=0)                   0.000     0.000    clk
    E3                   IBUF (Prop_ibuf_I_O)         0.438     0.438 r  clk_IBUF_inst/O
                         net (fo=1, routed)           0.699     1.136    clk_IBUF
    BUFGCTRL_X0Y16       BUFG (Prop_bufg_I_O)         0.029     1.165 r  clk_IBUF_BUFG_inst/O
                         net (fo=186, routed)         0.879     2.044    <hidden>
    RAMB36_X0Y16         RAMB36E1                                     r  <hidden>
                         clock pessimism             -0.479     1.565    
    RAMB36_X0Y16         RAMB36E1 (Hold_ramb36e1_CLKBWRCLK_DIBDI[0])
                                                      0.155     1.720    <hidden>
  -------------------------------------------------------------------
                         required time                         -1.720    
                         arrival time                           1.949    
  -------------------------------------------------------------------
                         slack                                  0.229    

Slack (MET) :             0.239ns  (arrival time - required time)
  Source:                 Control_path/v1/c2/addr_reg[15]/C
                            (rising edge-triggered cell FDRE clocked by sys_clk_pin  {rise@0.000ns fall@5.000ns period=10.000ns})
  Destination:            Control_path/v1/b2/ram_addr_reg[15]/D
                            (rising edge-triggered cell FDRE clocked by sys_clk_pin  {rise@0.000ns fall@5.000ns period=10.000ns})
  Path Group:             sys_clk_pin
  Path Type:              Hold (Min at Fast Process Corner)
  Requirement:            0.000ns  (sys_clk_pin rise@0.000ns - sys_clk_pin rise@0.000ns)
  Data Path Delay:        0.409ns  (logic 0.273ns (66.685%)  route 0.136ns (33.315%))
  Logic Levels:           2  (CARRY4=1 LUT2=1)
  Clock Path Skew:        0.036ns (DCD - SCD - CPR)
    Destination Clock Delay (DCD):    1.998ns
    Source Clock Delay      (SCD):    1.482ns
    Clock Pessimism Removal (CPR):    0.479ns

    Location             Delay type                Incr(ns)  Path(ns)    Netlist Resource(s)
  -------------------------------------------------------------------    -------------------
                         (clock sys_clk_pin rise edge)
                                                      0.000     0.000 r  
    E3                                                0.000     0.000 r  clk (IN)
                         net (fo=0)                   0.000     0.000    clk
    E3                   IBUF (Prop_ibuf_I_O)         0.250     0.250 r  clk_IBUF_inst/O
                         net (fo=1, routed)           0.644     0.894    clk_IBUF
    BUFGCTRL_X0Y16       BUFG (Prop_bufg_I_O)         0.026     0.920 r  clk_IBUF_BUFG_inst/O
                         net (fo=186, routed)         0.563     1.482    Control_path/v1/c2/clk
    SLICE_X10Y76         FDRE                                         r  Control_path/v1/c2/addr_reg[15]/C
  -------------------------------------------------------------------    -------------------
    SLICE_X10Y76         FDRE (Prop_fdre_C_Q)         0.164     1.646 r  Control_path/v1/c2/addr_reg[15]/Q
                         net (fo=4, routed)           0.136     1.783    Control_path/v1/c2/addr2[15]
    SLICE_X8Y77          LUT2 (Prop_lut2_I1_O)        0.045     1.828 r  Control_path/v1/c2/p_1_out_carry__2_i_1__0/O
                         net (fo=1, routed)           0.000     1.828    Control_path/v1/b2/ram_addr_reg[15]_1[3]
    SLICE_X8Y77          CARRY4 (Prop_carry4_S[3]_O[3])
                                                      0.064     1.892 r  Control_path/v1/b2/p_1_out_carry__2/O[3]
                         net (fo=1, routed)           0.000     1.892    Control_path/v1/b2/p_0_in[15]
    SLICE_X8Y77          FDRE                                         r  Control_path/v1/b2/ram_addr_reg[15]/D
  -------------------------------------------------------------------    -------------------

                         (clock sys_clk_pin rise edge)
                                                      0.000     0.000 r  
    E3                                                0.000     0.000 r  clk (IN)
                         net (fo=0)                   0.000     0.000    clk
    E3                   IBUF (Prop_ibuf_I_O)         0.438     0.438 r  clk_IBUF_inst/O
                         net (fo=1, routed)           0.699     1.136    clk_IBUF
    BUFGCTRL_X0Y16       BUFG (Prop_bufg_I_O)         0.029     1.165 r  clk_IBUF_BUFG_inst/O
                         net (fo=186, routed)         0.833     1.998    Control_path/v1/b2/clk
    SLICE_X8Y77          FDRE                                         r  Control_path/v1/b2/ram_addr_reg[15]/C
                         clock pessimism             -0.479     1.518    
    SLICE_X8Y77          FDRE (Hold_fdre_C_D)         0.134     1.652    Control_path/v1/b2/ram_addr_reg[15]
  -------------------------------------------------------------------
                         required time                         -1.652    
                         arrival time                           1.892    
  -------------------------------------------------------------------
                         slack                                  0.239    

Slack (MET) :             0.264ns  (arrival time - required time)
  Source:                 Control_path/v1/c1/addr_reg[12]/C
                            (rising edge-triggered cell FDRE clocked by sys_clk_pin  {rise@0.000ns fall@5.000ns period=10.000ns})
  Destination:            Control_path/v1/c1/addr_reg[12]/D
                            (rising edge-triggered cell FDRE clocked by sys_clk_pin  {rise@0.000ns fall@5.000ns period=10.000ns})
  Path Group:             sys_clk_pin
  Path Type:              Hold (Min at Fast Process Corner)
  Requirement:            0.000ns  (sys_clk_pin rise@0.000ns - sys_clk_pin rise@0.000ns)
  Data Path Delay:        0.369ns  (logic 0.249ns (67.424%)  route 0.120ns (32.576%))
  Logic Levels:           1  (CARRY4=1)
  Clock Path Skew:        0.000ns (DCD - SCD - CPR)
    Destination Clock Delay (DCD):    2.024ns
    Source Clock Delay      (SCD):    1.510ns
    Clock Pessimism Removal (CPR):    0.513ns

    Location             Delay type                Incr(ns)  Path(ns)    Netlist Resource(s)
  -------------------------------------------------------------------    -------------------
                         (clock sys_clk_pin rise edge)
                                                      0.000     0.000 r  
    E3                                                0.000     0.000 r  clk (IN)
                         net (fo=0)                   0.000     0.000    clk
    E3                   IBUF (Prop_ibuf_I_O)         0.250     0.250 r  clk_IBUF_inst/O
                         net (fo=1, routed)           0.644     0.894    clk_IBUF
    BUFGCTRL_X0Y16       BUFG (Prop_bufg_I_O)         0.026     0.920 r  clk_IBUF_BUFG_inst/O
                         net (fo=186, routed)         0.591     1.510    Control_path/v1/c1/clk
    SLICE_X5Y76          FDRE                                         r  Control_path/v1/c1/addr_reg[12]/C
  -------------------------------------------------------------------    -------------------
    SLICE_X5Y76          FDRE (Prop_fdre_C_Q)         0.141     1.651 r  Control_path/v1/c1/addr_reg[12]/Q
                         net (fo=6, routed)           0.120     1.772    Control_path/v1/c1/addr_reg[13]_0[12]
    SLICE_X5Y76          CARRY4 (Prop_carry4_S[3]_O[3])
                                                      0.108     1.880 r  Control_path/v1/c1/addr0_carry__1/O[3]
                         net (fo=1, routed)           0.000     1.880    Control_path/v1/c1/data0[12]
    SLICE_X5Y76          FDRE                                         r  Control_path/v1/c1/addr_reg[12]/D
  -------------------------------------------------------------------    -------------------

                         (clock sys_clk_pin rise edge)
                                                      0.000     0.000 r  
    E3                                                0.000     0.000 r  clk (IN)
                         net (fo=0)                   0.000     0.000    clk
    E3                   IBUF (Prop_ibuf_I_O)         0.438     0.438 r  clk_IBUF_inst/O
                         net (fo=1, routed)           0.699     1.136    clk_IBUF
    BUFGCTRL_X0Y16       BUFG (Prop_bufg_I_O)         0.029     1.165 r  clk_IBUF_BUFG_inst/O
                         net (fo=186, routed)         0.859     2.024    Control_path/v1/c1/clk
    SLICE_X5Y76          FDRE                                         r  Control_path/v1/c1/addr_reg[12]/C
                         clock pessimism             -0.513     1.510    
    SLICE_X5Y76          FDRE (Hold_fdre_C_D)         0.105     1.615    Control_path/v1/c1/addr_reg[12]
  -------------------------------------------------------------------
                         required time                         -1.615    
                         arrival time                           1.880    
  -------------------------------------------------------------------
                         slack                                  0.264    

Slack (MET) :             0.264ns  (arrival time - required time)
  Source:                 Control_path/v1/c1/addr_reg[8]/C
                            (rising edge-triggered cell FDRE clocked by sys_clk_pin  {rise@0.000ns fall@5.000ns period=10.000ns})
  Destination:            Control_path/v1/c1/addr_reg[8]/D
                            (rising edge-triggered cell FDRE clocked by sys_clk_pin  {rise@0.000ns fall@5.000ns period=10.000ns})
  Path Group:             sys_clk_pin
  Path Type:              Hold (Min at Fast Process Corner)
  Requirement:            0.000ns  (sys_clk_pin rise@0.000ns - sys_clk_pin rise@0.000ns)
  Data Path Delay:        0.369ns  (logic 0.249ns (67.424%)  route 0.120ns (32.576%))
  Logic Levels:           1  (CARRY4=1)
  Clock Path Skew:        0.000ns (DCD - SCD - CPR)
    Destination Clock Delay (DCD):    2.023ns
    Source Clock Delay      (SCD):    1.509ns
    Clock Pessimism Removal (CPR):    0.513ns

    Location             Delay type                Incr(ns)  Path(ns)    Netlist Resource(s)
  -------------------------------------------------------------------    -------------------
                         (clock sys_clk_pin rise edge)
                                                      0.000     0.000 r  
    E3                                                0.000     0.000 r  clk (IN)
                         net (fo=0)                   0.000     0.000    clk
    E3                   IBUF (Prop_ibuf_I_O)         0.250     0.250 r  clk_IBUF_inst/O
                         net (fo=1, routed)           0.644     0.894    clk_IBUF
    BUFGCTRL_X0Y16       BUFG (Prop_bufg_I_O)         0.026     0.920 r  clk_IBUF_BUFG_inst/O
                         net (fo=186, routed)         0.590     1.509    Control_path/v1/c1/clk
    SLICE_X5Y75          FDRE                                         r  Control_path/v1/c1/addr_reg[8]/C
  -------------------------------------------------------------------    -------------------
    SLICE_X5Y75          FDRE (Prop_fdre_C_Q)         0.141     1.650 r  Control_path/v1/c1/addr_reg[8]/Q
                         net (fo=5, routed)           0.120     1.771    Control_path/v1/c1/addr_reg[13]_0[8]
    SLICE_X5Y75          CARRY4 (Prop_carry4_S[3]_O[3])
                                                      0.108     1.879 r  Control_path/v1/c1/addr0_carry__0/O[3]
                         net (fo=1, routed)           0.000     1.879    Control_path/v1/c1/data0[8]
    SLICE_X5Y75          FDRE                                         r  Control_path/v1/c1/addr_reg[8]/D
  -------------------------------------------------------------------    -------------------

                         (clock sys_clk_pin rise edge)
                                                      0.000     0.000 r  
    E3                                                0.000     0.000 r  clk (IN)
                         net (fo=0)                   0.000     0.000    clk
    E3                   IBUF (Prop_ibuf_I_O)         0.438     0.438 r  clk_IBUF_inst/O
                         net (fo=1, routed)           0.699     1.136    clk_IBUF
    BUFGCTRL_X0Y16       BUFG (Prop_bufg_I_O)         0.029     1.165 r  clk_IBUF_BUFG_inst/O
                         net (fo=186, routed)         0.858     2.023    Control_path/v1/c1/clk
    SLICE_X5Y75          FDRE                                         r  Control_path/v1/c1/addr_reg[8]/C
                         clock pessimism             -0.513     1.509    
    SLICE_X5Y75          FDRE (Hold_fdre_C_D)         0.105     1.614    Control_path/v1/c1/addr_reg[8]
  -------------------------------------------------------------------
                         required time                         -1.614    
                         arrival time                           1.879    
  -------------------------------------------------------------------
                         slack                                  0.264    

Slack (MET) :             0.269ns  (arrival time - required time)
  Source:                 Control_path/v1/c1/addr_reg[15]/C
                            (rising edge-triggered cell FDRE clocked by sys_clk_pin  {rise@0.000ns fall@5.000ns period=10.000ns})
  Destination:            Control_path/v1/c1/addr_reg[15]/D
                            (rising edge-triggered cell FDRE clocked by sys_clk_pin  {rise@0.000ns fall@5.000ns period=10.000ns})
  Path Group:             sys_clk_pin
  Path Type:              Hold (Min at Fast Process Corner)
  Requirement:            0.000ns  (sys_clk_pin rise@0.000ns - sys_clk_pin rise@0.000ns)
  Data Path Delay:        0.374ns  (logic 0.252ns (67.467%)  route 0.122ns (32.533%))
  Logic Levels:           1  (CARRY4=1)
  Clock Path Skew:        0.000ns (DCD - SCD - CPR)
    Destination Clock Delay (DCD):    2.026ns
    Source Clock Delay      (SCD):    1.512ns
    Clock Pessimism Removal (CPR):    0.513ns

    Location             Delay type                Incr(ns)  Path(ns)    Netlist Resource(s)
  -------------------------------------------------------------------    -------------------
                         (clock sys_clk_pin rise edge)
                                                      0.000     0.000 r  
    E3                                                0.000     0.000 r  clk (IN)
                         net (fo=0)                   0.000     0.000    clk
    E3                   IBUF (Prop_ibuf_I_O)         0.250     0.250 r  clk_IBUF_inst/O
                         net (fo=1, routed)           0.644     0.894    clk_IBUF
    BUFGCTRL_X0Y16       BUFG (Prop_bufg_I_O)         0.026     0.920 r  clk_IBUF_BUFG_inst/O
                         net (fo=186, routed)         0.593     1.512    Control_path/v1/c1/clk
    SLICE_X5Y77          FDRE                                         r  Control_path/v1/c1/addr_reg[15]/C
  -------------------------------------------------------------------    -------------------
    SLICE_X5Y77          FDRE (Prop_fdre_C_Q)         0.141     1.653 r  Control_path/v1/c1/addr_reg[15]/Q
                         net (fo=4, routed)           0.122     1.775    Control_path/v1/c1/addr1[15]
    SLICE_X5Y77          CARRY4 (Prop_carry4_S[2]_O[2])
                                                      0.111     1.886 r  Control_path/v1/c1/addr0_carry__2/O[2]
                         net (fo=1, routed)           0.000     1.886    Control_path/v1/c1/data0[15]
    SLICE_X5Y77          FDRE                                         r  Control_path/v1/c1/addr_reg[15]/D
  -------------------------------------------------------------------    -------------------

                         (clock sys_clk_pin rise edge)
                                                      0.000     0.000 r  
    E3                                                0.000     0.000 r  clk (IN)
                         net (fo=0)                   0.000     0.000    clk
    E3                   IBUF (Prop_ibuf_I_O)         0.438     0.438 r  clk_IBUF_inst/O
                         net (fo=1, routed)           0.699     1.136    clk_IBUF
    BUFGCTRL_X0Y16       BUFG (Prop_bufg_I_O)         0.029     1.165 r  clk_IBUF_BUFG_inst/O
                         net (fo=186, routed)         0.861     2.026    Control_path/v1/c1/clk
    SLICE_X5Y77          FDRE                                         r  Control_path/v1/c1/addr_reg[15]/C
                         clock pessimism             -0.513     1.512    
    SLICE_X5Y77          FDRE (Hold_fdre_C_D)         0.105     1.617    Control_path/v1/c1/addr_reg[15]
  -------------------------------------------------------------------
                         required time                         -1.617    
                         arrival time                           1.886    
  -------------------------------------------------------------------
                         slack                                  0.269    





Pulse Width Checks
--------------------------------------------------------------------------------------
Clock Name:         sys_clk_pin
Waveform(ns):       { 0.000 5.000 }
Period(ns):         10.000
Sources:            { clk }

Check Type        Corner  Lib Pin             Reference Pin  Required(ns)  Actual(ns)  Slack(ns)  Location      Pin
Min Period        n/a     RAMB36E1/CLKBWRCLK  n/a            3.363         10.000      6.637      RAMB36_X0Y8   <hidden>
Min Period        n/a     RAMB36E1/CLKBWRCLK  n/a            3.363         10.000      6.637      RAMB36_X0Y9   <hidden>
Min Period        n/a     RAMB36E1/CLKBWRCLK  n/a            3.363         10.000      6.637      RAMB36_X0Y10  <hidden>
Min Period        n/a     RAMB36E1/CLKBWRCLK  n/a            3.363         10.000      6.637      RAMB36_X0Y11  <hidden>
Min Period        n/a     RAMB36E1/CLKBWRCLK  n/a            3.363         10.000      6.637      RAMB36_X0Y12  <hidden>
Min Period        n/a     RAMB36E1/CLKBWRCLK  n/a            3.363         10.000      6.637      RAMB36_X0Y13  <hidden>
Min Period        n/a     RAMB36E1/CLKBWRCLK  n/a            3.363         10.000      6.637      RAMB36_X0Y14  <hidden>
Min Period        n/a     RAMB36E1/CLKBWRCLK  n/a            3.363         10.000      6.637      RAMB36_X0Y15  <hidden>
Min Period        n/a     RAMB36E1/CLKBWRCLK  n/a            3.363         10.000      6.637      RAMB36_X0Y22  <hidden>
Min Period        n/a     RAMB36E1/CLKBWRCLK  n/a            3.363         10.000      6.637      RAMB36_X0Y23  <hidden>
Low Pulse Width   Slow    FDRE/C              n/a            0.500         5.000       4.500      SLICE_X6Y82   Control_path/v1/F1/data_out_reg[0]/C
Low Pulse Width   Fast    FDRE/C              n/a            0.500         5.000       4.500      SLICE_X6Y82   Control_path/v1/F1/data_out_reg[0]/C
Low Pulse Width   Slow    FDRE/C              n/a            0.500         5.000       4.500      SLICE_X6Y82   Control_path/v1/F1/data_out_reg[1]/C
Low Pulse Width   Fast    FDRE/C              n/a            0.500         5.000       4.500      SLICE_X6Y82   Control_path/v1/F1/data_out_reg[1]/C
Low Pulse Width   Slow    FDRE/C              n/a            0.500         5.000       4.500      SLICE_X6Y82   Control_path/v1/F1/data_out_reg[2]/C
Low Pulse Width   Fast    FDRE/C              n/a            0.500         5.000       4.500      SLICE_X6Y82   Control_path/v1/F1/data_out_reg[2]/C
Low Pulse Width   Slow    FDRE/C              n/a            0.500         5.000       4.500      SLICE_X5Y82   Control_path/v1/F1/data_out_reg[3]/C
Low Pulse Width   Fast    FDRE/C              n/a            0.500         5.000       4.500      SLICE_X5Y82   Control_path/v1/F1/data_out_reg[3]/C
Low Pulse Width   Slow    FDRE/C              n/a            0.500         5.000       4.500      SLICE_X7Y76   Control_path/v1/F1/wr_reg/C
Low Pulse Width   Fast    FDRE/C              n/a            0.500         5.000       4.500      SLICE_X7Y76   Control_path/v1/F1/wr_reg/C
High Pulse Width  Slow    FDRE/C              n/a            0.500         5.000       4.500      SLICE_X6Y82   Control_path/v1/F1/data_out_reg[0]/C
High Pulse Width  Fast    FDRE/C              n/a            0.500         5.000       4.500      SLICE_X6Y82   Control_path/v1/F1/data_out_reg[0]/C
High Pulse Width  Slow    FDRE/C              n/a            0.500         5.000       4.500      SLICE_X6Y82   Control_path/v1/F1/data_out_reg[1]/C
High Pulse Width  Fast    FDRE/C              n/a            0.500         5.000       4.500      SLICE_X6Y82   Control_path/v1/F1/data_out_reg[1]/C
High Pulse Width  Slow    FDRE/C              n/a            0.500         5.000       4.500      SLICE_X6Y82   Control_path/v1/F1/data_out_reg[2]/C
High Pulse Width  Fast    FDRE/C              n/a            0.500         5.000       4.500      SLICE_X6Y82   Control_path/v1/F1/data_out_reg[2]/C
High Pulse Width  Slow    FDRE/C              n/a            0.500         5.000       4.500      SLICE_X5Y82   Control_path/v1/F1/data_out_reg[3]/C
High Pulse Width  Fast    FDRE/C              n/a            0.500         5.000       4.500      SLICE_X5Y82   Control_path/v1/F1/data_out_reg[3]/C
High Pulse Width  Slow    FDRE/C              n/a            0.500         5.000       4.500      SLICE_X7Y76   Control_path/v1/F1/wr_reg/C
High Pulse Width  Fast    FDRE/C              n/a            0.500         5.000       4.500      SLICE_X7Y76   Control_path/v1/F1/wr_reg/C



---------------------------------------------------------------------------------------------------
From Clock:  sys_clk_pin
  To Clock:  clk_out1_clk_25

Setup :            0  Failing Endpoints,  Worst Slack        2.694ns,  Total Violation        0.000ns
Hold  :            0  Failing Endpoints,  Worst Slack        0.938ns,  Total Violation        0.000ns
---------------------------------------------------------------------------------------------------


Max Delay Paths
--------------------------------------------------------------------------------------
Slack (MET) :             2.694ns  (required time - arrival time)
  Source:                 <hidden>
                            (rising edge-triggered cell RAMB36E1 clocked by sys_clk_pin  {rise@0.000ns fall@5.000ns period=10.000ns})
  Destination:            Control_path/v1/b1/vga_out_reg[0]/D
                            (rising edge-triggered cell FDRE clocked by clk_out1_clk_25  {rise@0.000ns fall@20.000ns period=40.000ns})
  Path Group:             clk_out1_clk_25
  Path Type:              Setup (Max at Slow Process Corner)
  Requirement:            10.000ns  (clk_out1_clk_25 rise@40.000ns - sys_clk_pin rise@30.000ns)
  Data Path Delay:        3.121ns  (logic 1.453ns (46.549%)  route 1.668ns (53.452%))
  Logic Levels:           1  (RAMB36E1=1)
  Clock Path Skew:        -3.952ns (DCD - SCD + CPR)
    Destination Clock Delay (DCD):    1.512ns = ( 41.512 - 40.000 ) 
    Source Clock Delay      (SCD):    5.464ns = ( 35.464 - 30.000 ) 
    Clock Pessimism Removal (CPR):    0.000ns
  Clock Uncertainty:      0.202ns  ((TSJ^2 + DJ^2)^1/2) / 2 + PE
    Total System Jitter     (TSJ):    0.071ns
    Discrete Jitter          (DJ):    0.182ns
    Phase Error              (PE):    0.104ns
  Clock Domain Crossing:  Inter clock paths are considered valid unless explicitly excluded by timing constraints such as set_clock_groups or set_false_path.

    Location             Delay type                Incr(ns)  Path(ns)    Netlist Resource(s)
  -------------------------------------------------------------------    -------------------
                         (clock sys_clk_pin rise edge)
                                                     30.000    30.000 r  
    E3                                                0.000    30.000 r  clk (IN)
                         net (fo=0)                   0.000    30.000    clk
    E3                   IBUF (Prop_ibuf_I_O)         1.482    31.482 r  clk_IBUF_inst/O
                         net (fo=1, routed)           2.025    33.506    clk_IBUF
    BUFGCTRL_X0Y16       BUFG (Prop_bufg_I_O)         0.096    33.602 r  clk_IBUF_BUFG_inst/O
                         net (fo=186, routed)         1.862    35.464    <hidden>
    RAMB36_X0Y8          RAMB36E1                                     r  <hidden>
  -------------------------------------------------------------------    -------------------
    RAMB36_X0Y8          RAMB36E1 (Prop_ramb36e1_CLKBWRCLK_CASCADEOUTB)
                                                      1.028    36.492 r  <hidden>
                         net (fo=1, routed)           0.065    36.557    <hidden>
    RAMB36_X0Y9          RAMB36E1 (Prop_ramb36e1_CASCADEINB_DOBDO[0])
                                                      0.425    36.982 r  <hidden>
                         net (fo=1, routed)           1.603    38.586    Control_path/v1/b1/bram_dout[0]
    SLICE_X8Y78          FDRE                                         r  Control_path/v1/b1/vga_out_reg[0]/D
  -------------------------------------------------------------------    -------------------

                         (clock clk_out1_clk_25 rise edge)
                                                     40.000    40.000 r  
    BUFGCTRL_X0Y16       BUFG                         0.000    40.000 r  clk_IBUF_BUFG_inst/O
                         net (fo=186, routed)         1.516    41.516    c25/inst/clk_in1
    MMCME2_ADV_X0Y1      MMCME2_ADV (Prop_mmcme2_adv_CLKIN1_CLKOUT0)
                                                     -3.234    38.282 r  c25/inst/mmcm_adv_inst/CLKOUT0
                         net (fo=1, routed)           1.630    39.912    c25/inst/clk_out1_clk_25
    BUFGCTRL_X0Y0        BUFG (Prop_bufg_I_O)         0.091    40.003 r  c25/inst/clkout1_buf/O
                         net (fo=40, routed)          1.509    41.512    Control_path/v1/b1/CLK
    SLICE_X8Y78          FDRE                                         r  Control_path/v1/b1/vga_out_reg[0]/C
                         clock pessimism              0.000    41.512    
                         clock uncertainty           -0.202    41.310    
    SLICE_X8Y78          FDRE (Setup_fdre_C_D)       -0.031    41.279    Control_path/v1/b1/vga_out_reg[0]
  -------------------------------------------------------------------
                         required time                         41.279    
                         arrival time                         -38.586    
  -------------------------------------------------------------------
                         slack                                  2.694    

Slack (MET) :             2.965ns  (required time - arrival time)
  Source:                 <hidden>
                            (rising edge-triggered cell RAMB36E1 clocked by sys_clk_pin  {rise@0.000ns fall@5.000ns period=10.000ns})
  Destination:            Control_path/v1/b1/vga_out_reg[1]/D
                            (rising edge-triggered cell FDRE clocked by clk_out1_clk_25  {rise@0.000ns fall@20.000ns period=40.000ns})
  Path Group:             clk_out1_clk_25
  Path Type:              Setup (Max at Slow Process Corner)
  Requirement:            10.000ns  (clk_out1_clk_25 rise@40.000ns - sys_clk_pin rise@30.000ns)
  Data Path Delay:        3.008ns  (logic 1.453ns (48.301%)  route 1.555ns (51.699%))
  Logic Levels:           1  (RAMB36E1=1)
  Clock Path Skew:        -3.780ns (DCD - SCD + CPR)
    Destination Clock Delay (DCD):    1.512ns = ( 41.512 - 40.000 ) 
    Source Clock Delay      (SCD):    5.292ns = ( 35.292 - 30.000 ) 
    Clock Pessimism Removal (CPR):    0.000ns
  Clock Uncertainty:      0.202ns  ((TSJ^2 + DJ^2)^1/2) / 2 + PE
    Total System Jitter     (TSJ):    0.071ns
    Discrete Jitter          (DJ):    0.182ns
    Phase Error              (PE):    0.104ns
  Clock Domain Crossing:  Inter clock paths are considered valid unless explicitly excluded by timing constraints such as set_clock_groups or set_false_path.

    Location             Delay type                Incr(ns)  Path(ns)    Netlist Resource(s)
  -------------------------------------------------------------------    -------------------
                         (clock sys_clk_pin rise edge)
                                                     30.000    30.000 r  
    E3                                                0.000    30.000 r  clk (IN)
                         net (fo=0)                   0.000    30.000    clk
    E3                   IBUF (Prop_ibuf_I_O)         1.482    31.482 r  clk_IBUF_inst/O
                         net (fo=1, routed)           2.025    33.506    clk_IBUF
    BUFGCTRL_X0Y16       BUFG (Prop_bufg_I_O)         0.096    33.602 r  clk_IBUF_BUFG_inst/O
                         net (fo=186, routed)         1.690    35.292    <hidden>
    RAMB36_X0Y10         RAMB36E1                                     r  <hidden>
  -------------------------------------------------------------------    -------------------
    RAMB36_X0Y10         RAMB36E1 (Prop_ramb36e1_CLKBWRCLK_CASCADEOUTB)
                                                      1.028    36.320 r  <hidden>
                         net (fo=1, routed)           0.065    36.385    <hidden>
    RAMB36_X0Y11         RAMB36E1 (Prop_ramb36e1_CASCADEINB_DOBDO[0])
                                                      0.425    36.810 r  <hidden>
                         net (fo=1, routed)           1.490    38.300    Control_path/v1/b1/bram_dout[1]
    SLICE_X8Y78          FDRE                                         r  Control_path/v1/b1/vga_out_reg[1]/D
  -------------------------------------------------------------------    -------------------

                         (clock clk_out1_clk_25 rise edge)
                                                     40.000    40.000 r  
    BUFGCTRL_X0Y16       BUFG                         0.000    40.000 r  clk_IBUF_BUFG_inst/O
                         net (fo=186, routed)         1.516    41.516    c25/inst/clk_in1
    MMCME2_ADV_X0Y1      MMCME2_ADV (Prop_mmcme2_adv_CLKIN1_CLKOUT0)
                                                     -3.234    38.282 r  c25/inst/mmcm_adv_inst/CLKOUT0
                         net (fo=1, routed)           1.630    39.912    c25/inst/clk_out1_clk_25
    BUFGCTRL_X0Y0        BUFG (Prop_bufg_I_O)         0.091    40.003 r  c25/inst/clkout1_buf/O
                         net (fo=40, routed)          1.509    41.512    Control_path/v1/b1/CLK
    SLICE_X8Y78          FDRE                                         r  Control_path/v1/b1/vga_out_reg[1]/C
                         clock pessimism              0.000    41.512    
                         clock uncertainty           -0.202    41.310    
    SLICE_X8Y78          FDRE (Setup_fdre_C_D)       -0.045    41.265    Control_path/v1/b1/vga_out_reg[1]
  -------------------------------------------------------------------
                         required time                         41.265    
                         arrival time                         -38.300    
  -------------------------------------------------------------------
                         slack                                  2.965    

Slack (MET) :             3.023ns  (required time - arrival time)
  Source:                 <hidden>
                            (rising edge-triggered cell RAMB36E1 clocked by sys_clk_pin  {rise@0.000ns fall@5.000ns period=10.000ns})
  Destination:            Control_path/v1/b2/vga_out_reg[1]/D
                            (rising edge-triggered cell FDRE clocked by clk_out1_clk_25  {rise@0.000ns fall@20.000ns period=40.000ns})
  Path Group:             clk_out1_clk_25
  Path Type:              Setup (Max at Slow Process Corner)
  Requirement:            10.000ns  (clk_out1_clk_25 rise@40.000ns - sys_clk_pin rise@30.000ns)
  Data Path Delay:        2.950ns  (logic 1.453ns (49.246%)  route 1.497ns (50.754%))
  Logic Levels:           1  (RAMB36E1=1)
  Clock Path Skew:        -3.766ns (DCD - SCD + CPR)
    Destination Clock Delay (DCD):    1.514ns = ( 41.514 - 40.000 ) 
    Source Clock Delay      (SCD):    5.280ns = ( 35.280 - 30.000 ) 
    Clock Pessimism Removal (CPR):    0.000ns
  Clock Uncertainty:      0.202ns  ((TSJ^2 + DJ^2)^1/2) / 2 + PE
    Total System Jitter     (TSJ):    0.071ns
    Discrete Jitter          (DJ):    0.182ns
    Phase Error              (PE):    0.104ns
  Clock Domain Crossing:  Inter clock paths are considered valid unless explicitly excluded by timing constraints such as set_clock_groups or set_false_path.

    Location             Delay type                Incr(ns)  Path(ns)    Netlist Resource(s)
  -------------------------------------------------------------------    -------------------
                         (clock sys_clk_pin rise edge)
                                                     30.000    30.000 r  
    E3                                                0.000    30.000 r  clk (IN)
                         net (fo=0)                   0.000    30.000    clk
    E3                   IBUF (Prop_ibuf_I_O)         1.482    31.482 r  clk_IBUF_inst/O
                         net (fo=1, routed)           2.025    33.506    clk_IBUF
    BUFGCTRL_X0Y16       BUFG (Prop_bufg_I_O)         0.096    33.602 r  clk_IBUF_BUFG_inst/O
                         net (fo=186, routed)         1.678    35.280    <hidden>
    RAMB36_X0Y16         RAMB36E1                                     r  <hidden>
  -------------------------------------------------------------------    -------------------
    RAMB36_X0Y16         RAMB36E1 (Prop_ramb36e1_CLKBWRCLK_CASCADEOUTB)
                                                      1.028    36.308 r  <hidden>
                         net (fo=1, routed)           0.065    36.373    <hidden>
    RAMB36_X0Y17         RAMB36E1 (Prop_ramb36e1_CASCADEINB_DOBDO[0])
                                                      0.425    36.798 r  <hidden>
                         net (fo=1, routed)           1.432    38.231    Control_path/v1/b2/bram_dout[1]
    SLICE_X9Y103         FDRE                                         r  Control_path/v1/b2/vga_out_reg[1]/D
  -------------------------------------------------------------------    -------------------

                         (clock clk_out1_clk_25 rise edge)
                                                     40.000    40.000 r  
    BUFGCTRL_X0Y16       BUFG                         0.000    40.000 r  clk_IBUF_BUFG_inst/O
                         net (fo=186, routed)         1.516    41.516    c25/inst/clk_in1
    MMCME2_ADV_X0Y1      MMCME2_ADV (Prop_mmcme2_adv_CLKIN1_CLKOUT0)
                                                     -3.234    38.282 r  c25/inst/mmcm_adv_inst/CLKOUT0
                         net (fo=1, routed)           1.630    39.912    c25/inst/clk_out1_clk_25
    BUFGCTRL_X0Y0        BUFG (Prop_bufg_I_O)         0.091    40.003 r  c25/inst/clkout1_buf/O
                         net (fo=40, routed)          1.511    41.514    Control_path/v1/b2/CLK
    SLICE_X9Y103         FDRE                                         r  Control_path/v1/b2/vga_out_reg[1]/C
                         clock pessimism              0.000    41.514    
                         clock uncertainty           -0.202    41.312    
    SLICE_X9Y103         FDRE (Setup_fdre_C_D)       -0.058    41.254    Control_path/v1/b2/vga_out_reg[1]
  -------------------------------------------------------------------
                         required time                         41.254    
                         arrival time                         -38.231    
  -------------------------------------------------------------------
                         slack                                  3.023    

Slack (MET) :             3.326ns  (required time - arrival time)
  Source:                 <hidden>
                            (rising edge-triggered cell RAMB36E1 clocked by sys_clk_pin  {rise@0.000ns fall@5.000ns period=10.000ns})
  Destination:            Control_path/v1/b2/vga_out_reg[0]/D
                            (rising edge-triggered cell FDRE clocked by clk_out1_clk_25  {rise@0.000ns fall@20.000ns period=40.000ns})
  Path Group:             clk_out1_clk_25
  Path Type:              Setup (Max at Slow Process Corner)
  Requirement:            10.000ns  (clk_out1_clk_25 rise@40.000ns - sys_clk_pin rise@30.000ns)
  Data Path Delay:        2.653ns  (logic 1.453ns (54.766%)  route 1.200ns (45.234%))
  Logic Levels:           1  (RAMB36E1=1)
  Clock Path Skew:        -3.758ns (DCD - SCD + CPR)
    Destination Clock Delay (DCD):    1.514ns = ( 41.514 - 40.000 ) 
    Source Clock Delay      (SCD):    5.272ns = ( 35.272 - 30.000 ) 
    Clock Pessimism Removal (CPR):    0.000ns
  Clock Uncertainty:      0.202ns  ((TSJ^2 + DJ^2)^1/2) / 2 + PE
    Total System Jitter     (TSJ):    0.071ns
    Discrete Jitter          (DJ):    0.182ns
    Phase Error              (PE):    0.104ns
  Clock Domain Crossing:  Inter clock paths are considered valid unless explicitly excluded by timing constraints such as set_clock_groups or set_false_path.

    Location             Delay type                Incr(ns)  Path(ns)    Netlist Resource(s)
  -------------------------------------------------------------------    -------------------
                         (clock sys_clk_pin rise edge)
                                                     30.000    30.000 r  
    E3                                                0.000    30.000 r  clk (IN)
                         net (fo=0)                   0.000    30.000    clk
    E3                   IBUF (Prop_ibuf_I_O)         1.482    31.482 r  clk_IBUF_inst/O
                         net (fo=1, routed)           2.025    33.506    clk_IBUF
    BUFGCTRL_X0Y16       BUFG (Prop_bufg_I_O)         0.096    33.602 r  clk_IBUF_BUFG_inst/O
                         net (fo=186, routed)         1.669    35.272    <hidden>
    RAMB36_X0Y22         RAMB36E1                                     r  <hidden>
  -------------------------------------------------------------------    -------------------
    RAMB36_X0Y22         RAMB36E1 (Prop_ramb36e1_CLKBWRCLK_CASCADEOUTB)
                                                      1.028    36.300 r  <hidden>
                         net (fo=1, routed)           0.065    36.365    <hidden>
    RAMB36_X0Y23         RAMB36E1 (Prop_ramb36e1_CASCADEINB_DOBDO[0])
                                                      0.425    36.790 r  <hidden>
                         net (fo=1, routed)           1.135    37.925    Control_path/v1/b2/bram_dout[0]
    SLICE_X9Y103         FDRE                                         r  Control_path/v1/b2/vga_out_reg[0]/D
  -------------------------------------------------------------------    -------------------

                         (clock clk_out1_clk_25 rise edge)
                                                     40.000    40.000 r  
    BUFGCTRL_X0Y16       BUFG                         0.000    40.000 r  clk_IBUF_BUFG_inst/O
                         net (fo=186, routed)         1.516    41.516    c25/inst/clk_in1
    MMCME2_ADV_X0Y1      MMCME2_ADV (Prop_mmcme2_adv_CLKIN1_CLKOUT0)
                                                     -3.234    38.282 r  c25/inst/mmcm_adv_inst/CLKOUT0
                         net (fo=1, routed)           1.630    39.912    c25/inst/clk_out1_clk_25
    BUFGCTRL_X0Y0        BUFG (Prop_bufg_I_O)         0.091    40.003 r  c25/inst/clkout1_buf/O
                         net (fo=40, routed)          1.511    41.514    Control_path/v1/b2/CLK
    SLICE_X9Y103         FDRE                                         r  Control_path/v1/b2/vga_out_reg[0]/C
                         clock pessimism              0.000    41.514    
                         clock uncertainty           -0.202    41.312    
    SLICE_X9Y103         FDRE (Setup_fdre_C_D)       -0.061    41.251    Control_path/v1/b2/vga_out_reg[0]
  -------------------------------------------------------------------
                         required time                         41.251    
                         arrival time                         -37.925    
  -------------------------------------------------------------------
                         slack                                  3.326    

Slack (MET) :             3.363ns  (required time - arrival time)
  Source:                 <hidden>
                            (rising edge-triggered cell RAMB36E1 clocked by sys_clk_pin  {rise@0.000ns fall@5.000ns period=10.000ns})
  Destination:            Control_path/v1/b1/vga_out_reg[2]/D
                            (rising edge-triggered cell FDRE clocked by clk_out1_clk_25  {rise@0.000ns fall@20.000ns period=40.000ns})
  Path Group:             clk_out1_clk_25
  Path Type:              Setup (Max at Slow Process Corner)
  Requirement:            10.000ns  (clk_out1_clk_25 rise@40.000ns - sys_clk_pin rise@30.000ns)
  Data Path Delay:        2.631ns  (logic 1.453ns (55.219%)  route 1.178ns (44.781%))
  Logic Levels:           1  (RAMB36E1=1)
  Clock Path Skew:        -3.773ns (DCD - SCD + CPR)
    Destination Clock Delay (DCD):    1.515ns = ( 41.515 - 40.000 ) 
    Source Clock Delay      (SCD):    5.288ns = ( 35.288 - 30.000 ) 
    Clock Pessimism Removal (CPR):    0.000ns
  Clock Uncertainty:      0.202ns  ((TSJ^2 + DJ^2)^1/2) / 2 + PE
    Total System Jitter     (TSJ):    0.071ns
    Discrete Jitter          (DJ):    0.182ns
    Phase Error              (PE):    0.104ns
  Clock Domain Crossing:  Inter clock paths are considered valid unless explicitly excluded by timing constraints such as set_clock_groups or set_false_path.

    Location             Delay type                Incr(ns)  Path(ns)    Netlist Resource(s)
  -------------------------------------------------------------------    -------------------
                         (clock sys_clk_pin rise edge)
                                                     30.000    30.000 r  
    E3                                                0.000    30.000 r  clk (IN)
                         net (fo=0)                   0.000    30.000    clk
    E3                   IBUF (Prop_ibuf_I_O)         1.482    31.482 r  clk_IBUF_inst/O
                         net (fo=1, routed)           2.025    33.506    clk_IBUF
    BUFGCTRL_X0Y16       BUFG (Prop_bufg_I_O)         0.096    33.602 r  clk_IBUF_BUFG_inst/O
                         net (fo=186, routed)         1.686    35.288    <hidden>
    RAMB36_X0Y12         RAMB36E1                                     r  <hidden>
  -------------------------------------------------------------------    -------------------
    RAMB36_X0Y12         RAMB36E1 (Prop_ramb36e1_CLKBWRCLK_CASCADEOUTB)
                                                      1.028    36.316 r  <hidden>
                         net (fo=1, routed)           0.065    36.381    <hidden>
    RAMB36_X0Y13         RAMB36E1 (Prop_ramb36e1_CASCADEINB_DOBDO[0])
                                                      0.425    36.806 r  <hidden>
                         net (fo=1, routed)           1.113    37.920    Control_path/v1/b1/bram_dout[2]
    SLICE_X10Y78         FDRE                                         r  Control_path/v1/b1/vga_out_reg[2]/D
  -------------------------------------------------------------------    -------------------

                         (clock clk_out1_clk_25 rise edge)
                                                     40.000    40.000 r  
    BUFGCTRL_X0Y16       BUFG                         0.000    40.000 r  clk_IBUF_BUFG_inst/O
                         net (fo=186, routed)         1.516    41.516    c25/inst/clk_in1
    MMCME2_ADV_X0Y1      MMCME2_ADV (Prop_mmcme2_adv_CLKIN1_CLKOUT0)
                                                     -3.234    38.282 r  c25/inst/mmcm_adv_inst/CLKOUT0
                         net (fo=1, routed)           1.630    39.912    c25/inst/clk_out1_clk_25
    BUFGCTRL_X0Y0        BUFG (Prop_bufg_I_O)         0.091    40.003 r  c25/inst/clkout1_buf/O
                         net (fo=40, routed)          1.512    41.515    Control_path/v1/b1/CLK
    SLICE_X10Y78         FDRE                                         r  Control_path/v1/b1/vga_out_reg[2]/C
                         clock pessimism              0.000    41.515    
                         clock uncertainty           -0.202    41.313    
    SLICE_X10Y78         FDRE (Setup_fdre_C_D)       -0.031    41.282    Control_path/v1/b1/vga_out_reg[2]
  -------------------------------------------------------------------
                         required time                         41.282    
                         arrival time                         -37.920    
  -------------------------------------------------------------------
                         slack                                  3.363    

Slack (MET) :             3.441ns  (required time - arrival time)
  Source:                 <hidden>
                            (rising edge-triggered cell RAMB36E1 clocked by sys_clk_pin  {rise@0.000ns fall@5.000ns period=10.000ns})
  Destination:            Control_path/v1/b2/vga_out_reg[2]/D
                            (rising edge-triggered cell FDRE clocked by clk_out1_clk_25  {rise@0.000ns fall@20.000ns period=40.000ns})
  Path Group:             clk_out1_clk_25
  Path Type:              Setup (Max at Slow Process Corner)
  Requirement:            10.000ns  (clk_out1_clk_25 rise@40.000ns - sys_clk_pin rise@30.000ns)
  Data Path Delay:        2.557ns  (logic 1.453ns (56.834%)  route 1.104ns (43.166%))
  Logic Levels:           1  (RAMB36E1=1)
  Clock Path Skew:        -3.772ns (DCD - SCD + CPR)
    Destination Clock Delay (DCD):    1.518ns = ( 41.518 - 40.000 ) 
    Source Clock Delay      (SCD):    5.290ns = ( 35.290 - 30.000 ) 
    Clock Pessimism Removal (CPR):    0.000ns
  Clock Uncertainty:      0.202ns  ((TSJ^2 + DJ^2)^1/2) / 2 + PE
    Total System Jitter     (TSJ):    0.071ns
    Discrete Jitter          (DJ):    0.182ns
    Phase Error              (PE):    0.104ns
  Clock Domain Crossing:  Inter clock paths are considered valid unless explicitly excluded by timing constraints such as set_clock_groups or set_false_path.

    Location             Delay type                Incr(ns)  Path(ns)    Netlist Resource(s)
  -------------------------------------------------------------------    -------------------
                         (clock sys_clk_pin rise edge)
                                                     30.000    30.000 r  
    E3                                                0.000    30.000 r  clk (IN)
                         net (fo=0)                   0.000    30.000    clk
    E3                   IBUF (Prop_ibuf_I_O)         1.482    31.482 r  clk_IBUF_inst/O
                         net (fo=1, routed)           2.025    33.506    clk_IBUF
    BUFGCTRL_X0Y16       BUFG (Prop_bufg_I_O)         0.096    33.602 r  clk_IBUF_BUFG_inst/O
                         net (fo=186, routed)         1.688    35.290    <hidden>
    RAMB36_X0Y18         RAMB36E1                                     r  <hidden>
  -------------------------------------------------------------------    -------------------
    RAMB36_X0Y18         RAMB36E1 (Prop_ramb36e1_CLKBWRCLK_CASCADEOUTB)
                                                      1.028    36.318 r  <hidden>
                         net (fo=1, routed)           0.065    36.383    <hidden>
    RAMB36_X0Y19         RAMB36E1 (Prop_ramb36e1_CASCADEINB_DOBDO[0])
                                                      0.425    36.808 r  <hidden>
                         net (fo=1, routed)           1.038    37.847    Control_path/v1/b2/bram_dout[2]
    SLICE_X10Y102        FDRE                                         r  Control_path/v1/b2/vga_out_reg[2]/D
  -------------------------------------------------------------------    -------------------

                         (clock clk_out1_clk_25 rise edge)
                                                     40.000    40.000 r  
    BUFGCTRL_X0Y16       BUFG                         0.000    40.000 r  clk_IBUF_BUFG_inst/O
                         net (fo=186, routed)         1.516    41.516    c25/inst/clk_in1
    MMCME2_ADV_X0Y1      MMCME2_ADV (Prop_mmcme2_adv_CLKIN1_CLKOUT0)
                                                     -3.234    38.282 r  c25/inst/mmcm_adv_inst/CLKOUT0
                         net (fo=1, routed)           1.630    39.912    c25/inst/clk_out1_clk_25
    BUFGCTRL_X0Y0        BUFG (Prop_bufg_I_O)         0.091    40.003 r  c25/inst/clkout1_buf/O
                         net (fo=40, routed)          1.515    41.518    Control_path/v1/b2/CLK
    SLICE_X10Y102        FDRE                                         r  Control_path/v1/b2/vga_out_reg[2]/C
                         clock pessimism              0.000    41.518    
                         clock uncertainty           -0.202    41.316    
    SLICE_X10Y102        FDRE (Setup_fdre_C_D)       -0.028    41.288    Control_path/v1/b2/vga_out_reg[2]
  -------------------------------------------------------------------
                         required time                         41.288    
                         arrival time                         -37.847    
  -------------------------------------------------------------------
                         slack                                  3.441    

Slack (MET) :             3.616ns  (required time - arrival time)
  Source:                 <hidden>
                            (rising edge-triggered cell RAMB36E1 clocked by sys_clk_pin  {rise@0.000ns fall@5.000ns period=10.000ns})
  Destination:            Control_path/v1/b2/vga_out_reg[3]/D
                            (rising edge-triggered cell FDRE clocked by clk_out1_clk_25  {rise@0.000ns fall@20.000ns period=40.000ns})
  Path Group:             clk_out1_clk_25
  Path Type:              Setup (Max at Slow Process Corner)
  Requirement:            10.000ns  (clk_out1_clk_25 rise@40.000ns - sys_clk_pin rise@30.000ns)
  Data Path Delay:        2.396ns  (logic 1.453ns (60.648%)  route 0.943ns (39.352%))
  Logic Levels:           1  (RAMB36E1=1)
  Clock Path Skew:        -3.758ns (DCD - SCD + CPR)
    Destination Clock Delay (DCD):    1.518ns = ( 41.518 - 40.000 ) 
    Source Clock Delay      (SCD):    5.276ns = ( 35.276 - 30.000 ) 
    Clock Pessimism Removal (CPR):    0.000ns
  Clock Uncertainty:      0.202ns  ((TSJ^2 + DJ^2)^1/2) / 2 + PE
    Total System Jitter     (TSJ):    0.071ns
    Discrete Jitter          (DJ):    0.182ns
    Phase Error              (PE):    0.104ns
  Clock Domain Crossing:  Inter clock paths are considered valid unless explicitly excluded by timing constraints such as set_clock_groups or set_false_path.

    Location             Delay type                Incr(ns)  Path(ns)    Netlist Resource(s)
  -------------------------------------------------------------------    -------------------
                         (clock sys_clk_pin rise edge)
                                                     30.000    30.000 r  
    E3                                                0.000    30.000 r  clk (IN)
                         net (fo=0)                   0.000    30.000    clk
    E3                   IBUF (Prop_ibuf_I_O)         1.482    31.482 r  clk_IBUF_inst/O
                         net (fo=1, routed)           2.025    33.506    clk_IBUF
    BUFGCTRL_X0Y16       BUFG (Prop_bufg_I_O)         0.096    33.602 r  clk_IBUF_BUFG_inst/O
                         net (fo=186, routed)         1.673    35.276    <hidden>
    RAMB36_X0Y20         RAMB36E1                                     r  <hidden>
  -------------------------------------------------------------------    -------------------
    RAMB36_X0Y20         RAMB36E1 (Prop_ramb36e1_CLKBWRCLK_CASCADEOUTB)
                                                      1.028    36.304 r  <hidden>
                         net (fo=1, routed)           0.065    36.369    <hidden>
    RAMB36_X0Y21         RAMB36E1 (Prop_ramb36e1_CASCADEINB_DOBDO[0])
                                                      0.425    36.794 r  <hidden>
                         net (fo=1, routed)           0.877    37.672    Control_path/v1/b2/bram_dout[3]
    SLICE_X10Y102        FDRE                                         r  Control_path/v1/b2/vga_out_reg[3]/D
  -------------------------------------------------------------------    -------------------

                         (clock clk_out1_clk_25 rise edge)
                                                     40.000    40.000 r  
    BUFGCTRL_X0Y16       BUFG                         0.000    40.000 r  clk_IBUF_BUFG_inst/O
                         net (fo=186, routed)         1.516    41.516    c25/inst/clk_in1
    MMCME2_ADV_X0Y1      MMCME2_ADV (Prop_mmcme2_adv_CLKIN1_CLKOUT0)
                                                     -3.234    38.282 r  c25/inst/mmcm_adv_inst/CLKOUT0
                         net (fo=1, routed)           1.630    39.912    c25/inst/clk_out1_clk_25
    BUFGCTRL_X0Y0        BUFG (Prop_bufg_I_O)         0.091    40.003 r  c25/inst/clkout1_buf/O
                         net (fo=40, routed)          1.515    41.518    Control_path/v1/b2/CLK
    SLICE_X10Y102        FDRE                                         r  Control_path/v1/b2/vga_out_reg[3]/C
                         clock pessimism              0.000    41.518    
                         clock uncertainty           -0.202    41.316    
    SLICE_X10Y102        FDRE (Setup_fdre_C_D)       -0.028    41.288    Control_path/v1/b2/vga_out_reg[3]
  -------------------------------------------------------------------
                         required time                         41.288    
                         arrival time                         -37.672    
  -------------------------------------------------------------------
                         slack                                  3.616    

Slack (MET) :             3.636ns  (required time - arrival time)
  Source:                 <hidden>
                            (rising edge-triggered cell RAMB36E1 clocked by sys_clk_pin  {rise@0.000ns fall@5.000ns period=10.000ns})
  Destination:            Control_path/v1/b1/vga_out_reg[3]/D
                            (rising edge-triggered cell FDRE clocked by clk_out1_clk_25  {rise@0.000ns fall@20.000ns period=40.000ns})
  Path Group:             clk_out1_clk_25
  Path Type:              Setup (Max at Slow Process Corner)
  Requirement:            10.000ns  (clk_out1_clk_25 rise@40.000ns - sys_clk_pin rise@30.000ns)
  Data Path Delay:        2.356ns  (logic 1.453ns (61.679%)  route 0.903ns (38.321%))
  Logic Levels:           1  (RAMB36E1=1)
  Clock Path Skew:        -3.762ns (DCD - SCD + CPR)
    Destination Clock Delay (DCD):    1.515ns = ( 41.515 - 40.000 ) 
    Source Clock Delay      (SCD):    5.277ns = ( 35.277 - 30.000 ) 
    Clock Pessimism Removal (CPR):    0.000ns
  Clock Uncertainty:      0.202ns  ((TSJ^2 + DJ^2)^1/2) / 2 + PE
    Total System Jitter     (TSJ):    0.071ns
    Discrete Jitter          (DJ):    0.182ns
    Phase Error              (PE):    0.104ns
  Clock Domain Crossing:  Inter clock paths are considered valid unless explicitly excluded by timing constraints such as set_clock_groups or set_false_path.

    Location             Delay type                Incr(ns)  Path(ns)    Netlist Resource(s)
  -------------------------------------------------------------------    -------------------
                         (clock sys_clk_pin rise edge)
                                                     30.000    30.000 r  
    E3                                                0.000    30.000 r  clk (IN)
                         net (fo=0)                   0.000    30.000    clk
    E3                   IBUF (Prop_ibuf_I_O)         1.482    31.482 r  clk_IBUF_inst/O
                         net (fo=1, routed)           2.025    33.506    clk_IBUF
    BUFGCTRL_X0Y16       BUFG (Prop_bufg_I_O)         0.096    33.602 r  clk_IBUF_BUFG_inst/O
                         net (fo=186, routed)         1.675    35.277    <hidden>
    RAMB36_X0Y14         RAMB36E1                                     r  <hidden>
  -------------------------------------------------------------------    -------------------
    RAMB36_X0Y14         RAMB36E1 (Prop_ramb36e1_CLKBWRCLK_CASCADEOUTB)
                                                      1.028    36.305 r  <hidden>
                         net (fo=1, routed)           0.065    36.370    <hidden>
    RAMB36_X0Y15         RAMB36E1 (Prop_ramb36e1_CASCADEINB_DOBDO[0])
                                                      0.425    36.795 r  <hidden>
                         net (fo=1, routed)           0.837    37.633    Control_path/v1/b1/bram_dout[3]
    SLICE_X10Y78         FDRE                                         r  Control_path/v1/b1/vga_out_reg[3]/D
  -------------------------------------------------------------------    -------------------

                         (clock clk_out1_clk_25 rise edge)
                                                     40.000    40.000 r  
    BUFGCTRL_X0Y16       BUFG                         0.000    40.000 r  clk_IBUF_BUFG_inst/O
                         net (fo=186, routed)         1.516    41.516    c25/inst/clk_in1
    MMCME2_ADV_X0Y1      MMCME2_ADV (Prop_mmcme2_adv_CLKIN1_CLKOUT0)
                                                     -3.234    38.282 r  c25/inst/mmcm_adv_inst/CLKOUT0
                         net (fo=1, routed)           1.630    39.912    c25/inst/clk_out1_clk_25
    BUFGCTRL_X0Y0        BUFG (Prop_bufg_I_O)         0.091    40.003 r  c25/inst/clkout1_buf/O
                         net (fo=40, routed)          1.512    41.515    Control_path/v1/b1/CLK
    SLICE_X10Y78         FDRE                                         r  Control_path/v1/b1/vga_out_reg[3]/C
                         clock pessimism              0.000    41.515    
                         clock uncertainty           -0.202    41.313    
    SLICE_X10Y78         FDRE (Setup_fdre_C_D)       -0.045    41.268    Control_path/v1/b1/vga_out_reg[3]
  -------------------------------------------------------------------
                         required time                         41.268    
                         arrival time                         -37.633    
  -------------------------------------------------------------------
                         slack                                  3.636    





Min Delay Paths
--------------------------------------------------------------------------------------
Slack (MET) :             0.938ns  (arrival time - required time)
  Source:                 <hidden>
                            (rising edge-triggered cell RAMB36E1 clocked by sys_clk_pin  {rise@0.000ns fall@5.000ns period=10.000ns})
  Destination:            Control_path/v1/b1/vga_out_reg[3]/D
                            (rising edge-triggered cell FDRE clocked by clk_out1_clk_25  {rise@0.000ns fall@20.000ns period=40.000ns})
  Path Group:             clk_out1_clk_25
  Path Type:              Hold (Min at Fast Process Corner)
  Requirement:            0.000ns  (clk_out1_clk_25 rise@0.000ns - sys_clk_pin rise@0.000ns)
  Data Path Delay:        0.507ns  (logic 0.204ns (40.200%)  route 0.303ns (59.800%))
  Logic Levels:           0  
  Clock Path Skew:        -0.684ns (DCD - SCD - CPR)
    Destination Clock Delay (DCD):    0.834ns
    Source Clock Delay      (SCD):    1.518ns
    Clock Pessimism Removal (CPR):    -0.000ns
  Clock Uncertainty:      0.202ns  ((TSJ^2 + DJ^2)^1/2) / 2 + PE
    Total System Jitter     (TSJ):    0.071ns
    Discrete Jitter          (DJ):    0.182ns
    Phase Error              (PE):    0.104ns
  Clock Domain Crossing:  Inter clock paths are considered valid unless explicitly excluded by timing constraints such as set_clock_groups or set_false_path.

    Location             Delay type                Incr(ns)  Path(ns)    Netlist Resource(s)
  -------------------------------------------------------------------    -------------------
                         (clock sys_clk_pin rise edge)
                                                      0.000     0.000 r  
    E3                                                0.000     0.000 r  clk (IN)
                         net (fo=0)                   0.000     0.000    clk
    E3                   IBUF (Prop_ibuf_I_O)         0.250     0.250 r  clk_IBUF_inst/O
                         net (fo=1, routed)           0.644     0.894    clk_IBUF
    BUFGCTRL_X0Y16       BUFG (Prop_bufg_I_O)         0.026     0.920 r  clk_IBUF_BUFG_inst/O
                         net (fo=186, routed)         0.598     1.518    <hidden>
    RAMB36_X0Y15         RAMB36E1                                     r  <hidden>
  -------------------------------------------------------------------    -------------------
    RAMB36_X0Y15         RAMB36E1 (Prop_ramb36e1_CLKBWRCLK_DOBDO[0])
                                                      0.204     1.722 r  <hidden>
                         net (fo=1, routed)           0.303     2.025    Control_path/v1/b1/bram_dout[3]
    SLICE_X10Y78         FDRE                                         r  Control_path/v1/b1/vga_out_reg[3]/D
  -------------------------------------------------------------------    -------------------

                         (clock clk_out1_clk_25 rise edge)
                                                      0.000     0.000 r  
    BUFGCTRL_X0Y16       BUFG                         0.000     0.000 r  clk_IBUF_BUFG_inst/O
                         net (fo=186, routed)         0.828     0.828    c25/inst/clk_in1
    MMCME2_ADV_X0Y1      MMCME2_ADV (Prop_mmcme2_adv_CLKIN1_CLKOUT0)
                                                     -1.394    -0.567 r  c25/inst/mmcm_adv_inst/CLKOUT0
                         net (fo=1, routed)           0.540    -0.027    c25/inst/clk_out1_clk_25
    BUFGCTRL_X0Y0        BUFG (Prop_bufg_I_O)         0.029     0.002 r  c25/inst/clkout1_buf/O
                         net (fo=40, routed)          0.832     0.834    Control_path/v1/b1/CLK
    SLICE_X10Y78         FDRE                                         r  Control_path/v1/b1/vga_out_reg[3]/C
                         clock pessimism              0.000     0.834    
                         clock uncertainty            0.202     1.036    
    SLICE_X10Y78         FDRE (Hold_fdre_C_D)         0.052     1.088    Control_path/v1/b1/vga_out_reg[3]
  -------------------------------------------------------------------
                         required time                         -1.088    
                         arrival time                           2.025    
  -------------------------------------------------------------------
                         slack                                  0.938    

Slack (MET) :             0.947ns  (arrival time - required time)
  Source:                 <hidden>
                            (rising edge-triggered cell RAMB36E1 clocked by sys_clk_pin  {rise@0.000ns fall@5.000ns period=10.000ns})
  Destination:            Control_path/v1/b2/vga_out_reg[3]/D
                            (rising edge-triggered cell FDRE clocked by clk_out1_clk_25  {rise@0.000ns fall@20.000ns period=40.000ns})
  Path Group:             clk_out1_clk_25
  Path Type:              Hold (Min at Fast Process Corner)
  Requirement:            0.000ns  (clk_out1_clk_25 rise@0.000ns - sys_clk_pin rise@0.000ns)
  Data Path Delay:        0.531ns  (logic 0.204ns (38.383%)  route 0.327ns (61.617%))
  Logic Levels:           0  
  Clock Path Skew:        -0.680ns (DCD - SCD - CPR)
    Destination Clock Delay (DCD):    0.844ns
    Source Clock Delay      (SCD):    1.525ns
    Clock Pessimism Removal (CPR):    -0.000ns
  Clock Uncertainty:      0.202ns  ((TSJ^2 + DJ^2)^1/2) / 2 + PE
    Total System Jitter     (TSJ):    0.071ns
    Discrete Jitter          (DJ):    0.182ns
    Phase Error              (PE):    0.104ns
  Clock Domain Crossing:  Inter clock paths are considered valid unless explicitly excluded by timing constraints such as set_clock_groups or set_false_path.

    Location             Delay type                Incr(ns)  Path(ns)    Netlist Resource(s)
  -------------------------------------------------------------------    -------------------
                         (clock sys_clk_pin rise edge)
                                                      0.000     0.000 r  
    E3                                                0.000     0.000 r  clk (IN)
                         net (fo=0)                   0.000     0.000    clk
    E3                   IBUF (Prop_ibuf_I_O)         0.250     0.250 r  clk_IBUF_inst/O
                         net (fo=1, routed)           0.644     0.894    clk_IBUF
    BUFGCTRL_X0Y16       BUFG (Prop_bufg_I_O)         0.026     0.920 r  clk_IBUF_BUFG_inst/O
                         net (fo=186, routed)         0.605     1.525    <hidden>
    RAMB36_X0Y21         RAMB36E1                                     r  <hidden>
  -------------------------------------------------------------------    -------------------
    RAMB36_X0Y21         RAMB36E1 (Prop_ramb36e1_CLKBWRCLK_DOBDO[0])
                                                      0.204     1.729 r  <hidden>
                         net (fo=1, routed)           0.327     2.056    Control_path/v1/b2/bram_dout[3]
    SLICE_X10Y102        FDRE                                         r  Control_path/v1/b2/vga_out_reg[3]/D
  -------------------------------------------------------------------    -------------------

                         (clock clk_out1_clk_25 rise edge)
                                                      0.000     0.000 r  
    BUFGCTRL_X0Y16       BUFG                         0.000     0.000 r  clk_IBUF_BUFG_inst/O
                         net (fo=186, routed)         0.828     0.828    c25/inst/clk_in1
    MMCME2_ADV_X0Y1      MMCME2_ADV (Prop_mmcme2_adv_CLKIN1_CLKOUT0)
                                                     -1.394    -0.567 r  c25/inst/mmcm_adv_inst/CLKOUT0
                         net (fo=1, routed)           0.540    -0.027    c25/inst/clk_out1_clk_25
    BUFGCTRL_X0Y0        BUFG (Prop_bufg_I_O)         0.029     0.002 r  c25/inst/clkout1_buf/O
                         net (fo=40, routed)          0.843     0.844    Control_path/v1/b2/CLK
    SLICE_X10Y102        FDRE                                         r  Control_path/v1/b2/vga_out_reg[3]/C
                         clock pessimism              0.000     0.844    
                         clock uncertainty            0.202     1.046    
    SLICE_X10Y102        FDRE (Hold_fdre_C_D)         0.063     1.109    Control_path/v1/b2/vga_out_reg[3]
  -------------------------------------------------------------------
                         required time                         -1.109    
                         arrival time                           2.056    
  -------------------------------------------------------------------
                         slack                                  0.947    

Slack (MET) :             1.008ns  (arrival time - required time)
  Source:                 <hidden>
                            (rising edge-triggered cell RAMB36E1 clocked by sys_clk_pin  {rise@0.000ns fall@5.000ns period=10.000ns})
  Destination:            Control_path/v1/b2/vga_out_reg[2]/D
                            (rising edge-triggered cell FDRE clocked by clk_out1_clk_25  {rise@0.000ns fall@20.000ns period=40.000ns})
  Path Group:             clk_out1_clk_25
  Path Type:              Hold (Min at Fast Process Corner)
  Requirement:            0.000ns  (clk_out1_clk_25 rise@0.000ns - sys_clk_pin rise@0.000ns)
  Data Path Delay:        0.587ns  (logic 0.204ns (34.738%)  route 0.383ns (65.262%))
  Logic Levels:           0  
  Clock Path Skew:        -0.686ns (DCD - SCD - CPR)
    Destination Clock Delay (DCD):    0.844ns
    Source Clock Delay      (SCD):    1.531ns
    Clock Pessimism Removal (CPR):    -0.000ns
  Clock Uncertainty:      0.202ns  ((TSJ^2 + DJ^2)^1/2) / 2 + PE
    Total System Jitter     (TSJ):    0.071ns
    Discrete Jitter          (DJ):    0.182ns
    Phase Error              (PE):    0.104ns
  Clock Domain Crossing:  Inter clock paths are considered valid unless explicitly excluded by timing constraints such as set_clock_groups or set_false_path.

    Location             Delay type                Incr(ns)  Path(ns)    Netlist Resource(s)
  -------------------------------------------------------------------    -------------------
                         (clock sys_clk_pin rise edge)
                                                      0.000     0.000 r  
    E3                                                0.000     0.000 r  clk (IN)
                         net (fo=0)                   0.000     0.000    clk
    E3                   IBUF (Prop_ibuf_I_O)         0.250     0.250 r  clk_IBUF_inst/O
                         net (fo=1, routed)           0.644     0.894    clk_IBUF
    BUFGCTRL_X0Y16       BUFG (Prop_bufg_I_O)         0.026     0.920 r  clk_IBUF_BUFG_inst/O
                         net (fo=186, routed)         0.611     1.531    <hidden>
    RAMB36_X0Y19         RAMB36E1                                     r  <hidden>
  -------------------------------------------------------------------    -------------------
    RAMB36_X0Y19         RAMB36E1 (Prop_ramb36e1_CLKBWRCLK_DOBDO[0])
                                                      0.204     1.735 r  <hidden>
                         net (fo=1, routed)           0.383     2.118    Control_path/v1/b2/bram_dout[2]
    SLICE_X10Y102        FDRE                                         r  Control_path/v1/b2/vga_out_reg[2]/D
  -------------------------------------------------------------------    -------------------

                         (clock clk_out1_clk_25 rise edge)
                                                      0.000     0.000 r  
    BUFGCTRL_X0Y16       BUFG                         0.000     0.000 r  clk_IBUF_BUFG_inst/O
                         net (fo=186, routed)         0.828     0.828    c25/inst/clk_in1
    MMCME2_ADV_X0Y1      MMCME2_ADV (Prop_mmcme2_adv_CLKIN1_CLKOUT0)
                                                     -1.394    -0.567 r  c25/inst/mmcm_adv_inst/CLKOUT0
                         net (fo=1, routed)           0.540    -0.027    c25/inst/clk_out1_clk_25
    BUFGCTRL_X0Y0        BUFG (Prop_bufg_I_O)         0.029     0.002 r  c25/inst/clkout1_buf/O
                         net (fo=40, routed)          0.843     0.844    Control_path/v1/b2/CLK
    SLICE_X10Y102        FDRE                                         r  Control_path/v1/b2/vga_out_reg[2]/C
                         clock pessimism              0.000     0.844    
                         clock uncertainty            0.202     1.046    
    SLICE_X10Y102        FDRE (Hold_fdre_C_D)         0.063     1.109    Control_path/v1/b2/vga_out_reg[2]
  -------------------------------------------------------------------
                         required time                         -1.109    
                         arrival time                           2.118    
  -------------------------------------------------------------------
                         slack                                  1.008    

Slack (MET) :             1.026ns  (arrival time - required time)
  Source:                 <hidden>
                            (rising edge-triggered cell RAMB36E1 clocked by sys_clk_pin  {rise@0.000ns fall@5.000ns period=10.000ns})
  Destination:            Control_path/v1/b2/vga_out_reg[0]/D
                            (rising edge-triggered cell FDRE clocked by clk_out1_clk_25  {rise@0.000ns fall@20.000ns period=40.000ns})
  Path Group:             clk_out1_clk_25
  Path Type:              Hold (Min at Fast Process Corner)
  Requirement:            0.000ns  (clk_out1_clk_25 rise@0.000ns - sys_clk_pin rise@0.000ns)
  Data Path Delay:        0.621ns  (logic 0.204ns (32.860%)  route 0.417ns (67.140%))
  Logic Levels:           0  
  Clock Path Skew:        -0.677ns (DCD - SCD - CPR)
    Destination Clock Delay (DCD):    0.843ns
    Source Clock Delay      (SCD):    1.521ns
    Clock Pessimism Removal (CPR):    -0.000ns
  Clock Uncertainty:      0.202ns  ((TSJ^2 + DJ^2)^1/2) / 2 + PE
    Total System Jitter     (TSJ):    0.071ns
    Discrete Jitter          (DJ):    0.182ns
    Phase Error              (PE):    0.104ns
  Clock Domain Crossing:  Inter clock paths are considered valid unless explicitly excluded by timing constraints such as set_clock_groups or set_false_path.

    Location             Delay type                Incr(ns)  Path(ns)    Netlist Resource(s)
  -------------------------------------------------------------------    -------------------
                         (clock sys_clk_pin rise edge)
                                                      0.000     0.000 r  
    E3                                                0.000     0.000 r  clk (IN)
                         net (fo=0)                   0.000     0.000    clk
    E3                   IBUF (Prop_ibuf_I_O)         0.250     0.250 r  clk_IBUF_inst/O
                         net (fo=1, routed)           0.644     0.894    clk_IBUF
    BUFGCTRL_X0Y16       BUFG (Prop_bufg_I_O)         0.026     0.920 r  clk_IBUF_BUFG_inst/O
                         net (fo=186, routed)         0.601     1.521    <hidden>
    RAMB36_X0Y23         RAMB36E1                                     r  <hidden>
  -------------------------------------------------------------------    -------------------
    RAMB36_X0Y23         RAMB36E1 (Prop_ramb36e1_CLKBWRCLK_DOBDO[0])
                                                      0.204     1.725 r  <hidden>
                         net (fo=1, routed)           0.417     2.142    Control_path/v1/b2/bram_dout[0]
    SLICE_X9Y103         FDRE                                         r  Control_path/v1/b2/vga_out_reg[0]/D
  -------------------------------------------------------------------    -------------------

                         (clock clk_out1_clk_25 rise edge)
                                                      0.000     0.000 r  
    BUFGCTRL_X0Y16       BUFG                         0.000     0.000 r  clk_IBUF_BUFG_inst/O
                         net (fo=186, routed)         0.828     0.828    c25/inst/clk_in1
    MMCME2_ADV_X0Y1      MMCME2_ADV (Prop_mmcme2_adv_CLKIN1_CLKOUT0)
                                                     -1.394    -0.567 r  c25/inst/mmcm_adv_inst/CLKOUT0
                         net (fo=1, routed)           0.540    -0.027    c25/inst/clk_out1_clk_25
    BUFGCTRL_X0Y0        BUFG (Prop_bufg_I_O)         0.029     0.002 r  c25/inst/clkout1_buf/O
                         net (fo=40, routed)          0.841     0.843    Control_path/v1/b2/CLK
    SLICE_X9Y103         FDRE                                         r  Control_path/v1/b2/vga_out_reg[0]/C
                         clock pessimism              0.000     0.843    
                         clock uncertainty            0.202     1.045    
    SLICE_X9Y103         FDRE (Hold_fdre_C_D)         0.070     1.115    Control_path/v1/b2/vga_out_reg[0]
  -------------------------------------------------------------------
                         required time                         -1.115    
                         arrival time                           2.142    
  -------------------------------------------------------------------
                         slack                                  1.026    

Slack (MET) :             1.085ns  (arrival time - required time)
  Source:                 <hidden>
                            (rising edge-triggered cell RAMB36E1 clocked by sys_clk_pin  {rise@0.000ns fall@5.000ns period=10.000ns})
  Destination:            Control_path/v1/b1/vga_out_reg[2]/D
                            (rising edge-triggered cell FDRE clocked by clk_out1_clk_25  {rise@0.000ns fall@20.000ns period=40.000ns})
  Path Group:             clk_out1_clk_25
  Path Type:              Hold (Min at Fast Process Corner)
  Requirement:            0.000ns  (clk_out1_clk_25 rise@0.000ns - sys_clk_pin rise@0.000ns)
  Data Path Delay:        0.653ns  (logic 0.204ns (31.237%)  route 0.449ns (68.763%))
  Logic Levels:           0  
  Clock Path Skew:        -0.693ns (DCD - SCD - CPR)
    Destination Clock Delay (DCD):    0.834ns
    Source Clock Delay      (SCD):    1.527ns
    Clock Pessimism Removal (CPR):    -0.000ns
  Clock Uncertainty:      0.202ns  ((TSJ^2 + DJ^2)^1/2) / 2 + PE
    Total System Jitter     (TSJ):    0.071ns
    Discrete Jitter          (DJ):    0.182ns
    Phase Error              (PE):    0.104ns
  Clock Domain Crossing:  Inter clock paths are considered valid unless explicitly excluded by timing constraints such as set_clock_groups or set_false_path.

    Location             Delay type                Incr(ns)  Path(ns)    Netlist Resource(s)
  -------------------------------------------------------------------    -------------------
                         (clock sys_clk_pin rise edge)
                                                      0.000     0.000 r  
    E3                                                0.000     0.000 r  clk (IN)
                         net (fo=0)                   0.000     0.000    clk
    E3                   IBUF (Prop_ibuf_I_O)         0.250     0.250 r  clk_IBUF_inst/O
                         net (fo=1, routed)           0.644     0.894    clk_IBUF
    BUFGCTRL_X0Y16       BUFG (Prop_bufg_I_O)         0.026     0.920 r  clk_IBUF_BUFG_inst/O
                         net (fo=186, routed)         0.607     1.527    <hidden>
    RAMB36_X0Y13         RAMB36E1                                     r  <hidden>
  -------------------------------------------------------------------    -------------------
    RAMB36_X0Y13         RAMB36E1 (Prop_ramb36e1_CLKBWRCLK_DOBDO[0])
                                                      0.204     1.731 r  <hidden>
                         net (fo=1, routed)           0.449     2.180    Control_path/v1/b1/bram_dout[2]
    SLICE_X10Y78         FDRE                                         r  Control_path/v1/b1/vga_out_reg[2]/D
  -------------------------------------------------------------------    -------------------

                         (clock clk_out1_clk_25 rise edge)
                                                      0.000     0.000 r  
    BUFGCTRL_X0Y16       BUFG                         0.000     0.000 r  clk_IBUF_BUFG_inst/O
                         net (fo=186, routed)         0.828     0.828    c25/inst/clk_in1
    MMCME2_ADV_X0Y1      MMCME2_ADV (Prop_mmcme2_adv_CLKIN1_CLKOUT0)
                                                     -1.394    -0.567 r  c25/inst/mmcm_adv_inst/CLKOUT0
                         net (fo=1, routed)           0.540    -0.027    c25/inst/clk_out1_clk_25
    BUFGCTRL_X0Y0        BUFG (Prop_bufg_I_O)         0.029     0.002 r  c25/inst/clkout1_buf/O
                         net (fo=40, routed)          0.832     0.834    Control_path/v1/b1/CLK
    SLICE_X10Y78         FDRE                                         r  Control_path/v1/b1/vga_out_reg[2]/C
                         clock pessimism              0.000     0.834    
                         clock uncertainty            0.202     1.036    
    SLICE_X10Y78         FDRE (Hold_fdre_C_D)         0.059     1.095    Control_path/v1/b1/vga_out_reg[2]
  -------------------------------------------------------------------
                         required time                         -1.095    
                         arrival time                           2.180    
  -------------------------------------------------------------------
                         slack                                  1.085    

Slack (MET) :             1.166ns  (arrival time - required time)
  Source:                 <hidden>
                            (rising edge-triggered cell RAMB36E1 clocked by sys_clk_pin  {rise@0.000ns fall@5.000ns period=10.000ns})
  Destination:            Control_path/v1/b2/vga_out_reg[1]/D
                            (rising edge-triggered cell FDRE clocked by clk_out1_clk_25  {rise@0.000ns fall@20.000ns period=40.000ns})
  Path Group:             clk_out1_clk_25
  Path Type:              Hold (Min at Fast Process Corner)
  Requirement:            0.000ns  (clk_out1_clk_25 rise@0.000ns - sys_clk_pin rise@0.000ns)
  Data Path Delay:        0.757ns  (logic 0.204ns (26.942%)  route 0.553ns (73.058%))
  Logic Levels:           0  
  Clock Path Skew:        -0.683ns (DCD - SCD - CPR)
    Destination Clock Delay (DCD):    0.843ns
    Source Clock Delay      (SCD):    1.527ns
    Clock Pessimism Removal (CPR):    -0.000ns
  Clock Uncertainty:      0.202ns  ((TSJ^2 + DJ^2)^1/2) / 2 + PE
    Total System Jitter     (TSJ):    0.071ns
    Discrete Jitter          (DJ):    0.182ns
    Phase Error              (PE):    0.104ns
  Clock Domain Crossing:  Inter clock paths are considered valid unless explicitly excluded by timing constraints such as set_clock_groups or set_false_path.

    Location             Delay type                Incr(ns)  Path(ns)    Netlist Resource(s)
  -------------------------------------------------------------------    -------------------
                         (clock sys_clk_pin rise edge)
                                                      0.000     0.000 r  
    E3                                                0.000     0.000 r  clk (IN)
                         net (fo=0)                   0.000     0.000    clk
    E3                   IBUF (Prop_ibuf_I_O)         0.250     0.250 r  clk_IBUF_inst/O
                         net (fo=1, routed)           0.644     0.894    clk_IBUF
    BUFGCTRL_X0Y16       BUFG (Prop_bufg_I_O)         0.026     0.920 r  clk_IBUF_BUFG_inst/O
                         net (fo=186, routed)         0.607     1.527    <hidden>
    RAMB36_X0Y17         RAMB36E1                                     r  <hidden>
  -------------------------------------------------------------------    -------------------
    RAMB36_X0Y17         RAMB36E1 (Prop_ramb36e1_CLKBWRCLK_DOBDO[0])
                                                      0.204     1.731 r  <hidden>
                         net (fo=1, routed)           0.553     2.284    Control_path/v1/b2/bram_dout[1]
    SLICE_X9Y103         FDRE                                         r  Control_path/v1/b2/vga_out_reg[1]/D
  -------------------------------------------------------------------    -------------------

                         (clock clk_out1_clk_25 rise edge)
                                                      0.000     0.000 r  
    BUFGCTRL_X0Y16       BUFG                         0.000     0.000 r  clk_IBUF_BUFG_inst/O
                         net (fo=186, routed)         0.828     0.828    c25/inst/clk_in1
    MMCME2_ADV_X0Y1      MMCME2_ADV (Prop_mmcme2_adv_CLKIN1_CLKOUT0)
                                                     -1.394    -0.567 r  c25/inst/mmcm_adv_inst/CLKOUT0
                         net (fo=1, routed)           0.540    -0.027    c25/inst/clk_out1_clk_25
    BUFGCTRL_X0Y0        BUFG (Prop_bufg_I_O)         0.029     0.002 r  c25/inst/clkout1_buf/O
                         net (fo=40, routed)          0.841     0.843    Control_path/v1/b2/CLK
    SLICE_X9Y103         FDRE                                         r  Control_path/v1/b2/vga_out_reg[1]/C
                         clock pessimism              0.000     0.843    
                         clock uncertainty            0.202     1.045    
    SLICE_X9Y103         FDRE (Hold_fdre_C_D)         0.072     1.117    Control_path/v1/b2/vga_out_reg[1]
  -------------------------------------------------------------------
                         required time                         -1.117    
                         arrival time                           2.284    
  -------------------------------------------------------------------
                         slack                                  1.166    

Slack (MET) :             1.248ns  (arrival time - required time)
  Source:                 <hidden>
                            (rising edge-triggered cell RAMB36E1 clocked by sys_clk_pin  {rise@0.000ns fall@5.000ns period=10.000ns})
  Destination:            Control_path/v1/b1/vga_out_reg[1]/D
                            (rising edge-triggered cell FDRE clocked by clk_out1_clk_25  {rise@0.000ns fall@20.000ns period=40.000ns})
  Path Group:             clk_out1_clk_25
  Path Type:              Hold (Min at Fast Process Corner)
  Requirement:            0.000ns  (clk_out1_clk_25 rise@0.000ns - sys_clk_pin rise@0.000ns)
  Data Path Delay:        0.805ns  (logic 0.204ns (25.344%)  route 0.601ns (74.656%))
  Logic Levels:           0  
  Clock Path Skew:        -0.697ns (DCD - SCD - CPR)
    Destination Clock Delay (DCD):    0.834ns
    Source Clock Delay      (SCD):    1.531ns
    Clock Pessimism Removal (CPR):    -0.000ns
  Clock Uncertainty:      0.202ns  ((TSJ^2 + DJ^2)^1/2) / 2 + PE
    Total System Jitter     (TSJ):    0.071ns
    Discrete Jitter          (DJ):    0.182ns
    Phase Error              (PE):    0.104ns
  Clock Domain Crossing:  Inter clock paths are considered valid unless explicitly excluded by timing constraints such as set_clock_groups or set_false_path.

    Location             Delay type                Incr(ns)  Path(ns)    Netlist Resource(s)
  -------------------------------------------------------------------    -------------------
                         (clock sys_clk_pin rise edge)
                                                      0.000     0.000 r  
    E3                                                0.000     0.000 r  clk (IN)
                         net (fo=0)                   0.000     0.000    clk
    E3                   IBUF (Prop_ibuf_I_O)         0.250     0.250 r  clk_IBUF_inst/O
                         net (fo=1, routed)           0.644     0.894    clk_IBUF
    BUFGCTRL_X0Y16       BUFG (Prop_bufg_I_O)         0.026     0.920 r  clk_IBUF_BUFG_inst/O
                         net (fo=186, routed)         0.611     1.531    <hidden>
    RAMB36_X0Y11         RAMB36E1                                     r  <hidden>
  -------------------------------------------------------------------    -------------------
    RAMB36_X0Y11         RAMB36E1 (Prop_ramb36e1_CLKBWRCLK_DOBDO[0])
                                                      0.204     1.735 r  <hidden>
                         net (fo=1, routed)           0.601     2.336    Control_path/v1/b1/bram_dout[1]
    SLICE_X8Y78          FDRE                                         r  Control_path/v1/b1/vga_out_reg[1]/D
  -------------------------------------------------------------------    -------------------

                         (clock clk_out1_clk_25 rise edge)
                                                      0.000     0.000 r  
    BUFGCTRL_X0Y16       BUFG                         0.000     0.000 r  clk_IBUF_BUFG_inst/O
                         net (fo=186, routed)         0.828     0.828    c25/inst/clk_in1
    MMCME2_ADV_X0Y1      MMCME2_ADV (Prop_mmcme2_adv_CLKIN1_CLKOUT0)
                                                     -1.394    -0.567 r  c25/inst/mmcm_adv_inst/CLKOUT0
                         net (fo=1, routed)           0.540    -0.027    c25/inst/clk_out1_clk_25
    BUFGCTRL_X0Y0        BUFG (Prop_bufg_I_O)         0.029     0.002 r  c25/inst/clkout1_buf/O
                         net (fo=40, routed)          0.832     0.834    Control_path/v1/b1/CLK
    SLICE_X8Y78          FDRE                                         r  Control_path/v1/b1/vga_out_reg[1]/C
                         clock pessimism              0.000     0.834    
                         clock uncertainty            0.202     1.036    
    SLICE_X8Y78          FDRE (Hold_fdre_C_D)         0.052     1.088    Control_path/v1/b1/vga_out_reg[1]
  -------------------------------------------------------------------
                         required time                         -1.088    
                         arrival time                           2.336    
  -------------------------------------------------------------------
                         slack                                  1.248    

Slack (MET) :             1.325ns  (arrival time - required time)
  Source:                 <hidden>
                            (rising edge-triggered cell RAMB36E1 clocked by sys_clk_pin  {rise@0.000ns fall@5.000ns period=10.000ns})
  Destination:            Control_path/v1/b1/vga_out_reg[0]/D
                            (rising edge-triggered cell FDRE clocked by clk_out1_clk_25  {rise@0.000ns fall@20.000ns period=40.000ns})
  Path Group:             clk_out1_clk_25
  Path Type:              Hold (Min at Fast Process Corner)
  Requirement:            0.000ns  (clk_out1_clk_25 rise@0.000ns - sys_clk_pin rise@0.000ns)
  Data Path Delay:        0.822ns  (logic 0.204ns (24.812%)  route 0.618ns (75.188%))
  Logic Levels:           0  
  Clock Path Skew:        -0.764ns (DCD - SCD - CPR)
    Destination Clock Delay (DCD):    0.834ns
    Source Clock Delay      (SCD):    1.597ns
    Clock Pessimism Removal (CPR):    -0.000ns
  Clock Uncertainty:      0.202ns  ((TSJ^2 + DJ^2)^1/2) / 2 + PE
    Total System Jitter     (TSJ):    0.071ns
    Discrete Jitter          (DJ):    0.182ns
    Phase Error              (PE):    0.104ns
  Clock Domain Crossing:  Inter clock paths are considered valid unless explicitly excluded by timing constraints such as set_clock_groups or set_false_path.

    Location             Delay type                Incr(ns)  Path(ns)    Netlist Resource(s)
  -------------------------------------------------------------------    -------------------
                         (clock sys_clk_pin rise edge)
                                                      0.000     0.000 r  
    E3                                                0.000     0.000 r  clk (IN)
                         net (fo=0)                   0.000     0.000    clk
    E3                   IBUF (Prop_ibuf_I_O)         0.250     0.250 r  clk_IBUF_inst/O
                         net (fo=1, routed)           0.644     0.894    clk_IBUF
    BUFGCTRL_X0Y16       BUFG (Prop_bufg_I_O)         0.026     0.920 r  clk_IBUF_BUFG_inst/O
                         net (fo=186, routed)         0.678     1.597    <hidden>
    RAMB36_X0Y9          RAMB36E1                                     r  <hidden>
  -------------------------------------------------------------------    -------------------
    RAMB36_X0Y9          RAMB36E1 (Prop_ramb36e1_CLKBWRCLK_DOBDO[0])
                                                      0.204     1.801 r  <hidden>
                         net (fo=1, routed)           0.618     2.419    Control_path/v1/b1/bram_dout[0]
    SLICE_X8Y78          FDRE                                         r  Control_path/v1/b1/vga_out_reg[0]/D
  -------------------------------------------------------------------    -------------------

                         (clock clk_out1_clk_25 rise edge)
                                                      0.000     0.000 r  
    BUFGCTRL_X0Y16       BUFG                         0.000     0.000 r  clk_IBUF_BUFG_inst/O
                         net (fo=186, routed)         0.828     0.828    c25/inst/clk_in1
    MMCME2_ADV_X0Y1      MMCME2_ADV (Prop_mmcme2_adv_CLKIN1_CLKOUT0)
                                                     -1.394    -0.567 r  c25/inst/mmcm_adv_inst/CLKOUT0
                         net (fo=1, routed)           0.540    -0.027    c25/inst/clk_out1_clk_25
    BUFGCTRL_X0Y0        BUFG (Prop_bufg_I_O)         0.029     0.002 r  c25/inst/clkout1_buf/O
                         net (fo=40, routed)          0.832     0.834    Control_path/v1/b1/CLK
    SLICE_X8Y78          FDRE                                         r  Control_path/v1/b1/vga_out_reg[0]/C
                         clock pessimism              0.000     0.834    
                         clock uncertainty            0.202     1.036    
    SLICE_X8Y78          FDRE (Hold_fdre_C_D)         0.059     1.095    Control_path/v1/b1/vga_out_reg[0]
  -------------------------------------------------------------------
                         required time                         -1.095    
                         arrival time                           2.419    
  -------------------------------------------------------------------
                         slack                                  1.325    





---------------------------------------------------------------------------------------------------
From Clock:  sys_clk_pin
  To Clock:  clk_out1_clk_50

Setup :            0  Failing Endpoints,  Worst Slack        1.343ns,  Total Violation        0.000ns
Hold  :            0  Failing Endpoints,  Worst Slack        0.587ns,  Total Violation        0.000ns
---------------------------------------------------------------------------------------------------


Max Delay Paths
--------------------------------------------------------------------------------------
Slack (MET) :             1.343ns  (required time - arrival time)
  Source:                 Control_path/v1/c1/addr_reg[10]/C
                            (rising edge-triggered cell FDRE clocked by sys_clk_pin  {rise@0.000ns fall@5.000ns period=10.000ns})
  Destination:            <hidden>
                            (rising edge-triggered cell RAMB36E1 clocked by clk_out1_clk_50  {rise@0.000ns fall@10.000ns period=20.000ns})
  Path Group:             clk_out1_clk_50
  Path Type:              Setup (Max at Slow Process Corner)
  Requirement:            10.000ns  (clk_out1_clk_50 rise@20.000ns - sys_clk_pin rise@10.000ns)
  Data Path Delay:        4.139ns  (logic 0.580ns (14.011%)  route 3.559ns (85.989%))
  Logic Levels:           1  (LUT4=1)
  Clock Path Skew:        -3.770ns (DCD - SCD + CPR)
    Destination Clock Delay (DCD):    1.539ns = ( 21.539 - 20.000 ) 
    Source Clock Delay      (SCD):    5.309ns = ( 15.309 - 10.000 ) 
    Clock Pessimism Removal (CPR):    0.000ns
  Clock Uncertainty:      0.182ns  ((TSJ^2 + DJ^2)^1/2) / 2 + PE
    Total System Jitter     (TSJ):    0.071ns
    Discrete Jitter          (DJ):    0.152ns
    Phase Error              (PE):    0.099ns
  Clock Domain Crossing:  Inter clock paths are considered valid unless explicitly excluded by timing constraints such as set_clock_groups or set_false_path.

    Location             Delay type                Incr(ns)  Path(ns)    Netlist Resource(s)
  -------------------------------------------------------------------    -------------------
                         (clock sys_clk_pin rise edge)
                                                     10.000    10.000 r  
    E3                                                0.000    10.000 r  clk (IN)
                         net (fo=0)                   0.000    10.000    clk
    E3                   IBUF (Prop_ibuf_I_O)         1.482    11.482 r  clk_IBUF_inst/O
                         net (fo=1, routed)           2.025    13.506    clk_IBUF
    BUFGCTRL_X0Y16       BUFG (Prop_bufg_I_O)         0.096    13.602 r  clk_IBUF_BUFG_inst/O
                         net (fo=186, routed)         1.706    15.309    Control_path/v1/c1/clk
    SLICE_X5Y76          FDRE                                         r  Control_path/v1/c1/addr_reg[10]/C
  -------------------------------------------------------------------    -------------------
    SLICE_X5Y76          FDRE (Prop_fdre_C_Q)         0.456    15.765 r  Control_path/v1/c1/addr_reg[10]/Q
                         net (fo=6, routed)           0.958    16.722    Control_path/v1/c1/addr_reg[13]_0[10]
    SLICE_X8Y78          LUT4 (Prop_lut4_I0_O)        0.124    16.846 r  Control_path/v1/c1/buffer_ram_2_i_6/O
                         net (fo=8, routed)           2.602    19.448    <hidden>
    RAMB36_X0Y23         RAMB36E1                                     r  <hidden>
  -------------------------------------------------------------------    -------------------

                         (clock clk_out1_clk_50 rise edge)
                                                     20.000    20.000 r  
    BUFGCTRL_X0Y16       BUFG                         0.000    20.000 r  clk_IBUF_BUFG_inst/O
                         net (fo=186, routed)         1.683    21.683    c50/inst/clk_in1
    MMCME2_ADV_X0Y0      MMCME2_ADV (Prop_mmcme2_adv_CLKIN1_CLKOUT0)
                                                     -3.694    17.989 r  c50/inst/mmcm_adv_inst/CLKOUT0
                         net (fo=1, routed)           1.923    19.912    c50/inst/clk_out1_clk_50
    BUFGCTRL_X0Y1        BUFG (Prop_bufg_I_O)         0.091    20.003 r  c50/inst/clkout1_buf/O
                         net (fo=16, routed)          1.536    21.539    <hidden>
    RAMB36_X0Y23         RAMB36E1                                     r  <hidden>
                         clock pessimism              0.000    21.539    
                         clock uncertainty           -0.182    21.357    
    RAMB36_X0Y23         RAMB36E1 (Setup_ramb36e1_CLKARDCLK_ADDRARDADDR[10])
                                                     -0.566    20.791    <hidden>
  -------------------------------------------------------------------
                         required time                         20.791    
                         arrival time                         -19.448    
  -------------------------------------------------------------------
                         slack                                  1.343    

Slack (MET) :             1.365ns  (required time - arrival time)
  Source:                 Control_path/v1/c1/addr_reg[15]/C
                            (rising edge-triggered cell FDRE clocked by sys_clk_pin  {rise@0.000ns fall@5.000ns period=10.000ns})
  Destination:            <hidden>
                            (rising edge-triggered cell RAMB36E1 clocked by clk_out1_clk_50  {rise@0.000ns fall@10.000ns period=20.000ns})
  Path Group:             clk_out1_clk_50
  Path Type:              Setup (Max at Slow Process Corner)
  Requirement:            10.000ns  (clk_out1_clk_50 rise@20.000ns - sys_clk_pin rise@10.000ns)
  Data Path Delay:        4.167ns  (logic 0.580ns (13.918%)  route 3.587ns (86.082%))
  Logic Levels:           1  (LUT4=1)
  Clock Path Skew:        -3.771ns (DCD - SCD + CPR)
    Destination Clock Delay (DCD):    1.539ns = ( 21.539 - 20.000 ) 
    Source Clock Delay      (SCD):    5.310ns = ( 15.310 - 10.000 ) 
    Clock Pessimism Removal (CPR):    0.000ns
  Clock Uncertainty:      0.182ns  ((TSJ^2 + DJ^2)^1/2) / 2 + PE
    Total System Jitter     (TSJ):    0.071ns
    Discrete Jitter          (DJ):    0.152ns
    Phase Error              (PE):    0.099ns
  Clock Domain Crossing:  Inter clock paths are considered valid unless explicitly excluded by timing constraints such as set_clock_groups or set_false_path.

    Location             Delay type                Incr(ns)  Path(ns)    Netlist Resource(s)
  -------------------------------------------------------------------    -------------------
                         (clock sys_clk_pin rise edge)
                                                     10.000    10.000 r  
    E3                                                0.000    10.000 r  clk (IN)
                         net (fo=0)                   0.000    10.000    clk
    E3                   IBUF (Prop_ibuf_I_O)         1.482    11.482 r  clk_IBUF_inst/O
                         net (fo=1, routed)           2.025    13.506    clk_IBUF
    BUFGCTRL_X0Y16       BUFG (Prop_bufg_I_O)         0.096    13.602 r  clk_IBUF_BUFG_inst/O
                         net (fo=186, routed)         1.707    15.310    Control_path/v1/c1/clk
    SLICE_X5Y77          FDRE                                         r  Control_path/v1/c1/addr_reg[15]/C
  -------------------------------------------------------------------    -------------------
    SLICE_X5Y77          FDRE (Prop_fdre_C_Q)         0.456    15.766 r  Control_path/v1/c1/addr_reg[15]/Q
                         net (fo=4, routed)           0.597    16.363    Control_path/v1/c1/addr1[15]
    SLICE_X7Y77          LUT4 (Prop_lut4_I0_O)        0.124    16.487 r  Control_path/v1/c1/buffer_ram_2_i_1/O
                         net (fo=8, routed)           2.990    19.477    <hidden>
    RAMB36_X0Y23         RAMB36E1                                     r  <hidden>
  -------------------------------------------------------------------    -------------------

                         (clock clk_out1_clk_50 rise edge)
                                                     20.000    20.000 r  
    BUFGCTRL_X0Y16       BUFG                         0.000    20.000 r  clk_IBUF_BUFG_inst/O
                         net (fo=186, routed)         1.683    21.683    c50/inst/clk_in1
    MMCME2_ADV_X0Y0      MMCME2_ADV (Prop_mmcme2_adv_CLKIN1_CLKOUT0)
                                                     -3.694    17.989 r  c50/inst/mmcm_adv_inst/CLKOUT0
                         net (fo=1, routed)           1.923    19.912    c50/inst/clk_out1_clk_50
    BUFGCTRL_X0Y1        BUFG (Prop_bufg_I_O)         0.091    20.003 r  c50/inst/clkout1_buf/O
                         net (fo=16, routed)          1.536    21.539    <hidden>
    RAMB36_X0Y23         RAMB36E1                                     r  <hidden>
                         clock pessimism              0.000    21.539    
                         clock uncertainty           -0.182    21.357    
    RAMB36_X0Y23         RAMB36E1 (Setup_ramb36e1_CLKARDCLK_ADDRARDADDR[15])
                                                     -0.515    20.842    <hidden>
  -------------------------------------------------------------------
                         required time                         20.842    
                         arrival time                         -19.477    
  -------------------------------------------------------------------
                         slack                                  1.365    

Slack (MET) :             1.406ns  (required time - arrival time)
  Source:                 Control_path/v1/c1/addr_reg[15]/C
                            (rising edge-triggered cell FDRE clocked by sys_clk_pin  {rise@0.000ns fall@5.000ns period=10.000ns})
  Destination:            <hidden>
                            (rising edge-triggered cell RAMB36E1 clocked by clk_out1_clk_50  {rise@0.000ns fall@10.000ns period=20.000ns})
  Path Group:             clk_out1_clk_50
  Path Type:              Setup (Max at Slow Process Corner)
  Requirement:            10.000ns  (clk_out1_clk_50 rise@20.000ns - sys_clk_pin rise@10.000ns)
  Data Path Delay:        4.132ns  (logic 0.580ns (14.036%)  route 3.552ns (85.964%))
  Logic Levels:           1  (LUT4=1)
  Clock Path Skew:        -3.765ns (DCD - SCD + CPR)
    Destination Clock Delay (DCD):    1.545ns = ( 21.545 - 20.000 ) 
    Source Clock Delay      (SCD):    5.310ns = ( 15.310 - 10.000 ) 
    Clock Pessimism Removal (CPR):    0.000ns
  Clock Uncertainty:      0.182ns  ((TSJ^2 + DJ^2)^1/2) / 2 + PE
    Total System Jitter     (TSJ):    0.071ns
    Discrete Jitter          (DJ):    0.152ns
    Phase Error              (PE):    0.099ns
  Clock Domain Crossing:  Inter clock paths are considered valid unless explicitly excluded by timing constraints such as set_clock_groups or set_false_path.

    Location             Delay type                Incr(ns)  Path(ns)    Netlist Resource(s)
  -------------------------------------------------------------------    -------------------
                         (clock sys_clk_pin rise edge)
                                                     10.000    10.000 r  
    E3                                                0.000    10.000 r  clk (IN)
                         net (fo=0)                   0.000    10.000    clk
    E3                   IBUF (Prop_ibuf_I_O)         1.482    11.482 r  clk_IBUF_inst/O
                         net (fo=1, routed)           2.025    13.506    clk_IBUF
    BUFGCTRL_X0Y16       BUFG (Prop_bufg_I_O)         0.096    13.602 r  clk_IBUF_BUFG_inst/O
                         net (fo=186, routed)         1.707    15.310    Control_path/v1/c1/clk
    SLICE_X5Y77          FDRE                                         r  Control_path/v1/c1/addr_reg[15]/C
  -------------------------------------------------------------------    -------------------
    SLICE_X5Y77          FDRE (Prop_fdre_C_Q)         0.456    15.766 r  Control_path/v1/c1/addr_reg[15]/Q
                         net (fo=4, routed)           0.597    16.363    Control_path/v1/c1/addr1[15]
    SLICE_X7Y77          LUT4 (Prop_lut4_I0_O)        0.124    16.487 r  Control_path/v1/c1/buffer_ram_2_i_1/O
                         net (fo=8, routed)           2.955    19.442    <hidden>
    RAMB36_X0Y22         RAMB36E1                                     r  <hidden>
  -------------------------------------------------------------------    -------------------

                         (clock clk_out1_clk_50 rise edge)
                                                     20.000    20.000 r  
    BUFGCTRL_X0Y16       BUFG                         0.000    20.000 r  clk_IBUF_BUFG_inst/O
                         net (fo=186, routed)         1.683    21.683    c50/inst/clk_in1
    MMCME2_ADV_X0Y0      MMCME2_ADV (Prop_mmcme2_adv_CLKIN1_CLKOUT0)
                                                     -3.694    17.989 r  c50/inst/mmcm_adv_inst/CLKOUT0
                         net (fo=1, routed)           1.923    19.912    c50/inst/clk_out1_clk_50
    BUFGCTRL_X0Y1        BUFG (Prop_bufg_I_O)         0.091    20.003 r  c50/inst/clkout1_buf/O
                         net (fo=16, routed)          1.542    21.545    <hidden>
    RAMB36_X0Y22         RAMB36E1                                     r  <hidden>
                         clock pessimism              0.000    21.545    
                         clock uncertainty           -0.182    21.363    
    RAMB36_X0Y22         RAMB36E1 (Setup_ramb36e1_CLKARDCLK_ADDRARDADDR[15])
                                                     -0.515    20.848    <hidden>
  -------------------------------------------------------------------
                         required time                         20.848    
                         arrival time                         -19.442    
  -------------------------------------------------------------------
                         slack                                  1.406    

Slack (MET) :             1.409ns  (required time - arrival time)
  Source:                 Control_path/v1/c1/addr_reg[8]/C
                            (rising edge-triggered cell FDRE clocked by sys_clk_pin  {rise@0.000ns fall@5.000ns period=10.000ns})
  Destination:            <hidden>
                            (rising edge-triggered cell RAMB36E1 clocked by clk_out1_clk_50  {rise@0.000ns fall@10.000ns period=20.000ns})
  Path Group:             clk_out1_clk_50
  Path Type:              Setup (Max at Slow Process Corner)
  Requirement:            10.000ns  (clk_out1_clk_50 rise@20.000ns - sys_clk_pin rise@10.000ns)
  Data Path Delay:        4.075ns  (logic 0.580ns (14.233%)  route 3.495ns (85.767%))
  Logic Levels:           1  (LUT4=1)
  Clock Path Skew:        -3.768ns (DCD - SCD + CPR)
    Destination Clock Delay (DCD):    1.539ns = ( 21.539 - 20.000 ) 
    Source Clock Delay      (SCD):    5.307ns = ( 15.307 - 10.000 ) 
    Clock Pessimism Removal (CPR):    0.000ns
  Clock Uncertainty:      0.182ns  ((TSJ^2 + DJ^2)^1/2) / 2 + PE
    Total System Jitter     (TSJ):    0.071ns
    Discrete Jitter          (DJ):    0.152ns
    Phase Error              (PE):    0.099ns
  Clock Domain Crossing:  Inter clock paths are considered valid unless explicitly excluded by timing constraints such as set_clock_groups or set_false_path.

    Location             Delay type                Incr(ns)  Path(ns)    Netlist Resource(s)
  -------------------------------------------------------------------    -------------------
                         (clock sys_clk_pin rise edge)
                                                     10.000    10.000 r  
    E3                                                0.000    10.000 r  clk (IN)
                         net (fo=0)                   0.000    10.000    clk
    E3                   IBUF (Prop_ibuf_I_O)         1.482    11.482 r  clk_IBUF_inst/O
                         net (fo=1, routed)           2.025    13.506    clk_IBUF
    BUFGCTRL_X0Y16       BUFG (Prop_bufg_I_O)         0.096    13.602 r  clk_IBUF_BUFG_inst/O
                         net (fo=186, routed)         1.704    15.307    Control_path/v1/c1/clk
    SLICE_X5Y75          FDRE                                         r  Control_path/v1/c1/addr_reg[8]/C
  -------------------------------------------------------------------    -------------------
    SLICE_X5Y75          FDRE (Prop_fdre_C_Q)         0.456    15.763 r  Control_path/v1/c1/addr_reg[8]/Q
                         net (fo=5, routed)           0.978    16.741    Control_path/v1/c1/addr_reg[13]_0[8]
    SLICE_X11Y76         LUT4 (Prop_lut4_I0_O)        0.124    16.865 r  Control_path/v1/c1/buffer_ram_2_i_8/O
                         net (fo=8, routed)           2.517    19.382    <hidden>
    RAMB36_X0Y23         RAMB36E1                                     r  <hidden>
  -------------------------------------------------------------------    -------------------

                         (clock clk_out1_clk_50 rise edge)
                                                     20.000    20.000 r  
    BUFGCTRL_X0Y16       BUFG                         0.000    20.000 r  clk_IBUF_BUFG_inst/O
                         net (fo=186, routed)         1.683    21.683    c50/inst/clk_in1
    MMCME2_ADV_X0Y0      MMCME2_ADV (Prop_mmcme2_adv_CLKIN1_CLKOUT0)
                                                     -3.694    17.989 r  c50/inst/mmcm_adv_inst/CLKOUT0
                         net (fo=1, routed)           1.923    19.912    c50/inst/clk_out1_clk_50
    BUFGCTRL_X0Y1        BUFG (Prop_bufg_I_O)         0.091    20.003 r  c50/inst/clkout1_buf/O
                         net (fo=16, routed)          1.536    21.539    <hidden>
    RAMB36_X0Y23         RAMB36E1                                     r  <hidden>
                         clock pessimism              0.000    21.539    
                         clock uncertainty           -0.182    21.357    
    RAMB36_X0Y23         RAMB36E1 (Setup_ramb36e1_CLKARDCLK_ADDRARDADDR[8])
                                                     -0.566    20.791    <hidden>
  -------------------------------------------------------------------
                         required time                         20.791    
                         arrival time                         -19.382    
  -------------------------------------------------------------------
                         slack                                  1.409    

Slack (MET) :             1.433ns  (required time - arrival time)
  Source:                 Control_path/v1/c1/addr_reg[11]/C
                            (rising edge-triggered cell FDRE clocked by sys_clk_pin  {rise@0.000ns fall@5.000ns period=10.000ns})
  Destination:            <hidden>
                            (rising edge-triggered cell RAMB36E1 clocked by clk_out1_clk_50  {rise@0.000ns fall@10.000ns period=20.000ns})
  Path Group:             clk_out1_clk_50
  Path Type:              Setup (Max at Slow Process Corner)
  Requirement:            10.000ns  (clk_out1_clk_50 rise@20.000ns - sys_clk_pin rise@10.000ns)
  Data Path Delay:        4.049ns  (logic 0.580ns (14.325%)  route 3.469ns (85.675%))
  Logic Levels:           1  (LUT4=1)
  Clock Path Skew:        -3.770ns (DCD - SCD + CPR)
    Destination Clock Delay (DCD):    1.539ns = ( 21.539 - 20.000 ) 
    Source Clock Delay      (SCD):    5.309ns = ( 15.309 - 10.000 ) 
    Clock Pessimism Removal (CPR):    0.000ns
  Clock Uncertainty:      0.182ns  ((TSJ^2 + DJ^2)^1/2) / 2 + PE
    Total System Jitter     (TSJ):    0.071ns
    Discrete Jitter          (DJ):    0.152ns
    Phase Error              (PE):    0.099ns
  Clock Domain Crossing:  Inter clock paths are considered valid unless explicitly excluded by timing constraints such as set_clock_groups or set_false_path.

    Location             Delay type                Incr(ns)  Path(ns)    Netlist Resource(s)
  -------------------------------------------------------------------    -------------------
                         (clock sys_clk_pin rise edge)
                                                     10.000    10.000 r  
    E3                                                0.000    10.000 r  clk (IN)
                         net (fo=0)                   0.000    10.000    clk
    E3                   IBUF (Prop_ibuf_I_O)         1.482    11.482 r  clk_IBUF_inst/O
                         net (fo=1, routed)           2.025    13.506    clk_IBUF
    BUFGCTRL_X0Y16       BUFG (Prop_bufg_I_O)         0.096    13.602 r  clk_IBUF_BUFG_inst/O
                         net (fo=186, routed)         1.706    15.309    Control_path/v1/c1/clk
    SLICE_X5Y76          FDRE                                         r  Control_path/v1/c1/addr_reg[11]/C
  -------------------------------------------------------------------    -------------------
    SLICE_X5Y76          FDRE (Prop_fdre_C_Q)         0.456    15.765 r  Control_path/v1/c1/addr_reg[11]/Q
                         net (fo=6, routed)           0.997    16.761    Control_path/v1/c1/addr_reg[13]_0[11]
    SLICE_X8Y78          LUT4 (Prop_lut4_I0_O)        0.124    16.885 r  Control_path/v1/c1/buffer_ram_2_i_5/O
                         net (fo=8, routed)           2.472    19.357    <hidden>
    RAMB36_X0Y23         RAMB36E1                                     r  <hidden>
  -------------------------------------------------------------------    -------------------

                         (clock clk_out1_clk_50 rise edge)
                                                     20.000    20.000 r  
    BUFGCTRL_X0Y16       BUFG                         0.000    20.000 r  clk_IBUF_BUFG_inst/O
                         net (fo=186, routed)         1.683    21.683    c50/inst/clk_in1
    MMCME2_ADV_X0Y0      MMCME2_ADV (Prop_mmcme2_adv_CLKIN1_CLKOUT0)
                                                     -3.694    17.989 r  c50/inst/mmcm_adv_inst/CLKOUT0
                         net (fo=1, routed)           1.923    19.912    c50/inst/clk_out1_clk_50
    BUFGCTRL_X0Y1        BUFG (Prop_bufg_I_O)         0.091    20.003 r  c50/inst/clkout1_buf/O
                         net (fo=16, routed)          1.536    21.539    <hidden>
    RAMB36_X0Y23         RAMB36E1                                     r  <hidden>
                         clock pessimism              0.000    21.539    
                         clock uncertainty           -0.182    21.357    
    RAMB36_X0Y23         RAMB36E1 (Setup_ramb36e1_CLKARDCLK_ADDRARDADDR[11])
                                                     -0.566    20.791    <hidden>
  -------------------------------------------------------------------
                         required time                         20.791    
                         arrival time                         -19.357    
  -------------------------------------------------------------------
                         slack                                  1.433    

Slack (MET) :             1.439ns  (required time - arrival time)
  Source:                 Control_path/v1/c1/addr_reg[0]/C
                            (rising edge-triggered cell FDRE clocked by sys_clk_pin  {rise@0.000ns fall@5.000ns period=10.000ns})
  Destination:            <hidden>
                            (rising edge-triggered cell RAMB36E1 clocked by clk_out1_clk_50  {rise@0.000ns fall@10.000ns period=20.000ns})
  Path Group:             clk_out1_clk_50
  Path Type:              Setup (Max at Slow Process Corner)
  Requirement:            10.000ns  (clk_out1_clk_50 rise@20.000ns - sys_clk_pin rise@10.000ns)
  Data Path Delay:        4.045ns  (logic 0.642ns (15.870%)  route 3.403ns (84.130%))
  Logic Levels:           1  (LUT4=1)
  Clock Path Skew:        -3.768ns (DCD - SCD + CPR)
    Destination Clock Delay (DCD):    1.539ns = ( 21.539 - 20.000 ) 
    Source Clock Delay      (SCD):    5.307ns = ( 15.307 - 10.000 ) 
    Clock Pessimism Removal (CPR):    0.000ns
  Clock Uncertainty:      0.182ns  ((TSJ^2 + DJ^2)^1/2) / 2 + PE
    Total System Jitter     (TSJ):    0.071ns
    Discrete Jitter          (DJ):    0.152ns
    Phase Error              (PE):    0.099ns
  Clock Domain Crossing:  Inter clock paths are considered valid unless explicitly excluded by timing constraints such as set_clock_groups or set_false_path.

    Location             Delay type                Incr(ns)  Path(ns)    Netlist Resource(s)
  -------------------------------------------------------------------    -------------------
                         (clock sys_clk_pin rise edge)
                                                     10.000    10.000 r  
    E3                                                0.000    10.000 r  clk (IN)
                         net (fo=0)                   0.000    10.000    clk
    E3                   IBUF (Prop_ibuf_I_O)         1.482    11.482 r  clk_IBUF_inst/O
                         net (fo=1, routed)           2.025    13.506    clk_IBUF
    BUFGCTRL_X0Y16       BUFG (Prop_bufg_I_O)         0.096    13.602 r  clk_IBUF_BUFG_inst/O
                         net (fo=186, routed)         1.704    15.307    Control_path/v1/c1/clk
    SLICE_X6Y75          FDRE                                         r  Control_path/v1/c1/addr_reg[0]/C
  -------------------------------------------------------------------    -------------------
    SLICE_X6Y75          FDRE (Prop_fdre_C_Q)         0.518    15.825 r  Control_path/v1/c1/addr_reg[0]/Q
                         net (fo=6, routed)           0.694    16.518    Control_path/v1/c1/addr_reg[13]_0[0]
    SLICE_X6Y75          LUT4 (Prop_lut4_I0_O)        0.124    16.642 r  Control_path/v1/c1/buffer_ram_2_i_16/O
                         net (fo=8, routed)           2.710    19.352    <hidden>
    RAMB36_X0Y23         RAMB36E1                                     r  <hidden>
  -------------------------------------------------------------------    -------------------

                         (clock clk_out1_clk_50 rise edge)
                                                     20.000    20.000 r  
    BUFGCTRL_X0Y16       BUFG                         0.000    20.000 r  clk_IBUF_BUFG_inst/O
                         net (fo=186, routed)         1.683    21.683    c50/inst/clk_in1
    MMCME2_ADV_X0Y0      MMCME2_ADV (Prop_mmcme2_adv_CLKIN1_CLKOUT0)
                                                     -3.694    17.989 r  c50/inst/mmcm_adv_inst/CLKOUT0
                         net (fo=1, routed)           1.923    19.912    c50/inst/clk_out1_clk_50
    BUFGCTRL_X0Y1        BUFG (Prop_bufg_I_O)         0.091    20.003 r  c50/inst/clkout1_buf/O
                         net (fo=16, routed)          1.536    21.539    <hidden>
    RAMB36_X0Y23         RAMB36E1                                     r  <hidden>
                         clock pessimism              0.000    21.539    
                         clock uncertainty           -0.182    21.357    
    RAMB36_X0Y23         RAMB36E1 (Setup_ramb36e1_CLKARDCLK_ADDRARDADDR[0])
                                                     -0.566    20.791    <hidden>
  -------------------------------------------------------------------
                         required time                         20.791    
                         arrival time                         -19.352    
  -------------------------------------------------------------------
                         slack                                  1.439    

Slack (MET) :             1.491ns  (required time - arrival time)
  Source:                 Control_path/v1/c2/addr_reg[9]/C
                            (rising edge-triggered cell FDRE clocked by sys_clk_pin  {rise@0.000ns fall@5.000ns period=10.000ns})
  Destination:            <hidden>
                            (rising edge-triggered cell RAMB36E1 clocked by clk_out1_clk_50  {rise@0.000ns fall@10.000ns period=20.000ns})
  Path Group:             clk_out1_clk_50
  Path Type:              Setup (Max at Slow Process Corner)
  Requirement:            10.000ns  (clk_out1_clk_50 rise@20.000ns - sys_clk_pin rise@10.000ns)
  Data Path Delay:        4.259ns  (logic 0.642ns (15.073%)  route 3.617ns (84.927%))
  Logic Levels:           1  (LUT4=1)
  Clock Path Skew:        -3.501ns (DCD - SCD + CPR)
    Destination Clock Delay (DCD):    1.728ns = ( 21.728 - 20.000 ) 
    Source Clock Delay      (SCD):    5.230ns = ( 15.230 - 10.000 ) 
    Clock Pessimism Removal (CPR):    0.000ns
  Clock Uncertainty:      0.182ns  ((TSJ^2 + DJ^2)^1/2) / 2 + PE
    Total System Jitter     (TSJ):    0.071ns
    Discrete Jitter          (DJ):    0.152ns
    Phase Error              (PE):    0.099ns
  Clock Domain Crossing:  Inter clock paths are considered valid unless explicitly excluded by timing constraints such as set_clock_groups or set_false_path.

    Location             Delay type                Incr(ns)  Path(ns)    Netlist Resource(s)
  -------------------------------------------------------------------    -------------------
                         (clock sys_clk_pin rise edge)
                                                     10.000    10.000 r  
    E3                                                0.000    10.000 r  clk (IN)
                         net (fo=0)                   0.000    10.000    clk
    E3                   IBUF (Prop_ibuf_I_O)         1.482    11.482 r  clk_IBUF_inst/O
                         net (fo=1, routed)           2.025    13.506    clk_IBUF
    BUFGCTRL_X0Y16       BUFG (Prop_bufg_I_O)         0.096    13.602 r  clk_IBUF_BUFG_inst/O
                         net (fo=186, routed)         1.627    15.230    Control_path/v1/c2/clk
    SLICE_X10Y75         FDRE                                         r  Control_path/v1/c2/addr_reg[9]/C
  -------------------------------------------------------------------    -------------------
    SLICE_X10Y75         FDRE (Prop_fdre_C_Q)         0.518    15.748 r  Control_path/v1/c2/addr_reg[9]/Q
                         net (fo=7, routed)           0.854    16.601    Control_path/v1/c2/addr_reg[13]_0[9]
    SLICE_X10Y77         LUT4 (Prop_lut4_I0_O)        0.124    16.725 r  Control_path/v1/c2/buffer_ram_1_i_7/O
                         net (fo=8, routed)           2.764    19.489    <hidden>
    RAMB36_X0Y8          RAMB36E1                                     r  <hidden>
  -------------------------------------------------------------------    -------------------

                         (clock clk_out1_clk_50 rise edge)
                                                     20.000    20.000 r  
    BUFGCTRL_X0Y16       BUFG                         0.000    20.000 r  clk_IBUF_BUFG_inst/O
                         net (fo=186, routed)         1.683    21.683    c50/inst/clk_in1
    MMCME2_ADV_X0Y0      MMCME2_ADV (Prop_mmcme2_adv_CLKIN1_CLKOUT0)
                                                     -3.694    17.989 r  c50/inst/mmcm_adv_inst/CLKOUT0
                         net (fo=1, routed)           1.923    19.912    c50/inst/clk_out1_clk_50
    BUFGCTRL_X0Y1        BUFG (Prop_bufg_I_O)         0.091    20.003 r  c50/inst/clkout1_buf/O
                         net (fo=16, routed)          1.725    21.728    <hidden>
    RAMB36_X0Y8          RAMB36E1                                     r  <hidden>
                         clock pessimism              0.000    21.728    
                         clock uncertainty           -0.182    21.546    
    RAMB36_X0Y8          RAMB36E1 (Setup_ramb36e1_CLKARDCLK_ADDRARDADDR[9])
                                                     -0.566    20.980    <hidden>
  -------------------------------------------------------------------
                         required time                         20.980    
                         arrival time                         -19.489    
  -------------------------------------------------------------------
                         slack                                  1.491    

Slack (MET) :             1.518ns  (required time - arrival time)
  Source:                 Control_path/v1/c1/addr_reg[14]/C
                            (rising edge-triggered cell FDRE clocked by sys_clk_pin  {rise@0.000ns fall@5.000ns period=10.000ns})
  Destination:            <hidden>
                            (rising edge-triggered cell RAMB36E1 clocked by clk_out1_clk_50  {rise@0.000ns fall@10.000ns period=20.000ns})
  Path Group:             clk_out1_clk_50
  Path Type:              Setup (Max at Slow Process Corner)
  Requirement:            10.000ns  (clk_out1_clk_50 rise@20.000ns - sys_clk_pin rise@10.000ns)
  Data Path Delay:        3.972ns  (logic 0.580ns (14.602%)  route 3.392ns (85.398%))
  Logic Levels:           1  (LUT4=1)
  Clock Path Skew:        -3.762ns (DCD - SCD + CPR)
    Destination Clock Delay (DCD):    1.548ns = ( 21.548 - 20.000 ) 
    Source Clock Delay      (SCD):    5.310ns = ( 15.310 - 10.000 ) 
    Clock Pessimism Removal (CPR):    0.000ns
  Clock Uncertainty:      0.182ns  ((TSJ^2 + DJ^2)^1/2) / 2 + PE
    Total System Jitter     (TSJ):    0.071ns
    Discrete Jitter          (DJ):    0.152ns
    Phase Error              (PE):    0.099ns
  Clock Domain Crossing:  Inter clock paths are considered valid unless explicitly excluded by timing constraints such as set_clock_groups or set_false_path.

    Location             Delay type                Incr(ns)  Path(ns)    Netlist Resource(s)
  -------------------------------------------------------------------    -------------------
                         (clock sys_clk_pin rise edge)
                                                     10.000    10.000 r  
    E3                                                0.000    10.000 r  clk (IN)
                         net (fo=0)                   0.000    10.000    clk
    E3                   IBUF (Prop_ibuf_I_O)         1.482    11.482 r  clk_IBUF_inst/O
                         net (fo=1, routed)           2.025    13.506    clk_IBUF
    BUFGCTRL_X0Y16       BUFG (Prop_bufg_I_O)         0.096    13.602 r  clk_IBUF_BUFG_inst/O
                         net (fo=186, routed)         1.707    15.310    Control_path/v1/c1/clk
    SLICE_X5Y77          FDRE                                         r  Control_path/v1/c1/addr_reg[14]/C
  -------------------------------------------------------------------    -------------------
    SLICE_X5Y77          FDRE (Prop_fdre_C_Q)         0.456    15.766 r  Control_path/v1/c1/addr_reg[14]/Q
                         net (fo=5, routed)           0.663    16.429    Control_path/v1/c1/addr1[14]
    SLICE_X7Y77          LUT4 (Prop_lut4_I0_O)        0.124    16.553 r  Control_path/v1/c1/buffer_ram_2_i_2/O
                         net (fo=8, routed)           2.729    19.282    <hidden>
    RAMB36_X0Y21         RAMB36E1                                     r  <hidden>
  -------------------------------------------------------------------    -------------------

                         (clock clk_out1_clk_50 rise edge)
                                                     20.000    20.000 r  
    BUFGCTRL_X0Y16       BUFG                         0.000    20.000 r  clk_IBUF_BUFG_inst/O
                         net (fo=186, routed)         1.683    21.683    c50/inst/clk_in1
    MMCME2_ADV_X0Y0      MMCME2_ADV (Prop_mmcme2_adv_CLKIN1_CLKOUT0)
                                                     -3.694    17.989 r  c50/inst/mmcm_adv_inst/CLKOUT0
                         net (fo=1, routed)           1.923    19.912    c50/inst/clk_out1_clk_50
    BUFGCTRL_X0Y1        BUFG (Prop_bufg_I_O)         0.091    20.003 r  c50/inst/clkout1_buf/O
                         net (fo=16, routed)          1.545    21.548    <hidden>
    RAMB36_X0Y21         RAMB36E1                                     r  <hidden>
                         clock pessimism              0.000    21.548    
                         clock uncertainty           -0.182    21.366    
    RAMB36_X0Y21         RAMB36E1 (Setup_ramb36e1_CLKARDCLK_ADDRARDADDR[14])
                                                     -0.566    20.800    <hidden>
  -------------------------------------------------------------------
                         required time                         20.800    
                         arrival time                         -19.282    
  -------------------------------------------------------------------
                         slack                                  1.518    

Slack (MET) :             1.551ns  (required time - arrival time)
  Source:                 Control_path/v1/c1/addr_reg[14]/C
                            (rising edge-triggered cell FDRE clocked by sys_clk_pin  {rise@0.000ns fall@5.000ns period=10.000ns})
  Destination:            <hidden>
                            (rising edge-triggered cell RAMB36E1 clocked by clk_out1_clk_50  {rise@0.000ns fall@10.000ns period=20.000ns})
  Path Group:             clk_out1_clk_50
  Path Type:              Setup (Max at Slow Process Corner)
  Requirement:            10.000ns  (clk_out1_clk_50 rise@20.000ns - sys_clk_pin rise@10.000ns)
  Data Path Delay:        3.930ns  (logic 0.580ns (14.760%)  route 3.350ns (85.240%))
  Logic Levels:           1  (LUT4=1)
  Clock Path Skew:        -3.771ns (DCD - SCD + CPR)
    Destination Clock Delay (DCD):    1.539ns = ( 21.539 - 20.000 ) 
    Source Clock Delay      (SCD):    5.310ns = ( 15.310 - 10.000 ) 
    Clock Pessimism Removal (CPR):    0.000ns
  Clock Uncertainty:      0.182ns  ((TSJ^2 + DJ^2)^1/2) / 2 + PE
    Total System Jitter     (TSJ):    0.071ns
    Discrete Jitter          (DJ):    0.152ns
    Phase Error              (PE):    0.099ns
  Clock Domain Crossing:  Inter clock paths are considered valid unless explicitly excluded by timing constraints such as set_clock_groups or set_false_path.

    Location             Delay type                Incr(ns)  Path(ns)    Netlist Resource(s)
  -------------------------------------------------------------------    -------------------
                         (clock sys_clk_pin rise edge)
                                                     10.000    10.000 r  
    E3                                                0.000    10.000 r  clk (IN)
                         net (fo=0)                   0.000    10.000    clk
    E3                   IBUF (Prop_ibuf_I_O)         1.482    11.482 r  clk_IBUF_inst/O
                         net (fo=1, routed)           2.025    13.506    clk_IBUF
    BUFGCTRL_X0Y16       BUFG (Prop_bufg_I_O)         0.096    13.602 r  clk_IBUF_BUFG_inst/O
                         net (fo=186, routed)         1.707    15.310    Control_path/v1/c1/clk
    SLICE_X5Y77          FDRE                                         r  Control_path/v1/c1/addr_reg[14]/C
  -------------------------------------------------------------------    -------------------
    SLICE_X5Y77          FDRE (Prop_fdre_C_Q)         0.456    15.766 r  Control_path/v1/c1/addr_reg[14]/Q
                         net (fo=5, routed)           0.663    16.429    Control_path/v1/c1/addr1[14]
    SLICE_X7Y77          LUT4 (Prop_lut4_I0_O)        0.124    16.553 r  Control_path/v1/c1/buffer_ram_2_i_2/O
                         net (fo=8, routed)           2.686    19.239    <hidden>
    RAMB36_X0Y23         RAMB36E1                                     r  <hidden>
  -------------------------------------------------------------------    -------------------

                         (clock clk_out1_clk_50 rise edge)
                                                     20.000    20.000 r  
    BUFGCTRL_X0Y16       BUFG                         0.000    20.000 r  clk_IBUF_BUFG_inst/O
                         net (fo=186, routed)         1.683    21.683    c50/inst/clk_in1
    MMCME2_ADV_X0Y0      MMCME2_ADV (Prop_mmcme2_adv_CLKIN1_CLKOUT0)
                                                     -3.694    17.989 r  c50/inst/mmcm_adv_inst/CLKOUT0
                         net (fo=1, routed)           1.923    19.912    c50/inst/clk_out1_clk_50
    BUFGCTRL_X0Y1        BUFG (Prop_bufg_I_O)         0.091    20.003 r  c50/inst/clkout1_buf/O
                         net (fo=16, routed)          1.536    21.539    <hidden>
    RAMB36_X0Y23         RAMB36E1                                     r  <hidden>
                         clock pessimism              0.000    21.539    
                         clock uncertainty           -0.182    21.357    
    RAMB36_X0Y23         RAMB36E1 (Setup_ramb36e1_CLKARDCLK_ADDRARDADDR[14])
                                                     -0.566    20.791    <hidden>
  -------------------------------------------------------------------
                         required time                         20.791    
                         arrival time                         -19.239    
  -------------------------------------------------------------------
                         slack                                  1.551    

Slack (MET) :             1.566ns  (required time - arrival time)
  Source:                 Control_path/v1/c1/addr_reg[0]/C
                            (rising edge-triggered cell FDRE clocked by sys_clk_pin  {rise@0.000ns fall@5.000ns period=10.000ns})
  Destination:            <hidden>
                            (rising edge-triggered cell RAMB36E1 clocked by clk_out1_clk_50  {rise@0.000ns fall@10.000ns period=20.000ns})
  Path Group:             clk_out1_clk_50
  Path Type:              Setup (Max at Slow Process Corner)
  Requirement:            10.000ns  (clk_out1_clk_50 rise@20.000ns - sys_clk_pin rise@10.000ns)
  Data Path Delay:        3.927ns  (logic 0.642ns (16.347%)  route 3.285ns (83.653%))
  Logic Levels:           1  (LUT4=1)
  Clock Path Skew:        -3.759ns (DCD - SCD + CPR)
    Destination Clock Delay (DCD):    1.548ns = ( 21.548 - 20.000 ) 
    Source Clock Delay      (SCD):    5.307ns = ( 15.307 - 10.000 ) 
    Clock Pessimism Removal (CPR):    0.000ns
  Clock Uncertainty:      0.182ns  ((TSJ^2 + DJ^2)^1/2) / 2 + PE
    Total System Jitter     (TSJ):    0.071ns
    Discrete Jitter          (DJ):    0.152ns
    Phase Error              (PE):    0.099ns
  Clock Domain Crossing:  Inter clock paths are considered valid unless explicitly excluded by timing constraints such as set_clock_groups or set_false_path.

    Location             Delay type                Incr(ns)  Path(ns)    Netlist Resource(s)
  -------------------------------------------------------------------    -------------------
                         (clock sys_clk_pin rise edge)
                                                     10.000    10.000 r  
    E3                                                0.000    10.000 r  clk (IN)
                         net (fo=0)                   0.000    10.000    clk
    E3                   IBUF (Prop_ibuf_I_O)         1.482    11.482 r  clk_IBUF_inst/O
                         net (fo=1, routed)           2.025    13.506    clk_IBUF
    BUFGCTRL_X0Y16       BUFG (Prop_bufg_I_O)         0.096    13.602 r  clk_IBUF_BUFG_inst/O
                         net (fo=186, routed)         1.704    15.307    Control_path/v1/c1/clk
    SLICE_X6Y75          FDRE                                         r  Control_path/v1/c1/addr_reg[0]/C
  -------------------------------------------------------------------    -------------------
    SLICE_X6Y75          FDRE (Prop_fdre_C_Q)         0.518    15.825 r  Control_path/v1/c1/addr_reg[0]/Q
                         net (fo=6, routed)           0.694    16.518    Control_path/v1/c1/addr_reg[13]_0[0]
    SLICE_X6Y75          LUT4 (Prop_lut4_I0_O)        0.124    16.642 r  Control_path/v1/c1/buffer_ram_2_i_16/O
                         net (fo=8, routed)           2.592    19.234    <hidden>
    RAMB36_X0Y21         RAMB36E1                                     r  <hidden>
  -------------------------------------------------------------------    -------------------

                         (clock clk_out1_clk_50 rise edge)
                                                     20.000    20.000 r  
    BUFGCTRL_X0Y16       BUFG                         0.000    20.000 r  clk_IBUF_BUFG_inst/O
                         net (fo=186, routed)         1.683    21.683    c50/inst/clk_in1
    MMCME2_ADV_X0Y0      MMCME2_ADV (Prop_mmcme2_adv_CLKIN1_CLKOUT0)
                                                     -3.694    17.989 r  c50/inst/mmcm_adv_inst/CLKOUT0
                         net (fo=1, routed)           1.923    19.912    c50/inst/clk_out1_clk_50
    BUFGCTRL_X0Y1        BUFG (Prop_bufg_I_O)         0.091    20.003 r  c50/inst/clkout1_buf/O
                         net (fo=16, routed)          1.545    21.548    <hidden>
    RAMB36_X0Y21         RAMB36E1                                     r  <hidden>
                         clock pessimism              0.000    21.548    
                         clock uncertainty           -0.182    21.366    
    RAMB36_X0Y21         RAMB36E1 (Setup_ramb36e1_CLKARDCLK_ADDRARDADDR[0])
                                                     -0.566    20.800    <hidden>
  -------------------------------------------------------------------
                         required time                         20.800    
                         arrival time                         -19.234    
  -------------------------------------------------------------------
                         slack                                  1.566    





Min Delay Paths
--------------------------------------------------------------------------------------
Slack (MET) :             0.587ns  (arrival time - required time)
  Source:                 Control_path/v1/F2/data_out_reg[1]/C
                            (rising edge-triggered cell FDRE clocked by sys_clk_pin  {rise@0.000ns fall@5.000ns period=10.000ns})
  Destination:            <hidden>
                            (rising edge-triggered cell RAMB36E1 clocked by clk_out1_clk_50  {rise@0.000ns fall@10.000ns period=20.000ns})
  Path Group:             clk_out1_clk_50
  Path Type:              Hold (Min at Fast Process Corner)
  Requirement:            0.000ns  (clk_out1_clk_50 rise@0.000ns - sys_clk_pin rise@0.000ns)
  Data Path Delay:        0.431ns  (logic 0.141ns (32.683%)  route 0.290ns (67.317%))
  Logic Levels:           0  
  Clock Path Skew:        -0.634ns (DCD - SCD - CPR)
    Destination Clock Delay (DCD):    0.881ns
    Source Clock Delay      (SCD):    1.515ns
    Clock Pessimism Removal (CPR):    -0.000ns
  Clock Uncertainty:      0.182ns  ((TSJ^2 + DJ^2)^1/2) / 2 + PE
    Total System Jitter     (TSJ):    0.071ns
    Discrete Jitter          (DJ):    0.152ns
    Phase Error              (PE):    0.099ns
  Clock Domain Crossing:  Inter clock paths are considered valid unless explicitly excluded by timing constraints such as set_clock_groups or set_false_path.

    Location             Delay type                Incr(ns)  Path(ns)    Netlist Resource(s)
  -------------------------------------------------------------------    -------------------
                         (clock sys_clk_pin rise edge)
                                                      0.000     0.000 r  
    E3                                                0.000     0.000 r  clk (IN)
                         net (fo=0)                   0.000     0.000    clk
    E3                   IBUF (Prop_ibuf_I_O)         0.250     0.250 r  clk_IBUF_inst/O
                         net (fo=1, routed)           0.644     0.894    clk_IBUF
    BUFGCTRL_X0Y16       BUFG (Prop_bufg_I_O)         0.026     0.920 r  clk_IBUF_BUFG_inst/O
                         net (fo=186, routed)         0.596     1.515    Control_path/v1/F2/clk
    SLICE_X5Y81          FDRE                                         r  Control_path/v1/F2/data_out_reg[1]/C
  -------------------------------------------------------------------    -------------------
    SLICE_X5Y81          FDRE (Prop_fdre_C_Q)         0.141     1.656 r  Control_path/v1/F2/data_out_reg[1]/Q
                         net (fo=4, routed)           0.290     1.947    <hidden>
    RAMB36_X0Y16         RAMB36E1                                     r  <hidden>
  -------------------------------------------------------------------    -------------------

                         (clock clk_out1_clk_50 rise edge)
                                                      0.000     0.000 r  
    BUFGCTRL_X0Y16       BUFG                         0.000     0.000 r  clk_IBUF_BUFG_inst/O
                         net (fo=186, routed)         0.898     0.898    c50/inst/clk_in1
    MMCME2_ADV_X0Y0      MMCME2_ADV (Prop_mmcme2_adv_CLKIN1_CLKOUT0)
                                                     -1.625    -0.727 r  c50/inst/mmcm_adv_inst/CLKOUT0
                         net (fo=1, routed)           0.700    -0.027    c50/inst/clk_out1_clk_50
    BUFGCTRL_X0Y1        BUFG (Prop_bufg_I_O)         0.029     0.002 r  c50/inst/clkout1_buf/O
                         net (fo=16, routed)          0.879     0.881    <hidden>
    RAMB36_X0Y16         RAMB36E1                                     r  <hidden>
                         clock pessimism              0.000     0.881    
                         clock uncertainty            0.182     1.063    
    RAMB36_X0Y16         RAMB36E1 (Hold_ramb36e1_CLKARDCLK_DIADI[0])
                                                      0.296     1.359    <hidden>
  -------------------------------------------------------------------
                         required time                         -1.359    
                         arrival time                           1.947    
  -------------------------------------------------------------------
                         slack                                  0.587    

Slack (MET) :             0.666ns  (arrival time - required time)
  Source:                 Control_path/v1/F2/data_out_reg[1]/C
                            (rising edge-triggered cell FDRE clocked by sys_clk_pin  {rise@0.000ns fall@5.000ns period=10.000ns})
  Destination:            <hidden>
                            (rising edge-triggered cell RAMB36E1 clocked by clk_out1_clk_50  {rise@0.000ns fall@10.000ns period=20.000ns})
  Path Group:             clk_out1_clk_50
  Path Type:              Hold (Min at Fast Process Corner)
  Requirement:            0.000ns  (clk_out1_clk_50 rise@0.000ns - sys_clk_pin rise@0.000ns)
  Data Path Delay:        0.515ns  (logic 0.141ns (27.399%)  route 0.374ns (72.601%))
  Logic Levels:           0  
  Clock Path Skew:        -0.629ns (DCD - SCD - CPR)
    Destination Clock Delay (DCD):    0.886ns
    Source Clock Delay      (SCD):    1.515ns
    Clock Pessimism Removal (CPR):    -0.000ns
  Clock Uncertainty:      0.182ns  ((TSJ^2 + DJ^2)^1/2) / 2 + PE
    Total System Jitter     (TSJ):    0.071ns
    Discrete Jitter          (DJ):    0.152ns
    Phase Error              (PE):    0.099ns
  Clock Domain Crossing:  Inter clock paths are considered valid unless explicitly excluded by timing constraints such as set_clock_groups or set_false_path.

    Location             Delay type                Incr(ns)  Path(ns)    Netlist Resource(s)
  -------------------------------------------------------------------    -------------------
                         (clock sys_clk_pin rise edge)
                                                      0.000     0.000 r  
    E3                                                0.000     0.000 r  clk (IN)
                         net (fo=0)                   0.000     0.000    clk
    E3                   IBUF (Prop_ibuf_I_O)         0.250     0.250 r  clk_IBUF_inst/O
                         net (fo=1, routed)           0.644     0.894    clk_IBUF
    BUFGCTRL_X0Y16       BUFG (Prop_bufg_I_O)         0.026     0.920 r  clk_IBUF_BUFG_inst/O
                         net (fo=186, routed)         0.596     1.515    Control_path/v1/F2/clk
    SLICE_X5Y81          FDRE                                         r  Control_path/v1/F2/data_out_reg[1]/C
  -------------------------------------------------------------------    -------------------
    SLICE_X5Y81          FDRE (Prop_fdre_C_Q)         0.141     1.656 r  Control_path/v1/F2/data_out_reg[1]/Q
                         net (fo=4, routed)           0.374     2.030    <hidden>
    RAMB36_X0Y17         RAMB36E1                                     r  <hidden>
  -------------------------------------------------------------------    -------------------

                         (clock clk_out1_clk_50 rise edge)
                                                      0.000     0.000 r  
    BUFGCTRL_X0Y16       BUFG                         0.000     0.000 r  clk_IBUF_BUFG_inst/O
                         net (fo=186, routed)         0.898     0.898    c50/inst/clk_in1
    MMCME2_ADV_X0Y0      MMCME2_ADV (Prop_mmcme2_adv_CLKIN1_CLKOUT0)
                                                     -1.625    -0.727 r  c50/inst/mmcm_adv_inst/CLKOUT0
                         net (fo=1, routed)           0.700    -0.027    c50/inst/clk_out1_clk_50
    BUFGCTRL_X0Y1        BUFG (Prop_bufg_I_O)         0.029     0.002 r  c50/inst/clkout1_buf/O
                         net (fo=16, routed)          0.884     0.886    <hidden>
    RAMB36_X0Y17         RAMB36E1                                     r  <hidden>
                         clock pessimism              0.000     0.886    
                         clock uncertainty            0.182     1.068    
    RAMB36_X0Y17         RAMB36E1 (Hold_ramb36e1_CLKARDCLK_DIADI[0])
                                                      0.296     1.364    <hidden>
  -------------------------------------------------------------------
                         required time                         -1.364    
                         arrival time                           2.030    
  -------------------------------------------------------------------
                         slack                                  0.666    

Slack (MET) :             0.745ns  (arrival time - required time)
  Source:                 Control_path/v1/F1/data_out_reg[3]/C
                            (rising edge-triggered cell FDRE clocked by sys_clk_pin  {rise@0.000ns fall@5.000ns period=10.000ns})
  Destination:            <hidden>
                            (rising edge-triggered cell RAMB36E1 clocked by clk_out1_clk_50  {rise@0.000ns fall@10.000ns period=20.000ns})
  Path Group:             clk_out1_clk_50
  Path Type:              Hold (Min at Fast Process Corner)
  Requirement:            0.000ns  (clk_out1_clk_50 rise@0.000ns - sys_clk_pin rise@0.000ns)
  Data Path Delay:        0.583ns  (logic 0.141ns (24.197%)  route 0.442ns (75.803%))
  Logic Levels:           0  
  Clock Path Skew:        -0.640ns (DCD - SCD - CPR)
    Destination Clock Delay (DCD):    0.876ns
    Source Clock Delay      (SCD):    1.516ns
    Clock Pessimism Removal (CPR):    -0.000ns
  Clock Uncertainty:      0.182ns  ((TSJ^2 + DJ^2)^1/2) / 2 + PE
    Total System Jitter     (TSJ):    0.071ns
    Discrete Jitter          (DJ):    0.152ns
    Phase Error              (PE):    0.099ns
  Clock Domain Crossing:  Inter clock paths are considered valid unless explicitly excluded by timing constraints such as set_clock_groups or set_false_path.

    Location             Delay type                Incr(ns)  Path(ns)    Netlist Resource(s)
  -------------------------------------------------------------------    -------------------
                         (clock sys_clk_pin rise edge)
                                                      0.000     0.000 r  
    E3                                                0.000     0.000 r  clk (IN)
                         net (fo=0)                   0.000     0.000    clk
    E3                   IBUF (Prop_ibuf_I_O)         0.250     0.250 r  clk_IBUF_inst/O
                         net (fo=1, routed)           0.644     0.894    clk_IBUF
    BUFGCTRL_X0Y16       BUFG (Prop_bufg_I_O)         0.026     0.920 r  clk_IBUF_BUFG_inst/O
                         net (fo=186, routed)         0.597     1.516    Control_path/v1/F1/clk
    SLICE_X5Y82          FDRE                                         r  Control_path/v1/F1/data_out_reg[3]/C
  -------------------------------------------------------------------    -------------------
    SLICE_X5Y82          FDRE (Prop_fdre_C_Q)         0.141     1.657 r  Control_path/v1/F1/data_out_reg[3]/Q
                         net (fo=4, routed)           0.442     2.099    <hidden>
    RAMB36_X0Y15         RAMB36E1                                     r  <hidden>
  -------------------------------------------------------------------    -------------------

                         (clock clk_out1_clk_50 rise edge)
                                                      0.000     0.000 r  
    BUFGCTRL_X0Y16       BUFG                         0.000     0.000 r  clk_IBUF_BUFG_inst/O
                         net (fo=186, routed)         0.898     0.898    c50/inst/clk_in1
    MMCME2_ADV_X0Y0      MMCME2_ADV (Prop_mmcme2_adv_CLKIN1_CLKOUT0)
                                                     -1.625    -0.727 r  c50/inst/mmcm_adv_inst/CLKOUT0
                         net (fo=1, routed)           0.700    -0.027    c50/inst/clk_out1_clk_50
    BUFGCTRL_X0Y1        BUFG (Prop_bufg_I_O)         0.029     0.002 r  c50/inst/clkout1_buf/O
                         net (fo=16, routed)          0.874     0.876    <hidden>
    RAMB36_X0Y15         RAMB36E1                                     r  <hidden>
                         clock pessimism              0.000     0.876    
                         clock uncertainty            0.182     1.058    
    RAMB36_X0Y15         RAMB36E1 (Hold_ramb36e1_CLKARDCLK_DIADI[0])
                                                      0.296     1.354    <hidden>
  -------------------------------------------------------------------
                         required time                         -1.354    
                         arrival time                           2.099    
  -------------------------------------------------------------------
                         slack                                  0.745    

Slack (MET) :             0.759ns  (arrival time - required time)
  Source:                 Control_path/v1/b1/ram_addr_reg[15]/C
                            (rising edge-triggered cell FDRE clocked by sys_clk_pin  {rise@0.000ns fall@5.000ns period=10.000ns})
  Destination:            <hidden>
                            (rising edge-triggered cell RAMB36E1 clocked by clk_out1_clk_50  {rise@0.000ns fall@10.000ns period=20.000ns})
  Path Group:             clk_out1_clk_50
  Path Type:              Hold (Min at Fast Process Corner)
  Requirement:            0.000ns  (clk_out1_clk_50 rise@0.000ns - sys_clk_pin rise@0.000ns)
  Data Path Delay:        0.513ns  (logic 0.186ns (36.270%)  route 0.327ns (63.730%))
  Logic Levels:           1  (LUT4=1)
  Clock Path Skew:        -0.608ns (DCD - SCD - CPR)
    Destination Clock Delay (DCD):    0.876ns
    Source Clock Delay      (SCD):    1.484ns
    Clock Pessimism Removal (CPR):    -0.000ns
  Clock Uncertainty:      0.182ns  ((TSJ^2 + DJ^2)^1/2) / 2 + PE
    Total System Jitter     (TSJ):    0.071ns
    Discrete Jitter          (DJ):    0.152ns
    Phase Error              (PE):    0.099ns
  Clock Domain Crossing:  Inter clock paths are considered valid unless explicitly excluded by timing constraints such as set_clock_groups or set_false_path.

    Location             Delay type                Incr(ns)  Path(ns)    Netlist Resource(s)
  -------------------------------------------------------------------    -------------------
                         (clock sys_clk_pin rise edge)
                                                      0.000     0.000 r  
    E3                                                0.000     0.000 r  clk (IN)
                         net (fo=0)                   0.000     0.000    clk
    E3                   IBUF (Prop_ibuf_I_O)         0.250     0.250 r  clk_IBUF_inst/O
                         net (fo=1, routed)           0.644     0.894    clk_IBUF
    BUFGCTRL_X0Y16       BUFG (Prop_bufg_I_O)         0.026     0.920 r  clk_IBUF_BUFG_inst/O
                         net (fo=186, routed)         0.565     1.484    Control_path/v1/b1/clk
    SLICE_X9Y77          FDRE                                         r  Control_path/v1/b1/ram_addr_reg[15]/C
  -------------------------------------------------------------------    -------------------
    SLICE_X9Y77          FDRE (Prop_fdre_C_Q)         0.141     1.625 r  Control_path/v1/b1/ram_addr_reg[15]/Q
                         net (fo=1, routed)           0.108     1.733    Control_path/v1/c2/rb_reg[3][15]
    SLICE_X11Y77         LUT4 (Prop_lut4_I3_O)        0.045     1.778 r  Control_path/v1/c2/buffer_ram_1_i_1/O
                         net (fo=8, routed)           0.219     1.997    <hidden>
    RAMB36_X0Y15         RAMB36E1                                     r  <hidden>
  -------------------------------------------------------------------    -------------------

                         (clock clk_out1_clk_50 rise edge)
                                                      0.000     0.000 r  
    BUFGCTRL_X0Y16       BUFG                         0.000     0.000 r  clk_IBUF_BUFG_inst/O
                         net (fo=186, routed)         0.898     0.898    c50/inst/clk_in1
    MMCME2_ADV_X0Y0      MMCME2_ADV (Prop_mmcme2_adv_CLKIN1_CLKOUT0)
                                                     -1.625    -0.727 r  c50/inst/mmcm_adv_inst/CLKOUT0
                         net (fo=1, routed)           0.700    -0.027    c50/inst/clk_out1_clk_50
    BUFGCTRL_X0Y1        BUFG (Prop_bufg_I_O)         0.029     0.002 r  c50/inst/clkout1_buf/O
                         net (fo=16, routed)          0.874     0.876    <hidden>
    RAMB36_X0Y15         RAMB36E1                                     r  <hidden>
                         clock pessimism              0.000     0.876    
                         clock uncertainty            0.182     1.058    
    RAMB36_X0Y15         RAMB36E1 (Hold_ramb36e1_CLKARDCLK_ADDRARDADDR[15])
                                                      0.180     1.238    <hidden>
  -------------------------------------------------------------------
                         required time                         -1.238    
                         arrival time                           1.997    
  -------------------------------------------------------------------
                         slack                                  0.759    

Slack (MET) :             0.770ns  (arrival time - required time)
  Source:                 Control_path/v1/b1/ram_addr_reg[8]/C
                            (rising edge-triggered cell FDRE clocked by sys_clk_pin  {rise@0.000ns fall@5.000ns period=10.000ns})
  Destination:            <hidden>
                            (rising edge-triggered cell RAMB36E1 clocked by clk_out1_clk_50  {rise@0.000ns fall@10.000ns period=20.000ns})
  Path Group:             clk_out1_clk_50
  Path Type:              Hold (Min at Fast Process Corner)
  Requirement:            0.000ns  (clk_out1_clk_50 rise@0.000ns - sys_clk_pin rise@0.000ns)
  Data Path Delay:        0.529ns  (logic 0.186ns (35.147%)  route 0.343ns (64.853%))
  Logic Levels:           1  (LUT4=1)
  Clock Path Skew:        -0.606ns (DCD - SCD - CPR)
    Destination Clock Delay (DCD):    0.876ns
    Source Clock Delay      (SCD):    1.482ns
    Clock Pessimism Removal (CPR):    -0.000ns
  Clock Uncertainty:      0.182ns  ((TSJ^2 + DJ^2)^1/2) / 2 + PE
    Total System Jitter     (TSJ):    0.071ns
    Discrete Jitter          (DJ):    0.152ns
    Phase Error              (PE):    0.099ns
  Clock Domain Crossing:  Inter clock paths are considered valid unless explicitly excluded by timing constraints such as set_clock_groups or set_false_path.

    Location             Delay type                Incr(ns)  Path(ns)    Netlist Resource(s)
  -------------------------------------------------------------------    -------------------
                         (clock sys_clk_pin rise edge)
                                                      0.000     0.000 r  
    E3                                                0.000     0.000 r  clk (IN)
                         net (fo=0)                   0.000     0.000    clk
    E3                   IBUF (Prop_ibuf_I_O)         0.250     0.250 r  clk_IBUF_inst/O
                         net (fo=1, routed)           0.644     0.894    clk_IBUF
    BUFGCTRL_X0Y16       BUFG (Prop_bufg_I_O)         0.026     0.920 r  clk_IBUF_BUFG_inst/O
                         net (fo=186, routed)         0.563     1.482    Control_path/v1/b1/clk
    SLICE_X9Y76          FDRE                                         r  Control_path/v1/b1/ram_addr_reg[8]/C
  -------------------------------------------------------------------    -------------------
    SLICE_X9Y76          FDRE (Prop_fdre_C_Q)         0.141     1.623 r  Control_path/v1/b1/ram_addr_reg[8]/Q
                         net (fo=1, routed)           0.113     1.736    Control_path/v1/c2/rb_reg[3][8]
    SLICE_X11Y76         LUT4 (Prop_lut4_I3_O)        0.045     1.781 r  Control_path/v1/c2/buffer_ram_1_i_8/O
                         net (fo=8, routed)           0.230     2.012    <hidden>
    RAMB36_X0Y15         RAMB36E1                                     r  <hidden>
  -------------------------------------------------------------------    -------------------

                         (clock clk_out1_clk_50 rise edge)
                                                      0.000     0.000 r  
    BUFGCTRL_X0Y16       BUFG                         0.000     0.000 r  clk_IBUF_BUFG_inst/O
                         net (fo=186, routed)         0.898     0.898    c50/inst/clk_in1
    MMCME2_ADV_X0Y0      MMCME2_ADV (Prop_mmcme2_adv_CLKIN1_CLKOUT0)
                                                     -1.625    -0.727 r  c50/inst/mmcm_adv_inst/CLKOUT0
                         net (fo=1, routed)           0.700    -0.027    c50/inst/clk_out1_clk_50
    BUFGCTRL_X0Y1        BUFG (Prop_bufg_I_O)         0.029     0.002 r  c50/inst/clkout1_buf/O
                         net (fo=16, routed)          0.874     0.876    <hidden>
    RAMB36_X0Y15         RAMB36E1                                     r  <hidden>
                         clock pessimism              0.000     0.876    
                         clock uncertainty            0.182     1.058    
    RAMB36_X0Y15         RAMB36E1 (Hold_ramb36e1_CLKARDCLK_ADDRARDADDR[8])
                                                      0.183     1.241    <hidden>
  -------------------------------------------------------------------
                         required time                         -1.241    
                         arrival time                           2.012    
  -------------------------------------------------------------------
                         slack                                  0.770    

Slack (MET) :             0.772ns  (arrival time - required time)
  Source:                 Control_path/v1/b1/ram_addr_reg[10]/C
                            (rising edge-triggered cell FDRE clocked by sys_clk_pin  {rise@0.000ns fall@5.000ns period=10.000ns})
  Destination:            <hidden>
                            (rising edge-triggered cell RAMB36E1 clocked by clk_out1_clk_50  {rise@0.000ns fall@10.000ns period=20.000ns})
  Path Group:             clk_out1_clk_50
  Path Type:              Hold (Min at Fast Process Corner)
  Requirement:            0.000ns  (clk_out1_clk_50 rise@0.000ns - sys_clk_pin rise@0.000ns)
  Data Path Delay:        0.531ns  (logic 0.186ns (35.053%)  route 0.345ns (64.947%))
  Logic Levels:           1  (LUT4=1)
  Clock Path Skew:        -0.606ns (DCD - SCD - CPR)
    Destination Clock Delay (DCD):    0.876ns
    Source Clock Delay      (SCD):    1.482ns
    Clock Pessimism Removal (CPR):    -0.000ns
  Clock Uncertainty:      0.182ns  ((TSJ^2 + DJ^2)^1/2) / 2 + PE
    Total System Jitter     (TSJ):    0.071ns
    Discrete Jitter          (DJ):    0.152ns
    Phase Error              (PE):    0.099ns
  Clock Domain Crossing:  Inter clock paths are considered valid unless explicitly excluded by timing constraints such as set_clock_groups or set_false_path.

    Location             Delay type                Incr(ns)  Path(ns)    Netlist Resource(s)
  -------------------------------------------------------------------    -------------------
                         (clock sys_clk_pin rise edge)
                                                      0.000     0.000 r  
    E3                                                0.000     0.000 r  clk (IN)
                         net (fo=0)                   0.000     0.000    clk
    E3                   IBUF (Prop_ibuf_I_O)         0.250     0.250 r  clk_IBUF_inst/O
                         net (fo=1, routed)           0.644     0.894    clk_IBUF
    BUFGCTRL_X0Y16       BUFG (Prop_bufg_I_O)         0.026     0.920 r  clk_IBUF_BUFG_inst/O
                         net (fo=186, routed)         0.563     1.482    Control_path/v1/b1/clk
    SLICE_X9Y76          FDRE                                         r  Control_path/v1/b1/ram_addr_reg[10]/C
  -------------------------------------------------------------------    -------------------
    SLICE_X9Y76          FDRE (Prop_fdre_C_Q)         0.141     1.623 r  Control_path/v1/b1/ram_addr_reg[10]/Q
                         net (fo=1, routed)           0.113     1.737    Control_path/v1/c2/rb_reg[3][10]
    SLICE_X10Y77         LUT4 (Prop_lut4_I3_O)        0.045     1.782 r  Control_path/v1/c2/buffer_ram_1_i_6/O
                         net (fo=8, routed)           0.231     2.013    <hidden>
    RAMB36_X0Y15         RAMB36E1                                     r  <hidden>
  -------------------------------------------------------------------    -------------------

                         (clock clk_out1_clk_50 rise edge)
                                                      0.000     0.000 r  
    BUFGCTRL_X0Y16       BUFG                         0.000     0.000 r  clk_IBUF_BUFG_inst/O
                         net (fo=186, routed)         0.898     0.898    c50/inst/clk_in1
    MMCME2_ADV_X0Y0      MMCME2_ADV (Prop_mmcme2_adv_CLKIN1_CLKOUT0)
                                                     -1.625    -0.727 r  c50/inst/mmcm_adv_inst/CLKOUT0
                         net (fo=1, routed)           0.700    -0.027    c50/inst/clk_out1_clk_50
    BUFGCTRL_X0Y1        BUFG (Prop_bufg_I_O)         0.029     0.002 r  c50/inst/clkout1_buf/O
                         net (fo=16, routed)          0.874     0.876    <hidden>
    RAMB36_X0Y15         RAMB36E1                                     r  <hidden>
                         clock pessimism              0.000     0.876    
                         clock uncertainty            0.182     1.058    
    RAMB36_X0Y15         RAMB36E1 (Hold_ramb36e1_CLKARDCLK_ADDRARDADDR[10])
                                                      0.183     1.241    <hidden>
  -------------------------------------------------------------------
                         required time                         -1.241    
                         arrival time                           2.013    
  -------------------------------------------------------------------
                         slack                                  0.772    

Slack (MET) :             0.776ns  (arrival time - required time)
  Source:                 Control_path/v1/b1/ram_en_reg/C
                            (rising edge-triggered cell FDRE clocked by sys_clk_pin  {rise@0.000ns fall@5.000ns period=10.000ns})
  Destination:            <hidden>
                            (rising edge-triggered cell RAMB36E1 clocked by clk_out1_clk_50  {rise@0.000ns fall@10.000ns period=20.000ns})
  Path Group:             clk_out1_clk_50
  Path Type:              Hold (Min at Fast Process Corner)
  Requirement:            0.000ns  (clk_out1_clk_50 rise@0.000ns - sys_clk_pin rise@0.000ns)
  Data Path Delay:        0.365ns  (logic 0.128ns (35.047%)  route 0.237ns (64.953%))
  Logic Levels:           0  
  Clock Path Skew:        -0.608ns (DCD - SCD - CPR)
    Destination Clock Delay (DCD):    0.876ns
    Source Clock Delay      (SCD):    1.484ns
    Clock Pessimism Removal (CPR):    -0.000ns
  Clock Uncertainty:      0.182ns  ((TSJ^2 + DJ^2)^1/2) / 2 + PE
    Total System Jitter     (TSJ):    0.071ns
    Discrete Jitter          (DJ):    0.152ns
    Phase Error              (PE):    0.099ns
  Clock Domain Crossing:  Inter clock paths are considered valid unless explicitly excluded by timing constraints such as set_clock_groups or set_false_path.

    Location             Delay type                Incr(ns)  Path(ns)    Netlist Resource(s)
  -------------------------------------------------------------------    -------------------
                         (clock sys_clk_pin rise edge)
                                                      0.000     0.000 r  
    E3                                                0.000     0.000 r  clk (IN)
                         net (fo=0)                   0.000     0.000    clk
    E3                   IBUF (Prop_ibuf_I_O)         0.250     0.250 r  clk_IBUF_inst/O
                         net (fo=1, routed)           0.644     0.894    clk_IBUF
    BUFGCTRL_X0Y16       BUFG (Prop_bufg_I_O)         0.026     0.920 r  clk_IBUF_BUFG_inst/O
                         net (fo=186, routed)         0.565     1.484    Control_path/v1/b1/clk
    SLICE_X9Y78          FDRE                                         r  Control_path/v1/b1/ram_en_reg/C
  -------------------------------------------------------------------    -------------------
    SLICE_X9Y78          FDRE (Prop_fdre_C_Q)         0.128     1.612 r  Control_path/v1/b1/ram_en_reg/Q
                         net (fo=16, routed)          0.237     1.850    <hidden>
    RAMB36_X0Y15         RAMB36E1                                     r  <hidden>
  -------------------------------------------------------------------    -------------------

                         (clock clk_out1_clk_50 rise edge)
                                                      0.000     0.000 r  
    BUFGCTRL_X0Y16       BUFG                         0.000     0.000 r  clk_IBUF_BUFG_inst/O
                         net (fo=186, routed)         0.898     0.898    c50/inst/clk_in1
    MMCME2_ADV_X0Y0      MMCME2_ADV (Prop_mmcme2_adv_CLKIN1_CLKOUT0)
                                                     -1.625    -0.727 r  c50/inst/mmcm_adv_inst/CLKOUT0
                         net (fo=1, routed)           0.700    -0.027    c50/inst/clk_out1_clk_50
    BUFGCTRL_X0Y1        BUFG (Prop_bufg_I_O)         0.029     0.002 r  c50/inst/clkout1_buf/O
                         net (fo=16, routed)          0.874     0.876    <hidden>
    RAMB36_X0Y15         RAMB36E1                                     r  <hidden>
                         clock pessimism              0.000     0.876    
                         clock uncertainty            0.182     1.058    
    RAMB36_X0Y15         RAMB36E1 (Hold_ramb36e1_CLKARDCLK_REGCEAREGCE)
                                                      0.015     1.073    <hidden>
  -------------------------------------------------------------------
                         required time                         -1.073    
                         arrival time                           1.850    
  -------------------------------------------------------------------
                         slack                                  0.776    

Slack (MET) :             0.786ns  (arrival time - required time)
  Source:                 Control_path/v1/F2/data_out_reg[2]/C
                            (rising edge-triggered cell FDRE clocked by sys_clk_pin  {rise@0.000ns fall@5.000ns period=10.000ns})
  Destination:            <hidden>
                            (rising edge-triggered cell RAMB36E1 clocked by clk_out1_clk_50  {rise@0.000ns fall@10.000ns period=20.000ns})
  Path Group:             clk_out1_clk_50
  Path Type:              Hold (Min at Fast Process Corner)
  Requirement:            0.000ns  (clk_out1_clk_50 rise@0.000ns - sys_clk_pin rise@0.000ns)
  Data Path Delay:        0.635ns  (logic 0.141ns (22.195%)  route 0.494ns (77.805%))
  Logic Levels:           0  
  Clock Path Skew:        -0.629ns (DCD - SCD - CPR)
    Destination Clock Delay (DCD):    0.888ns
    Source Clock Delay      (SCD):    1.517ns
    Clock Pessimism Removal (CPR):    -0.000ns
  Clock Uncertainty:      0.182ns  ((TSJ^2 + DJ^2)^1/2) / 2 + PE
    Total System Jitter     (TSJ):    0.071ns
    Discrete Jitter          (DJ):    0.152ns
    Phase Error              (PE):    0.099ns
  Clock Domain Crossing:  Inter clock paths are considered valid unless explicitly excluded by timing constraints such as set_clock_groups or set_false_path.

    Location             Delay type                Incr(ns)  Path(ns)    Netlist Resource(s)
  -------------------------------------------------------------------    -------------------
                         (clock sys_clk_pin rise edge)
                                                      0.000     0.000 r  
    E3                                                0.000     0.000 r  clk (IN)
                         net (fo=0)                   0.000     0.000    clk
    E3                   IBUF (Prop_ibuf_I_O)         0.250     0.250 r  clk_IBUF_inst/O
                         net (fo=1, routed)           0.644     0.894    clk_IBUF
    BUFGCTRL_X0Y16       BUFG (Prop_bufg_I_O)         0.026     0.920 r  clk_IBUF_BUFG_inst/O
                         net (fo=186, routed)         0.598     1.517    Control_path/v1/F2/clk
    SLICE_X3Y82          FDRE                                         r  Control_path/v1/F2/data_out_reg[2]/C
  -------------------------------------------------------------------    -------------------
    SLICE_X3Y82          FDRE (Prop_fdre_C_Q)         0.141     1.658 r  Control_path/v1/F2/data_out_reg[2]/Q
                         net (fo=4, routed)           0.494     2.153    <hidden>
    RAMB36_X0Y18         RAMB36E1                                     r  <hidden>
  -------------------------------------------------------------------    -------------------

                         (clock clk_out1_clk_50 rise edge)
                                                      0.000     0.000 r  
    BUFGCTRL_X0Y16       BUFG                         0.000     0.000 r  clk_IBUF_BUFG_inst/O
                         net (fo=186, routed)         0.898     0.898    c50/inst/clk_in1
    MMCME2_ADV_X0Y0      MMCME2_ADV (Prop_mmcme2_adv_CLKIN1_CLKOUT0)
                                                     -1.625    -0.727 r  c50/inst/mmcm_adv_inst/CLKOUT0
                         net (fo=1, routed)           0.700    -0.027    c50/inst/clk_out1_clk_50
    BUFGCTRL_X0Y1        BUFG (Prop_bufg_I_O)         0.029     0.002 r  c50/inst/clkout1_buf/O
                         net (fo=16, routed)          0.886     0.888    <hidden>
    RAMB36_X0Y18         RAMB36E1                                     r  <hidden>
                         clock pessimism              0.000     0.888    
                         clock uncertainty            0.182     1.070    
    RAMB36_X0Y18         RAMB36E1 (Hold_ramb36e1_CLKARDCLK_DIADI[0])
                                                      0.296     1.366    <hidden>
  -------------------------------------------------------------------
                         required time                         -1.366    
                         arrival time                           2.153    
  -------------------------------------------------------------------
                         slack                                  0.786    

Slack (MET) :             0.787ns  (arrival time - required time)
  Source:                 Control_path/v1/b2/ram_en_reg/C
                            (rising edge-triggered cell FDRE clocked by sys_clk_pin  {rise@0.000ns fall@5.000ns period=10.000ns})
  Destination:            <hidden>
                            (rising edge-triggered cell RAMB36E1 clocked by clk_out1_clk_50  {rise@0.000ns fall@10.000ns period=20.000ns})
  Path Group:             clk_out1_clk_50
  Path Type:              Hold (Min at Fast Process Corner)
  Requirement:            0.000ns  (clk_out1_clk_50 rise@0.000ns - sys_clk_pin rise@0.000ns)
  Data Path Delay:        0.379ns  (logic 0.148ns (39.083%)  route 0.231ns (60.917%))
  Logic Levels:           0  
  Clock Path Skew:        -0.605ns (DCD - SCD - CPR)
    Destination Clock Delay (DCD):    0.881ns
    Source Clock Delay      (SCD):    1.486ns
    Clock Pessimism Removal (CPR):    -0.000ns
  Clock Uncertainty:      0.182ns  ((TSJ^2 + DJ^2)^1/2) / 2 + PE
    Total System Jitter     (TSJ):    0.071ns
    Discrete Jitter          (DJ):    0.152ns
    Phase Error              (PE):    0.099ns
  Clock Domain Crossing:  Inter clock paths are considered valid unless explicitly excluded by timing constraints such as set_clock_groups or set_false_path.

    Location             Delay type                Incr(ns)  Path(ns)    Netlist Resource(s)
  -------------------------------------------------------------------    -------------------
                         (clock sys_clk_pin rise edge)
                                                      0.000     0.000 r  
    E3                                                0.000     0.000 r  clk (IN)
                         net (fo=0)                   0.000     0.000    clk
    E3                   IBUF (Prop_ibuf_I_O)         0.250     0.250 r  clk_IBUF_inst/O
                         net (fo=1, routed)           0.644     0.894    clk_IBUF
    BUFGCTRL_X0Y16       BUFG (Prop_bufg_I_O)         0.026     0.920 r  clk_IBUF_BUFG_inst/O
                         net (fo=186, routed)         0.567     1.486    Control_path/v1/b2/clk
    SLICE_X8Y80          FDRE                                         r  Control_path/v1/b2/ram_en_reg/C
  -------------------------------------------------------------------    -------------------
    SLICE_X8Y80          FDRE (Prop_fdre_C_Q)         0.148     1.634 r  Control_path/v1/b2/ram_en_reg/Q
                         net (fo=16, routed)          0.231     1.865    <hidden>
    RAMB36_X0Y16         RAMB36E1                                     r  <hidden>
  -------------------------------------------------------------------    -------------------

                         (clock clk_out1_clk_50 rise edge)
                                                      0.000     0.000 r  
    BUFGCTRL_X0Y16       BUFG                         0.000     0.000 r  clk_IBUF_BUFG_inst/O
                         net (fo=186, routed)         0.898     0.898    c50/inst/clk_in1
    MMCME2_ADV_X0Y0      MMCME2_ADV (Prop_mmcme2_adv_CLKIN1_CLKOUT0)
                                                     -1.625    -0.727 r  c50/inst/mmcm_adv_inst/CLKOUT0
                         net (fo=1, routed)           0.700    -0.027    c50/inst/clk_out1_clk_50
    BUFGCTRL_X0Y1        BUFG (Prop_bufg_I_O)         0.029     0.002 r  c50/inst/clkout1_buf/O
                         net (fo=16, routed)          0.879     0.881    <hidden>
    RAMB36_X0Y16         RAMB36E1                                     r  <hidden>
                         clock pessimism              0.000     0.881    
                         clock uncertainty            0.182     1.063    
    RAMB36_X0Y16         RAMB36E1 (Hold_ramb36e1_CLKARDCLK_REGCEAREGCE)
                                                      0.015     1.078    <hidden>
  -------------------------------------------------------------------
                         required time                         -1.078    
                         arrival time                           1.865    
  -------------------------------------------------------------------
                         slack                                  0.787    

Slack (MET) :             0.797ns  (arrival time - required time)
  Source:                 Control_path/v1/b1/ram_addr_reg[5]/C
                            (rising edge-triggered cell FDRE clocked by sys_clk_pin  {rise@0.000ns fall@5.000ns period=10.000ns})
  Destination:            <hidden>
                            (rising edge-triggered cell RAMB36E1 clocked by clk_out1_clk_50  {rise@0.000ns fall@10.000ns period=20.000ns})
  Path Group:             clk_out1_clk_50
  Path Type:              Hold (Min at Fast Process Corner)
  Requirement:            0.000ns  (clk_out1_clk_50 rise@0.000ns - sys_clk_pin rise@0.000ns)
  Data Path Delay:        0.557ns  (logic 0.186ns (33.374%)  route 0.371ns (66.626%))
  Logic Levels:           1  (LUT4=1)
  Clock Path Skew:        -0.605ns (DCD - SCD - CPR)
    Destination Clock Delay (DCD):    0.876ns
    Source Clock Delay      (SCD):    1.481ns
    Clock Pessimism Removal (CPR):    -0.000ns
  Clock Uncertainty:      0.182ns  ((TSJ^2 + DJ^2)^1/2) / 2 + PE
    Total System Jitter     (TSJ):    0.071ns
    Discrete Jitter          (DJ):    0.152ns
    Phase Error              (PE):    0.099ns
  Clock Domain Crossing:  Inter clock paths are considered valid unless explicitly excluded by timing constraints such as set_clock_groups or set_false_path.

    Location             Delay type                Incr(ns)  Path(ns)    Netlist Resource(s)
  -------------------------------------------------------------------    -------------------
                         (clock sys_clk_pin rise edge)
                                                      0.000     0.000 r  
    E3                                                0.000     0.000 r  clk (IN)
                         net (fo=0)                   0.000     0.000    clk
    E3                   IBUF (Prop_ibuf_I_O)         0.250     0.250 r  clk_IBUF_inst/O
                         net (fo=1, routed)           0.644     0.894    clk_IBUF
    BUFGCTRL_X0Y16       BUFG (Prop_bufg_I_O)         0.026     0.920 r  clk_IBUF_BUFG_inst/O
                         net (fo=186, routed)         0.562     1.481    Control_path/v1/b1/clk
    SLICE_X9Y75          FDRE                                         r  Control_path/v1/b1/ram_addr_reg[5]/C
  -------------------------------------------------------------------    -------------------
    SLICE_X9Y75          FDRE (Prop_fdre_C_Q)         0.141     1.622 r  Control_path/v1/b1/ram_addr_reg[5]/Q
                         net (fo=1, routed)           0.111     1.733    Control_path/v1/c2/rb_reg[3][5]
    SLICE_X11Y75         LUT4 (Prop_lut4_I3_O)        0.045     1.778 r  Control_path/v1/c2/buffer_ram_1_i_11/O
                         net (fo=8, routed)           0.260     2.039    <hidden>
    RAMB36_X0Y15         RAMB36E1                                     r  <hidden>
  -------------------------------------------------------------------    -------------------

                         (clock clk_out1_clk_50 rise edge)
                                                      0.000     0.000 r  
    BUFGCTRL_X0Y16       BUFG                         0.000     0.000 r  clk_IBUF_BUFG_inst/O
                         net (fo=186, routed)         0.898     0.898    c50/inst/clk_in1
    MMCME2_ADV_X0Y0      MMCME2_ADV (Prop_mmcme2_adv_CLKIN1_CLKOUT0)
                                                     -1.625    -0.727 r  c50/inst/mmcm_adv_inst/CLKOUT0
                         net (fo=1, routed)           0.700    -0.027    c50/inst/clk_out1_clk_50
    BUFGCTRL_X0Y1        BUFG (Prop_bufg_I_O)         0.029     0.002 r  c50/inst/clkout1_buf/O
                         net (fo=16, routed)          0.874     0.876    <hidden>
    RAMB36_X0Y15         RAMB36E1                                     r  <hidden>
                         clock pessimism              0.000     0.876    
                         clock uncertainty            0.182     1.058    
    RAMB36_X0Y15         RAMB36E1 (Hold_ramb36e1_CLKARDCLK_ADDRARDADDR[5])
                                                      0.183     1.241    <hidden>
  -------------------------------------------------------------------
                         required time                         -1.241    
                         arrival time                           2.039    
  -------------------------------------------------------------------
                         slack                                  0.797    





---------------------------------------------------------------------------------------------------
From Clock:  clk_out1_clk_25
  To Clock:  sys_clk_pin

Setup :            0  Failing Endpoints,  Worst Slack        2.725ns,  Total Violation        0.000ns
Hold  :            0  Failing Endpoints,  Worst Slack        0.076ns,  Total Violation        0.000ns
---------------------------------------------------------------------------------------------------


Max Delay Paths
--------------------------------------------------------------------------------------
Slack (MET) :             2.725ns  (required time - arrival time)
  Source:                 Control_path/U1/U1/pixel_reg_reg[5]/C
                            (rising edge-triggered cell FDCE clocked by clk_out1_clk_25  {rise@0.000ns fall@20.000ns period=40.000ns})
  Destination:            <hidden>
                            (rising edge-triggered cell RAMB36E1 clocked by sys_clk_pin  {rise@0.000ns fall@5.000ns period=10.000ns})
  Path Group:             sys_clk_pin
  Path Type:              Setup (Max at Slow Process Corner)
  Requirement:            10.000ns  (sys_clk_pin rise@10.000ns - clk_out1_clk_25 rise@0.000ns)
  Data Path Delay:        9.837ns  (logic 0.518ns (5.266%)  route 9.319ns (94.734%))
  Logic Levels:           0  
  Clock Path Skew:        3.330ns (DCD - SCD + CPR)
    Destination Clock Delay (DCD):    4.966ns = ( 14.966 - 10.000 ) 
    Source Clock Delay      (SCD):    1.636ns
    Clock Pessimism Removal (CPR):    0.000ns
  Clock Uncertainty:      0.202ns  ((TSJ^2 + DJ^2)^1/2) / 2 + PE
    Total System Jitter     (TSJ):    0.071ns
    Discrete Jitter          (DJ):    0.182ns
    Phase Error              (PE):    0.104ns
  Clock Domain Crossing:  Inter clock paths are considered valid unless explicitly excluded by timing constraints such as set_clock_groups or set_false_path.

    Location             Delay type                Incr(ns)  Path(ns)    Netlist Resource(s)
  -------------------------------------------------------------------    -------------------
                         (clock clk_out1_clk_25 rise edge)
                                                      0.000     0.000 r  
    BUFGCTRL_X0Y16       BUFG                         0.000     0.000 r  clk_IBUF_BUFG_inst/O
                         net (fo=186, routed)         1.636     1.636    c25/inst/clk_in1
    MMCME2_ADV_X0Y1      MMCME2_ADV (Prop_mmcme2_adv_CLKIN1_CLKOUT0)
                                                     -3.441    -1.804 r  c25/inst/mmcm_adv_inst/CLKOUT0
                         net (fo=1, routed)           1.710    -0.094    c25/inst/clk_out1_clk_25
    BUFGCTRL_X0Y0        BUFG (Prop_bufg_I_O)         0.096     0.002 r  c25/inst/clkout1_buf/O
                         net (fo=40, routed)          1.634     1.636    Control_path/U1/U1/CLK
    SLICE_X10Y81         FDCE                                         r  Control_path/U1/U1/pixel_reg_reg[5]/C
  -------------------------------------------------------------------    -------------------
    SLICE_X10Y81         FDCE (Prop_fdce_C_Q)         0.518     2.154 r  Control_path/U1/U1/pixel_reg_reg[5]/Q
                         net (fo=23, routed)          9.319    11.473    <hidden>
    RAMB36_X0Y21         RAMB36E1                                     r  <hidden>
  -------------------------------------------------------------------    -------------------

                         (clock sys_clk_pin rise edge)
                                                     10.000    10.000 r  
    E3                                                0.000    10.000 r  clk (IN)
                         net (fo=0)                   0.000    10.000    clk
    E3                   IBUF (Prop_ibuf_I_O)         1.411    11.411 r  clk_IBUF_inst/O
                         net (fo=1, routed)           1.920    13.331    clk_IBUF
    BUFGCTRL_X0Y16       BUFG (Prop_bufg_I_O)         0.091    13.422 r  clk_IBUF_BUFG_inst/O
                         net (fo=186, routed)         1.544    14.966    <hidden>
    RAMB36_X0Y21         RAMB36E1                                     r  <hidden>
                         clock pessimism              0.000    14.966    
                         clock uncertainty           -0.202    14.764    
    RAMB36_X0Y21         RAMB36E1 (Setup_ramb36e1_CLKBWRCLK_ADDRBWRADDR[5])
                                                     -0.566    14.198    <hidden>
  -------------------------------------------------------------------
                         required time                         14.198    
                         arrival time                         -11.473    
  -------------------------------------------------------------------
                         slack                                  2.725    

Slack (MET) :             2.832ns  (required time - arrival time)
  Source:                 Control_path/U1/U1/pixel_reg_reg[0]/C
                            (rising edge-triggered cell FDCE clocked by clk_out1_clk_25  {rise@0.000ns fall@20.000ns period=40.000ns})
  Destination:            <hidden>
                            (rising edge-triggered cell RAMB36E1 clocked by sys_clk_pin  {rise@0.000ns fall@5.000ns period=10.000ns})
  Path Group:             sys_clk_pin
  Path Type:              Setup (Max at Slow Process Corner)
  Requirement:            10.000ns  (sys_clk_pin rise@10.000ns - clk_out1_clk_25 rise@0.000ns)
  Data Path Delay:        9.731ns  (logic 0.518ns (5.323%)  route 9.213ns (94.677%))
  Logic Levels:           0  
  Clock Path Skew:        3.331ns (DCD - SCD + CPR)
    Destination Clock Delay (DCD):    4.964ns = ( 14.964 - 10.000 ) 
    Source Clock Delay      (SCD):    1.633ns
    Clock Pessimism Removal (CPR):    0.000ns
  Clock Uncertainty:      0.202ns  ((TSJ^2 + DJ^2)^1/2) / 2 + PE
    Total System Jitter     (TSJ):    0.071ns
    Discrete Jitter          (DJ):    0.182ns
    Phase Error              (PE):    0.104ns
  Clock Domain Crossing:  Inter clock paths are considered valid unless explicitly excluded by timing constraints such as set_clock_groups or set_false_path.

    Location             Delay type                Incr(ns)  Path(ns)    Netlist Resource(s)
  -------------------------------------------------------------------    -------------------
                         (clock clk_out1_clk_25 rise edge)
                                                      0.000     0.000 r  
    BUFGCTRL_X0Y16       BUFG                         0.000     0.000 r  clk_IBUF_BUFG_inst/O
                         net (fo=186, routed)         1.636     1.636    c25/inst/clk_in1
    MMCME2_ADV_X0Y1      MMCME2_ADV (Prop_mmcme2_adv_CLKIN1_CLKOUT0)
                                                     -3.441    -1.804 r  c25/inst/mmcm_adv_inst/CLKOUT0
                         net (fo=1, routed)           1.710    -0.094    c25/inst/clk_out1_clk_25
    BUFGCTRL_X0Y0        BUFG (Prop_bufg_I_O)         0.096     0.002 r  c25/inst/clkout1_buf/O
                         net (fo=40, routed)          1.631     1.633    Control_path/U1/U1/CLK
    SLICE_X8Y79          FDCE                                         r  Control_path/U1/U1/pixel_reg_reg[0]/C
  -------------------------------------------------------------------    -------------------
    SLICE_X8Y79          FDCE (Prop_fdce_C_Q)         0.518     2.151 r  Control_path/U1/U1/pixel_reg_reg[0]/Q
                         net (fo=24, routed)          9.213    11.365    <hidden>
    RAMB36_X0Y22         RAMB36E1                                     r  <hidden>
  -------------------------------------------------------------------    -------------------

                         (clock sys_clk_pin rise edge)
                                                     10.000    10.000 r  
    E3                                                0.000    10.000 r  clk (IN)
                         net (fo=0)                   0.000    10.000    clk
    E3                   IBUF (Prop_ibuf_I_O)         1.411    11.411 r  clk_IBUF_inst/O
                         net (fo=1, routed)           1.920    13.331    clk_IBUF
    BUFGCTRL_X0Y16       BUFG (Prop_bufg_I_O)         0.091    13.422 r  clk_IBUF_BUFG_inst/O
                         net (fo=186, routed)         1.542    14.964    <hidden>
    RAMB36_X0Y22         RAMB36E1                                     r  <hidden>
                         clock pessimism              0.000    14.964    
                         clock uncertainty           -0.202    14.762    
    RAMB36_X0Y22         RAMB36E1 (Setup_ramb36e1_CLKBWRCLK_ADDRBWRADDR[0])
                                                     -0.566    14.196    <hidden>
  -------------------------------------------------------------------
                         required time                         14.196    
                         arrival time                         -11.365    
  -------------------------------------------------------------------
                         slack                                  2.832    

Slack (MET) :             2.849ns  (required time - arrival time)
  Source:                 Control_path/U1/U1/pixel_reg_reg[5]/C
                            (rising edge-triggered cell FDCE clocked by clk_out1_clk_25  {rise@0.000ns fall@20.000ns period=40.000ns})
  Destination:            <hidden>
                            (rising edge-triggered cell RAMB36E1 clocked by sys_clk_pin  {rise@0.000ns fall@5.000ns period=10.000ns})
  Path Group:             sys_clk_pin
  Path Type:              Setup (Max at Slow Process Corner)
  Requirement:            10.000ns  (sys_clk_pin rise@10.000ns - clk_out1_clk_25 rise@0.000ns)
  Data Path Delay:        9.714ns  (logic 0.518ns (5.333%)  route 9.196ns (94.667%))
  Logic Levels:           0  
  Clock Path Skew:        3.331ns (DCD - SCD + CPR)
    Destination Clock Delay (DCD):    4.967ns = ( 14.967 - 10.000 ) 
    Source Clock Delay      (SCD):    1.636ns
    Clock Pessimism Removal (CPR):    0.000ns
  Clock Uncertainty:      0.202ns  ((TSJ^2 + DJ^2)^1/2) / 2 + PE
    Total System Jitter     (TSJ):    0.071ns
    Discrete Jitter          (DJ):    0.182ns
    Phase Error              (PE):    0.104ns
  Clock Domain Crossing:  Inter clock paths are considered valid unless explicitly excluded by timing constraints such as set_clock_groups or set_false_path.

    Location             Delay type                Incr(ns)  Path(ns)    Netlist Resource(s)
  -------------------------------------------------------------------    -------------------
                         (clock clk_out1_clk_25 rise edge)
                                                      0.000     0.000 r  
    BUFGCTRL_X0Y16       BUFG                         0.000     0.000 r  clk_IBUF_BUFG_inst/O
                         net (fo=186, routed)         1.636     1.636    c25/inst/clk_in1
    MMCME2_ADV_X0Y1      MMCME2_ADV (Prop_mmcme2_adv_CLKIN1_CLKOUT0)
                                                     -3.441    -1.804 r  c25/inst/mmcm_adv_inst/CLKOUT0
                         net (fo=1, routed)           1.710    -0.094    c25/inst/clk_out1_clk_25
    BUFGCTRL_X0Y0        BUFG (Prop_bufg_I_O)         0.096     0.002 r  c25/inst/clkout1_buf/O
                         net (fo=40, routed)          1.634     1.636    Control_path/U1/U1/CLK
    SLICE_X10Y81         FDCE                                         r  Control_path/U1/U1/pixel_reg_reg[5]/C
  -------------------------------------------------------------------    -------------------
    SLICE_X10Y81         FDCE (Prop_fdce_C_Q)         0.518     2.154 r  Control_path/U1/U1/pixel_reg_reg[5]/Q
                         net (fo=23, routed)          9.196    11.350    <hidden>
    RAMB36_X0Y20         RAMB36E1                                     r  <hidden>
  -------------------------------------------------------------------    -------------------

                         (clock sys_clk_pin rise edge)
                                                     10.000    10.000 r  
    E3                                                0.000    10.000 r  clk (IN)
                         net (fo=0)                   0.000    10.000    clk
    E3                   IBUF (Prop_ibuf_I_O)         1.411    11.411 r  clk_IBUF_inst/O
                         net (fo=1, routed)           1.920    13.331    clk_IBUF
    BUFGCTRL_X0Y16       BUFG (Prop_bufg_I_O)         0.091    13.422 r  clk_IBUF_BUFG_inst/O
                         net (fo=186, routed)         1.545    14.967    <hidden>
    RAMB36_X0Y20         RAMB36E1                                     r  <hidden>
                         clock pessimism              0.000    14.967    
                         clock uncertainty           -0.202    14.765    
    RAMB36_X0Y20         RAMB36E1 (Setup_ramb36e1_CLKBWRCLK_ADDRBWRADDR[5])
                                                     -0.566    14.199    <hidden>
  -------------------------------------------------------------------
                         required time                         14.199    
                         arrival time                         -11.350    
  -------------------------------------------------------------------
                         slack                                  2.849    

Slack (MET) :             2.946ns  (required time - arrival time)
  Source:                 Control_path/U1/U2/pixel_reg_reg[7]/C
                            (rising edge-triggered cell FDCE clocked by clk_out1_clk_25  {rise@0.000ns fall@20.000ns period=40.000ns})
  Destination:            <hidden>
                            (rising edge-triggered cell RAMB36E1 clocked by sys_clk_pin  {rise@0.000ns fall@5.000ns period=10.000ns})
  Path Group:             sys_clk_pin
  Path Type:              Setup (Max at Slow Process Corner)
  Requirement:            10.000ns  (sys_clk_pin rise@10.000ns - clk_out1_clk_25 rise@0.000ns)
  Data Path Delay:        9.542ns  (logic 0.707ns (7.409%)  route 8.835ns (92.591%))
  Logic Levels:           1  (LUT3=1)
  Clock Path Skew:        3.337ns (DCD - SCD + CPR)
    Destination Clock Delay (DCD):    4.972ns = ( 14.972 - 10.000 ) 
    Source Clock Delay      (SCD):    1.635ns
    Clock Pessimism Removal (CPR):    0.000ns
  Clock Uncertainty:      0.202ns  ((TSJ^2 + DJ^2)^1/2) / 2 + PE
    Total System Jitter     (TSJ):    0.071ns
    Discrete Jitter          (DJ):    0.182ns
    Phase Error              (PE):    0.104ns
  Clock Domain Crossing:  Inter clock paths are considered valid unless explicitly excluded by timing constraints such as set_clock_groups or set_false_path.

    Location             Delay type                Incr(ns)  Path(ns)    Netlist Resource(s)
  -------------------------------------------------------------------    -------------------
                         (clock clk_out1_clk_25 rise edge)
                                                      0.000     0.000 r  
    BUFGCTRL_X0Y16       BUFG                         0.000     0.000 r  clk_IBUF_BUFG_inst/O
                         net (fo=186, routed)         1.636     1.636    c25/inst/clk_in1
    MMCME2_ADV_X0Y1      MMCME2_ADV (Prop_mmcme2_adv_CLKIN1_CLKOUT0)
                                                     -3.441    -1.804 r  c25/inst/mmcm_adv_inst/CLKOUT0
                         net (fo=1, routed)           1.710    -0.094    c25/inst/clk_out1_clk_25
    BUFGCTRL_X0Y0        BUFG (Prop_bufg_I_O)         0.096     0.002 r  c25/inst/clkout1_buf/O
                         net (fo=40, routed)          1.633     1.635    Control_path/U1/U2/CLK
    SLICE_X11Y80         FDCE                                         r  Control_path/U1/U2/pixel_reg_reg[7]/C
  -------------------------------------------------------------------    -------------------
    SLICE_X11Y80         FDCE (Prop_fdce_C_Q)         0.419     2.054 f  Control_path/U1/U2/pixel_reg_reg[7]/Q
                         net (fo=29, routed)          6.418     8.473    <hidden>
    SLICE_X8Y62          LUT3 (Prop_lut3_I1_O)        0.288     8.761 r  <hidden>
                         net (fo=1, routed)           2.417    11.177    <hidden>
    RAMB36_X0Y14         RAMB36E1                                     r  <hidden>
  -------------------------------------------------------------------    -------------------

                         (clock sys_clk_pin rise edge)
                                                     10.000    10.000 r  
    E3                                                0.000    10.000 r  clk (IN)
                         net (fo=0)                   0.000    10.000    clk
    E3                   IBUF (Prop_ibuf_I_O)         1.411    11.411 r  clk_IBUF_inst/O
                         net (fo=1, routed)           1.920    13.331    clk_IBUF
    BUFGCTRL_X0Y16       BUFG (Prop_bufg_I_O)         0.091    13.422 r  clk_IBUF_BUFG_inst/O
                         net (fo=186, routed)         1.550    14.972    <hidden>
    RAMB36_X0Y14         RAMB36E1                                     r  <hidden>
                         clock pessimism              0.000    14.972    
                         clock uncertainty           -0.202    14.770    
    RAMB36_X0Y14         RAMB36E1 (Setup_ramb36e1_CLKBWRCLK_ENBWREN)
                                                     -0.647    14.123    <hidden>
  -------------------------------------------------------------------
                         required time                         14.123    
                         arrival time                         -11.177    
  -------------------------------------------------------------------
                         slack                                  2.946    

Slack (MET) :             3.457ns  (required time - arrival time)
  Source:                 Control_path/U1/U1/pixel_reg_reg[5]/C
                            (rising edge-triggered cell FDCE clocked by clk_out1_clk_25  {rise@0.000ns fall@20.000ns period=40.000ns})
  Destination:            <hidden>
                            (rising edge-triggered cell RAMB36E1 clocked by sys_clk_pin  {rise@0.000ns fall@5.000ns period=10.000ns})
  Path Group:             sys_clk_pin
  Path Type:              Setup (Max at Slow Process Corner)
  Requirement:            10.000ns  (sys_clk_pin rise@10.000ns - clk_out1_clk_25 rise@0.000ns)
  Data Path Delay:        9.121ns  (logic 0.518ns (5.679%)  route 8.603ns (94.321%))
  Logic Levels:           0  
  Clock Path Skew:        3.347ns (DCD - SCD + CPR)
    Destination Clock Delay (DCD):    4.983ns = ( 14.983 - 10.000 ) 
    Source Clock Delay      (SCD):    1.636ns
    Clock Pessimism Removal (CPR):    0.000ns
  Clock Uncertainty:      0.202ns  ((TSJ^2 + DJ^2)^1/2) / 2 + PE
    Total System Jitter     (TSJ):    0.071ns
    Discrete Jitter          (DJ):    0.182ns
    Phase Error              (PE):    0.104ns
  Clock Domain Crossing:  Inter clock paths are considered valid unless explicitly excluded by timing constraints such as set_clock_groups or set_false_path.

    Location             Delay type                Incr(ns)  Path(ns)    Netlist Resource(s)
  -------------------------------------------------------------------    -------------------
                         (clock clk_out1_clk_25 rise edge)
                                                      0.000     0.000 r  
    BUFGCTRL_X0Y16       BUFG                         0.000     0.000 r  clk_IBUF_BUFG_inst/O
                         net (fo=186, routed)         1.636     1.636    c25/inst/clk_in1
    MMCME2_ADV_X0Y1      MMCME2_ADV (Prop_mmcme2_adv_CLKIN1_CLKOUT0)
                                                     -3.441    -1.804 r  c25/inst/mmcm_adv_inst/CLKOUT0
                         net (fo=1, routed)           1.710    -0.094    c25/inst/clk_out1_clk_25
    BUFGCTRL_X0Y0        BUFG (Prop_bufg_I_O)         0.096     0.002 r  c25/inst/clkout1_buf/O
                         net (fo=40, routed)          1.634     1.636    Control_path/U1/U1/CLK
    SLICE_X10Y81         FDCE                                         r  Control_path/U1/U1/pixel_reg_reg[5]/C
  -------------------------------------------------------------------    -------------------
    SLICE_X10Y81         FDCE (Prop_fdce_C_Q)         0.518     2.154 r  Control_path/U1/U1/pixel_reg_reg[5]/Q
                         net (fo=23, routed)          8.603    10.758    <hidden>
    RAMB36_X0Y19         RAMB36E1                                     r  <hidden>
  -------------------------------------------------------------------    -------------------

                         (clock sys_clk_pin rise edge)
                                                     10.000    10.000 r  
    E3                                                0.000    10.000 r  clk (IN)
                         net (fo=0)                   0.000    10.000    clk
    E3                   IBUF (Prop_ibuf_I_O)         1.411    11.411 r  clk_IBUF_inst/O
                         net (fo=1, routed)           1.920    13.331    clk_IBUF
    BUFGCTRL_X0Y16       BUFG (Prop_bufg_I_O)         0.091    13.422 r  clk_IBUF_BUFG_inst/O
                         net (fo=186, routed)         1.561    14.983    <hidden>
    RAMB36_X0Y19         RAMB36E1                                     r  <hidden>
                         clock pessimism              0.000    14.983    
                         clock uncertainty           -0.202    14.781    
    RAMB36_X0Y19         RAMB36E1 (Setup_ramb36e1_CLKBWRCLK_ADDRBWRADDR[5])
                                                     -0.566    14.215    <hidden>
  -------------------------------------------------------------------
                         required time                         14.215    
                         arrival time                         -10.758    
  -------------------------------------------------------------------
                         slack                                  3.457    

Slack (MET) :             3.468ns  (required time - arrival time)
  Source:                 Control_path/U1/U1/pixel_reg_reg[5]/C
                            (rising edge-triggered cell FDCE clocked by clk_out1_clk_25  {rise@0.000ns fall@20.000ns period=40.000ns})
  Destination:            <hidden>
                            (rising edge-triggered cell RAMB36E1 clocked by sys_clk_pin  {rise@0.000ns fall@5.000ns period=10.000ns})
  Path Group:             sys_clk_pin
  Path Type:              Setup (Max at Slow Process Corner)
  Requirement:            10.000ns  (sys_clk_pin rise@10.000ns - clk_out1_clk_25 rise@0.000ns)
  Data Path Delay:        9.087ns  (logic 0.518ns (5.700%)  route 8.569ns (94.300%))
  Logic Levels:           0  
  Clock Path Skew:        3.324ns (DCD - SCD + CPR)
    Destination Clock Delay (DCD):    4.960ns = ( 14.960 - 10.000 ) 
    Source Clock Delay      (SCD):    1.636ns
    Clock Pessimism Removal (CPR):    0.000ns
  Clock Uncertainty:      0.202ns  ((TSJ^2 + DJ^2)^1/2) / 2 + PE
    Total System Jitter     (TSJ):    0.071ns
    Discrete Jitter          (DJ):    0.182ns
    Phase Error              (PE):    0.104ns
  Clock Domain Crossing:  Inter clock paths are considered valid unless explicitly excluded by timing constraints such as set_clock_groups or set_false_path.

    Location             Delay type                Incr(ns)  Path(ns)    Netlist Resource(s)
  -------------------------------------------------------------------    -------------------
                         (clock clk_out1_clk_25 rise edge)
                                                      0.000     0.000 r  
    BUFGCTRL_X0Y16       BUFG                         0.000     0.000 r  clk_IBUF_BUFG_inst/O
                         net (fo=186, routed)         1.636     1.636    c25/inst/clk_in1
    MMCME2_ADV_X0Y1      MMCME2_ADV (Prop_mmcme2_adv_CLKIN1_CLKOUT0)
                                                     -3.441    -1.804 r  c25/inst/mmcm_adv_inst/CLKOUT0
                         net (fo=1, routed)           1.710    -0.094    c25/inst/clk_out1_clk_25
    BUFGCTRL_X0Y0        BUFG (Prop_bufg_I_O)         0.096     0.002 r  c25/inst/clkout1_buf/O
                         net (fo=40, routed)          1.634     1.636    Control_path/U1/U1/CLK
    SLICE_X10Y81         FDCE                                         r  Control_path/U1/U1/pixel_reg_reg[5]/C
  -------------------------------------------------------------------    -------------------
    SLICE_X10Y81         FDCE (Prop_fdce_C_Q)         0.518     2.154 r  Control_path/U1/U1/pixel_reg_reg[5]/Q
                         net (fo=23, routed)          8.569    10.724    <hidden>
    RAMB36_X0Y23         RAMB36E1                                     r  <hidden>
  -------------------------------------------------------------------    -------------------

                         (clock sys_clk_pin rise edge)
                                                     10.000    10.000 r  
    E3                                                0.000    10.000 r  clk (IN)
                         net (fo=0)                   0.000    10.000    clk
    E3                   IBUF (Prop_ibuf_I_O)         1.411    11.411 r  clk_IBUF_inst/O
                         net (fo=1, routed)           1.920    13.331    clk_IBUF
    BUFGCTRL_X0Y16       BUFG (Prop_bufg_I_O)         0.091    13.422 r  clk_IBUF_BUFG_inst/O
                         net (fo=186, routed)         1.538    14.960    <hidden>
    RAMB36_X0Y23         RAMB36E1                                     r  <hidden>
                         clock pessimism              0.000    14.960    
                         clock uncertainty           -0.202    14.758    
    RAMB36_X0Y23         RAMB36E1 (Setup_ramb36e1_CLKBWRCLK_ADDRBWRADDR[5])
                                                     -0.566    14.192    <hidden>
  -------------------------------------------------------------------
                         required time                         14.192    
                         arrival time                         -10.724    
  -------------------------------------------------------------------
                         slack                                  3.468    

Slack (MET) :             3.665ns  (required time - arrival time)
  Source:                 Control_path/U1/U1/pixel_reg_reg[4]/C
                            (rising edge-triggered cell FDCE clocked by clk_out1_clk_25  {rise@0.000ns fall@20.000ns period=40.000ns})
  Destination:            <hidden>
                            (rising edge-triggered cell RAMB36E1 clocked by sys_clk_pin  {rise@0.000ns fall@5.000ns period=10.000ns})
  Path Group:             sys_clk_pin
  Path Type:              Setup (Max at Slow Process Corner)
  Requirement:            10.000ns  (sys_clk_pin rise@10.000ns - clk_out1_clk_25 rise@0.000ns)
  Data Path Delay:        9.083ns  (logic 0.456ns (5.021%)  route 8.627ns (94.979%))
  Logic Levels:           0  
  Clock Path Skew:        3.515ns (DCD - SCD + CPR)
    Destination Clock Delay (DCD):    5.149ns = ( 15.149 - 10.000 ) 
    Source Clock Delay      (SCD):    1.633ns
    Clock Pessimism Removal (CPR):    0.000ns
  Clock Uncertainty:      0.202ns  ((TSJ^2 + DJ^2)^1/2) / 2 + PE
    Total System Jitter     (TSJ):    0.071ns
    Discrete Jitter          (DJ):    0.182ns
    Phase Error              (PE):    0.104ns
  Clock Domain Crossing:  Inter clock paths are considered valid unless explicitly excluded by timing constraints such as set_clock_groups or set_false_path.

    Location             Delay type                Incr(ns)  Path(ns)    Netlist Resource(s)
  -------------------------------------------------------------------    -------------------
                         (clock clk_out1_clk_25 rise edge)
                                                      0.000     0.000 r  
    BUFGCTRL_X0Y16       BUFG                         0.000     0.000 r  clk_IBUF_BUFG_inst/O
                         net (fo=186, routed)         1.636     1.636    c25/inst/clk_in1
    MMCME2_ADV_X0Y1      MMCME2_ADV (Prop_mmcme2_adv_CLKIN1_CLKOUT0)
                                                     -3.441    -1.804 r  c25/inst/mmcm_adv_inst/CLKOUT0
                         net (fo=1, routed)           1.710    -0.094    c25/inst/clk_out1_clk_25
    BUFGCTRL_X0Y0        BUFG (Prop_bufg_I_O)         0.096     0.002 r  c25/inst/clkout1_buf/O
                         net (fo=40, routed)          1.631     1.633    Control_path/U1/U1/CLK
    SLICE_X9Y79          FDCE                                         r  Control_path/U1/U1/pixel_reg_reg[4]/C
  -------------------------------------------------------------------    -------------------
    SLICE_X9Y79          FDCE (Prop_fdce_C_Q)         0.456     2.089 r  Control_path/U1/U1/pixel_reg_reg[4]/Q
                         net (fo=22, routed)          8.627    10.716    <hidden>
    RAMB36_X0Y8          RAMB36E1                                     r  <hidden>
  -------------------------------------------------------------------    -------------------

                         (clock sys_clk_pin rise edge)
                                                     10.000    10.000 r  
    E3                                                0.000    10.000 r  clk (IN)
                         net (fo=0)                   0.000    10.000    clk
    E3                   IBUF (Prop_ibuf_I_O)         1.411    11.411 r  clk_IBUF_inst/O
                         net (fo=1, routed)           1.920    13.331    clk_IBUF
    BUFGCTRL_X0Y16       BUFG (Prop_bufg_I_O)         0.091    13.422 r  clk_IBUF_BUFG_inst/O
                         net (fo=186, routed)         1.726    15.149    <hidden>
    RAMB36_X0Y8          RAMB36E1                                     r  <hidden>
                         clock pessimism              0.000    15.149    
                         clock uncertainty           -0.202    14.947    
    RAMB36_X0Y8          RAMB36E1 (Setup_ramb36e1_CLKBWRCLK_ADDRBWRADDR[4])
                                                     -0.566    14.381    <hidden>
  -------------------------------------------------------------------
                         required time                         14.381    
                         arrival time                         -10.716    
  -------------------------------------------------------------------
                         slack                                  3.665    

Slack (MET) :             3.745ns  (required time - arrival time)
  Source:                 Control_path/U1/U2/pixel_reg_reg[0]/C
                            (rising edge-triggered cell FDCE clocked by clk_out1_clk_25  {rise@0.000ns fall@20.000ns period=40.000ns})
  Destination:            <hidden>
                            (rising edge-triggered cell RAMB36E1 clocked by sys_clk_pin  {rise@0.000ns fall@5.000ns period=10.000ns})
  Path Group:             sys_clk_pin
  Path Type:              Setup (Max at Slow Process Corner)
  Requirement:            10.000ns  (sys_clk_pin rise@10.000ns - clk_out1_clk_25 rise@0.000ns)
  Data Path Delay:        8.998ns  (logic 0.518ns (5.757%)  route 8.480ns (94.243%))
  Logic Levels:           0  
  Clock Path Skew:        3.511ns (DCD - SCD + CPR)
    Destination Clock Delay (DCD):    5.149ns = ( 15.149 - 10.000 ) 
    Source Clock Delay      (SCD):    1.637ns
    Clock Pessimism Removal (CPR):    0.000ns
  Clock Uncertainty:      0.202ns  ((TSJ^2 + DJ^2)^1/2) / 2 + PE
    Total System Jitter     (TSJ):    0.071ns
    Discrete Jitter          (DJ):    0.182ns
    Phase Error              (PE):    0.104ns
  Clock Domain Crossing:  Inter clock paths are considered valid unless explicitly excluded by timing constraints such as set_clock_groups or set_false_path.

    Location             Delay type                Incr(ns)  Path(ns)    Netlist Resource(s)
  -------------------------------------------------------------------    -------------------
                         (clock clk_out1_clk_25 rise edge)
                                                      0.000     0.000 r  
    BUFGCTRL_X0Y16       BUFG                         0.000     0.000 r  clk_IBUF_BUFG_inst/O
                         net (fo=186, routed)         1.636     1.636    c25/inst/clk_in1
    MMCME2_ADV_X0Y1      MMCME2_ADV (Prop_mmcme2_adv_CLKIN1_CLKOUT0)
                                                     -3.441    -1.804 r  c25/inst/mmcm_adv_inst/CLKOUT0
                         net (fo=1, routed)           1.710    -0.094    c25/inst/clk_out1_clk_25
    BUFGCTRL_X0Y0        BUFG (Prop_bufg_I_O)         0.096     0.002 r  c25/inst/clkout1_buf/O
                         net (fo=40, routed)          1.635     1.637    Control_path/U1/U2/CLK
    SLICE_X12Y82         FDCE                                         r  Control_path/U1/U2/pixel_reg_reg[0]/C
  -------------------------------------------------------------------    -------------------
    SLICE_X12Y82         FDCE (Prop_fdce_C_Q)         0.518     2.155 r  Control_path/U1/U2/pixel_reg_reg[0]/Q
                         net (fo=25, routed)          8.480    10.636    <hidden>
    RAMB36_X0Y8          RAMB36E1                                     r  <hidden>
  -------------------------------------------------------------------    -------------------

                         (clock sys_clk_pin rise edge)
                                                     10.000    10.000 r  
    E3                                                0.000    10.000 r  clk (IN)
                         net (fo=0)                   0.000    10.000    clk
    E3                   IBUF (Prop_ibuf_I_O)         1.411    11.411 r  clk_IBUF_inst/O
                         net (fo=1, routed)           1.920    13.331    clk_IBUF
    BUFGCTRL_X0Y16       BUFG (Prop_bufg_I_O)         0.091    13.422 r  clk_IBUF_BUFG_inst/O
                         net (fo=186, routed)         1.726    15.149    <hidden>
    RAMB36_X0Y8          RAMB36E1                                     r  <hidden>
                         clock pessimism              0.000    15.149    
                         clock uncertainty           -0.202    14.947    
    RAMB36_X0Y8          RAMB36E1 (Setup_ramb36e1_CLKBWRCLK_ADDRBWRADDR[8])
                                                     -0.566    14.381    <hidden>
  -------------------------------------------------------------------
                         required time                         14.381    
                         arrival time                         -10.636    
  -------------------------------------------------------------------
                         slack                                  3.745    

Slack (MET) :             3.851ns  (required time - arrival time)
  Source:                 Control_path/U1/U1/pixel_reg_reg[1]/C
                            (rising edge-triggered cell FDCE clocked by clk_out1_clk_25  {rise@0.000ns fall@20.000ns period=40.000ns})
  Destination:            <hidden>
                            (rising edge-triggered cell RAMB36E1 clocked by sys_clk_pin  {rise@0.000ns fall@5.000ns period=10.000ns})
  Path Group:             sys_clk_pin
  Path Type:              Setup (Max at Slow Process Corner)
  Requirement:            10.000ns  (sys_clk_pin rise@10.000ns - clk_out1_clk_25 rise@0.000ns)
  Data Path Delay:        8.725ns  (logic 0.478ns (5.478%)  route 8.247ns (94.522%))
  Logic Levels:           0  
  Clock Path Skew:        3.515ns (DCD - SCD + CPR)
    Destination Clock Delay (DCD):    5.149ns = ( 15.149 - 10.000 ) 
    Source Clock Delay      (SCD):    1.633ns
    Clock Pessimism Removal (CPR):    0.000ns
  Clock Uncertainty:      0.202ns  ((TSJ^2 + DJ^2)^1/2) / 2 + PE
    Total System Jitter     (TSJ):    0.071ns
    Discrete Jitter          (DJ):    0.182ns
    Phase Error              (PE):    0.104ns
  Clock Domain Crossing:  Inter clock paths are considered valid unless explicitly excluded by timing constraints such as set_clock_groups or set_false_path.

    Location             Delay type                Incr(ns)  Path(ns)    Netlist Resource(s)
  -------------------------------------------------------------------    -------------------
                         (clock clk_out1_clk_25 rise edge)
                                                      0.000     0.000 r  
    BUFGCTRL_X0Y16       BUFG                         0.000     0.000 r  clk_IBUF_BUFG_inst/O
                         net (fo=186, routed)         1.636     1.636    c25/inst/clk_in1
    MMCME2_ADV_X0Y1      MMCME2_ADV (Prop_mmcme2_adv_CLKIN1_CLKOUT0)
                                                     -3.441    -1.804 r  c25/inst/mmcm_adv_inst/CLKOUT0
                         net (fo=1, routed)           1.710    -0.094    c25/inst/clk_out1_clk_25
    BUFGCTRL_X0Y0        BUFG (Prop_bufg_I_O)         0.096     0.002 r  c25/inst/clkout1_buf/O
                         net (fo=40, routed)          1.631     1.633    Control_path/U1/U1/CLK
    SLICE_X8Y79          FDCE                                         r  Control_path/U1/U1/pixel_reg_reg[1]/C
  -------------------------------------------------------------------    -------------------
    SLICE_X8Y79          FDCE (Prop_fdce_C_Q)         0.478     2.111 r  Control_path/U1/U1/pixel_reg_reg[1]/Q
                         net (fo=23, routed)          8.247    10.359    <hidden>
    RAMB36_X0Y8          RAMB36E1                                     r  <hidden>
  -------------------------------------------------------------------    -------------------

                         (clock sys_clk_pin rise edge)
                                                     10.000    10.000 r  
    E3                                                0.000    10.000 r  clk (IN)
                         net (fo=0)                   0.000    10.000    clk
    E3                   IBUF (Prop_ibuf_I_O)         1.411    11.411 r  clk_IBUF_inst/O
                         net (fo=1, routed)           1.920    13.331    clk_IBUF
    BUFGCTRL_X0Y16       BUFG (Prop_bufg_I_O)         0.091    13.422 r  clk_IBUF_BUFG_inst/O
                         net (fo=186, routed)         1.726    15.149    <hidden>
    RAMB36_X0Y8          RAMB36E1                                     r  <hidden>
                         clock pessimism              0.000    15.149    
                         clock uncertainty           -0.202    14.947    
    RAMB36_X0Y8          RAMB36E1 (Setup_ramb36e1_CLKBWRCLK_ADDRBWRADDR[1])
                                                     -0.737    14.210    <hidden>
  -------------------------------------------------------------------
                         required time                         14.210    
                         arrival time                         -10.359    
  -------------------------------------------------------------------
                         slack                                  3.851    

Slack (MET) :             3.866ns  (required time - arrival time)
  Source:                 Control_path/U1/U1/pixel_reg_reg[0]/C
                            (rising edge-triggered cell FDCE clocked by clk_out1_clk_25  {rise@0.000ns fall@20.000ns period=40.000ns})
  Destination:            <hidden>
                            (rising edge-triggered cell RAMB36E1 clocked by sys_clk_pin  {rise@0.000ns fall@5.000ns period=10.000ns})
  Path Group:             sys_clk_pin
  Path Type:              Setup (Max at Slow Process Corner)
  Requirement:            10.000ns  (sys_clk_pin rise@10.000ns - clk_out1_clk_25 rise@0.000ns)
  Data Path Delay:        8.881ns  (logic 0.518ns (5.833%)  route 8.363ns (94.167%))
  Logic Levels:           0  
  Clock Path Skew:        3.515ns (DCD - SCD + CPR)
    Destination Clock Delay (DCD):    5.149ns = ( 15.149 - 10.000 ) 
    Source Clock Delay      (SCD):    1.633ns
    Clock Pessimism Removal (CPR):    0.000ns
  Clock Uncertainty:      0.202ns  ((TSJ^2 + DJ^2)^1/2) / 2 + PE
    Total System Jitter     (TSJ):    0.071ns
    Discrete Jitter          (DJ):    0.182ns
    Phase Error              (PE):    0.104ns
  Clock Domain Crossing:  Inter clock paths are considered valid unless explicitly excluded by timing constraints such as set_clock_groups or set_false_path.

    Location             Delay type                Incr(ns)  Path(ns)    Netlist Resource(s)
  -------------------------------------------------------------------    -------------------
                         (clock clk_out1_clk_25 rise edge)
                                                      0.000     0.000 r  
    BUFGCTRL_X0Y16       BUFG                         0.000     0.000 r  clk_IBUF_BUFG_inst/O
                         net (fo=186, routed)         1.636     1.636    c25/inst/clk_in1
    MMCME2_ADV_X0Y1      MMCME2_ADV (Prop_mmcme2_adv_CLKIN1_CLKOUT0)
                                                     -3.441    -1.804 r  c25/inst/mmcm_adv_inst/CLKOUT0
                         net (fo=1, routed)           1.710    -0.094    c25/inst/clk_out1_clk_25
    BUFGCTRL_X0Y0        BUFG (Prop_bufg_I_O)         0.096     0.002 r  c25/inst/clkout1_buf/O
                         net (fo=40, routed)          1.631     1.633    Control_path/U1/U1/CLK
    SLICE_X8Y79          FDCE                                         r  Control_path/U1/U1/pixel_reg_reg[0]/C
  -------------------------------------------------------------------    -------------------
    SLICE_X8Y79          FDCE (Prop_fdce_C_Q)         0.518     2.151 r  Control_path/U1/U1/pixel_reg_reg[0]/Q
                         net (fo=24, routed)          8.363    10.514    <hidden>
    RAMB36_X0Y8          RAMB36E1                                     r  <hidden>
  -------------------------------------------------------------------    -------------------

                         (clock sys_clk_pin rise edge)
                                                     10.000    10.000 r  
    E3                                                0.000    10.000 r  clk (IN)
                         net (fo=0)                   0.000    10.000    clk
    E3                   IBUF (Prop_ibuf_I_O)         1.411    11.411 r  clk_IBUF_inst/O
                         net (fo=1, routed)           1.920    13.331    clk_IBUF
    BUFGCTRL_X0Y16       BUFG (Prop_bufg_I_O)         0.091    13.422 r  clk_IBUF_BUFG_inst/O
                         net (fo=186, routed)         1.726    15.149    <hidden>
    RAMB36_X0Y8          RAMB36E1                                     r  <hidden>
                         clock pessimism              0.000    15.149    
                         clock uncertainty           -0.202    14.947    
    RAMB36_X0Y8          RAMB36E1 (Setup_ramb36e1_CLKBWRCLK_ADDRBWRADDR[0])
                                                     -0.566    14.381    <hidden>
  -------------------------------------------------------------------
                         required time                         14.381    
                         arrival time                         -10.514    
  -------------------------------------------------------------------
                         slack                                  3.866    





Min Delay Paths
--------------------------------------------------------------------------------------
Slack (MET) :             0.076ns  (arrival time - required time)
  Source:                 Control_path/U1/U2/pixel_reg_reg[5]/C
                            (rising edge-triggered cell FDCE clocked by clk_out1_clk_25  {rise@0.000ns fall@20.000ns period=40.000ns})
  Destination:            <hidden>
                            (rising edge-triggered cell RAMB36E1 clocked by sys_clk_pin  {rise@0.000ns fall@5.000ns period=10.000ns})
  Path Group:             sys_clk_pin
  Path Type:              Hold (Min at Slow Process Corner)
  Requirement:            0.000ns  (sys_clk_pin rise@0.000ns - clk_out1_clk_25 rise@0.000ns)
  Data Path Delay:        4.400ns  (logic 0.367ns (8.340%)  route 4.033ns (91.660%))
  Logic Levels:           0  
  Clock Path Skew:        3.763ns (DCD - SCD - CPR)
    Destination Clock Delay (DCD):    5.280ns
    Source Clock Delay      (SCD):    1.517ns
    Clock Pessimism Removal (CPR):    -0.000ns
  Clock Uncertainty:      0.202ns  ((TSJ^2 + DJ^2)^1/2) / 2 + PE
    Total System Jitter     (TSJ):    0.071ns
    Discrete Jitter          (DJ):    0.182ns
    Phase Error              (PE):    0.104ns
  Clock Domain Crossing:  Inter clock paths are considered valid unless explicitly excluded by timing constraints such as set_clock_groups or set_false_path.

    Location             Delay type                Incr(ns)  Path(ns)    Netlist Resource(s)
  -------------------------------------------------------------------    -------------------
                         (clock clk_out1_clk_25 rise edge)
                                                      0.000     0.000 r  
    BUFGCTRL_X0Y16       BUFG                         0.000     0.000 r  clk_IBUF_BUFG_inst/O
                         net (fo=186, routed)         1.516     1.516    c25/inst/clk_in1
    MMCME2_ADV_X0Y1      MMCME2_ADV (Prop_mmcme2_adv_CLKIN1_CLKOUT0)
                                                     -3.234    -1.718 r  c25/inst/mmcm_adv_inst/CLKOUT0
                         net (fo=1, routed)           1.630    -0.088    c25/inst/clk_out1_clk_25
    BUFGCTRL_X0Y0        BUFG (Prop_bufg_I_O)         0.091     0.003 r  c25/inst/clkout1_buf/O
                         net (fo=40, routed)          1.514     1.517    Control_path/U1/U2/CLK
    SLICE_X11Y81         FDCE                                         r  Control_path/U1/U2/pixel_reg_reg[5]/C
  -------------------------------------------------------------------    -------------------
    SLICE_X11Y81         FDCE (Prop_fdce_C_Q)         0.367     1.884 r  Control_path/U1/U2/pixel_reg_reg[5]/Q
                         net (fo=23, routed)          4.033     5.918    <hidden>
    RAMB36_X0Y16         RAMB36E1                                     r  <hidden>
  -------------------------------------------------------------------    -------------------

                         (clock sys_clk_pin rise edge)
                                                      0.000     0.000 r  
    E3                                                0.000     0.000 r  clk (IN)
                         net (fo=0)                   0.000     0.000    clk
    E3                   IBUF (Prop_ibuf_I_O)         1.482     1.482 r  clk_IBUF_inst/O
                         net (fo=1, routed)           2.025     3.506    clk_IBUF
    BUFGCTRL_X0Y16       BUFG (Prop_bufg_I_O)         0.096     3.602 r  clk_IBUF_BUFG_inst/O
                         net (fo=186, routed)         1.678     5.280    <hidden>
    RAMB36_X0Y16         RAMB36E1                                     r  <hidden>
                         clock pessimism              0.000     5.280    
                         clock uncertainty            0.202     5.482    
    RAMB36_X0Y16         RAMB36E1 (Hold_ramb36e1_CLKBWRCLK_ADDRBWRADDR[13])
                                                      0.360     5.842    <hidden>
  -------------------------------------------------------------------
                         required time                         -5.842    
                         arrival time                           5.918    
  -------------------------------------------------------------------
                         slack                                  0.076    

Slack (MET) :             0.191ns  (arrival time - required time)
  Source:                 Control_path/U1/U1/pixel_reg_reg[3]/C
                            (rising edge-triggered cell FDCE clocked by clk_out1_clk_25  {rise@0.000ns fall@20.000ns period=40.000ns})
  Destination:            <hidden>
                            (rising edge-triggered cell RAMB36E1 clocked by sys_clk_pin  {rise@0.000ns fall@5.000ns period=10.000ns})
  Path Group:             sys_clk_pin
  Path Type:              Hold (Min at Slow Process Corner)
  Requirement:            0.000ns  (sys_clk_pin rise@0.000ns - clk_out1_clk_25 rise@0.000ns)
  Data Path Delay:        4.371ns  (logic 0.385ns (8.809%)  route 3.986ns (91.191%))
  Logic Levels:           0  
  Clock Path Skew:        3.760ns (DCD - SCD - CPR)
    Destination Clock Delay (DCD):    5.273ns
    Source Clock Delay      (SCD):    1.513ns
    Clock Pessimism Removal (CPR):    -0.000ns
  Clock Uncertainty:      0.202ns  ((TSJ^2 + DJ^2)^1/2) / 2 + PE
    Total System Jitter     (TSJ):    0.071ns
    Discrete Jitter          (DJ):    0.182ns
    Phase Error              (PE):    0.104ns
  Clock Domain Crossing:  Inter clock paths are considered valid unless explicitly excluded by timing constraints such as set_clock_groups or set_false_path.

    Location             Delay type                Incr(ns)  Path(ns)    Netlist Resource(s)
  -------------------------------------------------------------------    -------------------
                         (clock clk_out1_clk_25 rise edge)
                                                      0.000     0.000 r  
    BUFGCTRL_X0Y16       BUFG                         0.000     0.000 r  clk_IBUF_BUFG_inst/O
                         net (fo=186, routed)         1.516     1.516    c25/inst/clk_in1
    MMCME2_ADV_X0Y1      MMCME2_ADV (Prop_mmcme2_adv_CLKIN1_CLKOUT0)
                                                     -3.234    -1.718 r  c25/inst/mmcm_adv_inst/CLKOUT0
                         net (fo=1, routed)           1.630    -0.088    c25/inst/clk_out1_clk_25
    BUFGCTRL_X0Y0        BUFG (Prop_bufg_I_O)         0.091     0.003 r  c25/inst/clkout1_buf/O
                         net (fo=40, routed)          1.510     1.513    Control_path/U1/U1/CLK
    SLICE_X8Y79          FDCE                                         r  Control_path/U1/U1/pixel_reg_reg[3]/C
  -------------------------------------------------------------------    -------------------
    SLICE_X8Y79          FDCE (Prop_fdce_C_Q)         0.385     1.898 r  Control_path/U1/U1/pixel_reg_reg[3]/Q
                         net (fo=22, routed)          3.986     5.884    <hidden>
    RAMB36_X0Y15         RAMB36E1                                     r  <hidden>
  -------------------------------------------------------------------    -------------------

                         (clock sys_clk_pin rise edge)
                                                      0.000     0.000 r  
    E3                                                0.000     0.000 r  clk (IN)
                         net (fo=0)                   0.000     0.000    clk
    E3                   IBUF (Prop_ibuf_I_O)         1.482     1.482 r  clk_IBUF_inst/O
                         net (fo=1, routed)           2.025     3.506    clk_IBUF
    BUFGCTRL_X0Y16       BUFG (Prop_bufg_I_O)         0.096     3.602 r  clk_IBUF_BUFG_inst/O
                         net (fo=186, routed)         1.671     5.273    <hidden>
    RAMB36_X0Y15         RAMB36E1                                     r  <hidden>
                         clock pessimism              0.000     5.273    
                         clock uncertainty            0.202     5.475    
    RAMB36_X0Y15         RAMB36E1 (Hold_ramb36e1_CLKBWRCLK_ADDRBWRADDR[3])
                                                      0.218     5.693    <hidden>
  -------------------------------------------------------------------
                         required time                         -5.693    
                         arrival time                           5.884    
  -------------------------------------------------------------------
                         slack                                  0.191    

Slack (MET) :             0.211ns  (arrival time - required time)
  Source:                 Control_path/U1/U2/pixel_reg_reg[1]/C
                            (rising edge-triggered cell FDCE clocked by clk_out1_clk_25  {rise@0.000ns fall@20.000ns period=40.000ns})
  Destination:            <hidden>
                            (rising edge-triggered cell RAMB36E1 clocked by sys_clk_pin  {rise@0.000ns fall@5.000ns period=10.000ns})
  Path Group:             sys_clk_pin
  Path Type:              Hold (Min at Slow Process Corner)
  Requirement:            0.000ns  (sys_clk_pin rise@0.000ns - clk_out1_clk_25 rise@0.000ns)
  Data Path Delay:        4.539ns  (logic 0.418ns (9.209%)  route 4.121ns (90.791%))
  Logic Levels:           0  
  Clock Path Skew:        3.766ns (DCD - SCD - CPR)
    Destination Clock Delay (DCD):    5.280ns
    Source Clock Delay      (SCD):    1.514ns
    Clock Pessimism Removal (CPR):    -0.000ns
  Clock Uncertainty:      0.202ns  ((TSJ^2 + DJ^2)^1/2) / 2 + PE
    Total System Jitter     (TSJ):    0.071ns
    Discrete Jitter          (DJ):    0.182ns
    Phase Error              (PE):    0.104ns
  Clock Domain Crossing:  Inter clock paths are considered valid unless explicitly excluded by timing constraints such as set_clock_groups or set_false_path.

    Location             Delay type                Incr(ns)  Path(ns)    Netlist Resource(s)
  -------------------------------------------------------------------    -------------------
                         (clock clk_out1_clk_25 rise edge)
                                                      0.000     0.000 r  
    BUFGCTRL_X0Y16       BUFG                         0.000     0.000 r  clk_IBUF_BUFG_inst/O
                         net (fo=186, routed)         1.516     1.516    c25/inst/clk_in1
    MMCME2_ADV_X0Y1      MMCME2_ADV (Prop_mmcme2_adv_CLKIN1_CLKOUT0)
                                                     -3.234    -1.718 r  c25/inst/mmcm_adv_inst/CLKOUT0
                         net (fo=1, routed)           1.630    -0.088    c25/inst/clk_out1_clk_25
    BUFGCTRL_X0Y0        BUFG (Prop_bufg_I_O)         0.091     0.003 r  c25/inst/clkout1_buf/O
                         net (fo=40, routed)          1.511     1.514    Control_path/U1/U2/CLK
    SLICE_X12Y81         FDCE                                         r  Control_path/U1/U2/pixel_reg_reg[1]/C
  -------------------------------------------------------------------    -------------------
    SLICE_X12Y81         FDCE (Prop_fdce_C_Q)         0.418     1.932 r  Control_path/U1/U2/pixel_reg_reg[1]/Q
                         net (fo=24, routed)          4.121     6.053    <hidden>
    RAMB36_X0Y16         RAMB36E1                                     r  <hidden>
  -------------------------------------------------------------------    -------------------

                         (clock sys_clk_pin rise edge)
                                                      0.000     0.000 r  
    E3                                                0.000     0.000 r  clk (IN)
                         net (fo=0)                   0.000     0.000    clk
    E3                   IBUF (Prop_ibuf_I_O)         1.482     1.482 r  clk_IBUF_inst/O
                         net (fo=1, routed)           2.025     3.506    clk_IBUF
    BUFGCTRL_X0Y16       BUFG (Prop_bufg_I_O)         0.096     3.602 r  clk_IBUF_BUFG_inst/O
                         net (fo=186, routed)         1.678     5.280    <hidden>
    RAMB36_X0Y16         RAMB36E1                                     r  <hidden>
                         clock pessimism              0.000     5.280    
                         clock uncertainty            0.202     5.482    
    RAMB36_X0Y16         RAMB36E1 (Hold_ramb36e1_CLKBWRCLK_ADDRBWRADDR[9])
                                                      0.360     5.842    <hidden>
  -------------------------------------------------------------------
                         required time                         -5.842    
                         arrival time                           6.053    
  -------------------------------------------------------------------
                         slack                                  0.211    

Slack (MET) :             0.234ns  (arrival time - required time)
  Source:                 Control_path/U1/U1/pixel_reg_reg[1]/C
                            (rising edge-triggered cell FDCE clocked by clk_out1_clk_25  {rise@0.000ns fall@20.000ns period=40.000ns})
  Destination:            <hidden>
                            (rising edge-triggered cell RAMB36E1 clocked by sys_clk_pin  {rise@0.000ns fall@5.000ns period=10.000ns})
  Path Group:             sys_clk_pin
  Path Type:              Hold (Min at Slow Process Corner)
  Requirement:            0.000ns  (sys_clk_pin rise@0.000ns - clk_out1_clk_25 rise@0.000ns)
  Data Path Delay:        4.412ns  (logic 0.385ns (8.727%)  route 4.027ns (91.273%))
  Logic Levels:           0  
  Clock Path Skew:        3.753ns (DCD - SCD - CPR)
    Destination Clock Delay (DCD):    5.267ns
    Source Clock Delay      (SCD):    1.513ns
    Clock Pessimism Removal (CPR):    -0.000ns
  Clock Uncertainty:      0.202ns  ((TSJ^2 + DJ^2)^1/2) / 2 + PE
    Total System Jitter     (TSJ):    0.071ns
    Discrete Jitter          (DJ):    0.182ns
    Phase Error              (PE):    0.104ns
  Clock Domain Crossing:  Inter clock paths are considered valid unless explicitly excluded by timing constraints such as set_clock_groups or set_false_path.

    Location             Delay type                Incr(ns)  Path(ns)    Netlist Resource(s)
  -------------------------------------------------------------------    -------------------
                         (clock clk_out1_clk_25 rise edge)
                                                      0.000     0.000 r  
    BUFGCTRL_X0Y16       BUFG                         0.000     0.000 r  clk_IBUF_BUFG_inst/O
                         net (fo=186, routed)         1.516     1.516    c25/inst/clk_in1
    MMCME2_ADV_X0Y1      MMCME2_ADV (Prop_mmcme2_adv_CLKIN1_CLKOUT0)
                                                     -3.234    -1.718 r  c25/inst/mmcm_adv_inst/CLKOUT0
                         net (fo=1, routed)           1.630    -0.088    c25/inst/clk_out1_clk_25
    BUFGCTRL_X0Y0        BUFG (Prop_bufg_I_O)         0.091     0.003 r  c25/inst/clkout1_buf/O
                         net (fo=40, routed)          1.510     1.513    Control_path/U1/U1/CLK
    SLICE_X8Y79          FDCE                                         r  Control_path/U1/U1/pixel_reg_reg[1]/C
  -------------------------------------------------------------------    -------------------
    SLICE_X8Y79          FDCE (Prop_fdce_C_Q)         0.385     1.898 r  Control_path/U1/U1/pixel_reg_reg[1]/Q
                         net (fo=23, routed)          4.027     5.925    <hidden>
    RAMB36_X0Y23         RAMB36E1                                     r  <hidden>
  -------------------------------------------------------------------    -------------------

                         (clock sys_clk_pin rise edge)
                                                      0.000     0.000 r  
    E3                                                0.000     0.000 r  clk (IN)
                         net (fo=0)                   0.000     0.000    clk
    E3                   IBUF (Prop_ibuf_I_O)         1.482     1.482 r  clk_IBUF_inst/O
                         net (fo=1, routed)           2.025     3.506    clk_IBUF
    BUFGCTRL_X0Y16       BUFG (Prop_bufg_I_O)         0.096     3.602 r  clk_IBUF_BUFG_inst/O
                         net (fo=186, routed)         1.664     5.267    <hidden>
    RAMB36_X0Y23         RAMB36E1                                     r  <hidden>
                         clock pessimism              0.000     5.267    
                         clock uncertainty            0.202     5.469    
    RAMB36_X0Y23         RAMB36E1 (Hold_ramb36e1_CLKBWRCLK_ADDRBWRADDR[1])
                                                      0.222     5.691    <hidden>
  -------------------------------------------------------------------
                         required time                         -5.691    
                         arrival time                           5.925    
  -------------------------------------------------------------------
                         slack                                  0.234    

Slack (MET) :             0.250ns  (arrival time - required time)
  Source:                 Control_path/U1/U2/pixel_reg_reg[6]/C
                            (rising edge-triggered cell FDCE clocked by clk_out1_clk_25  {rise@0.000ns fall@20.000ns period=40.000ns})
  Destination:            <hidden>
                            (rising edge-triggered cell RAMB36E1 clocked by sys_clk_pin  {rise@0.000ns fall@5.000ns period=10.000ns})
  Path Group:             sys_clk_pin
  Path Type:              Hold (Min at Slow Process Corner)
  Requirement:            0.000ns  (sys_clk_pin rise@0.000ns - clk_out1_clk_25 rise@0.000ns)
  Data Path Delay:        4.583ns  (logic 0.367ns (8.007%)  route 4.216ns (91.993%))
  Logic Levels:           0  
  Clock Path Skew:        3.772ns (DCD - SCD - CPR)
    Destination Clock Delay (DCD):    5.288ns
    Source Clock Delay      (SCD):    1.516ns
    Clock Pessimism Removal (CPR):    -0.000ns
  Clock Uncertainty:      0.202ns  ((TSJ^2 + DJ^2)^1/2) / 2 + PE
    Total System Jitter     (TSJ):    0.071ns
    Discrete Jitter          (DJ):    0.182ns
    Phase Error              (PE):    0.104ns
  Clock Domain Crossing:  Inter clock paths are considered valid unless explicitly excluded by timing constraints such as set_clock_groups or set_false_path.

    Location             Delay type                Incr(ns)  Path(ns)    Netlist Resource(s)
  -------------------------------------------------------------------    -------------------
                         (clock clk_out1_clk_25 rise edge)
                                                      0.000     0.000 r  
    BUFGCTRL_X0Y16       BUFG                         0.000     0.000 r  clk_IBUF_BUFG_inst/O
                         net (fo=186, routed)         1.516     1.516    c25/inst/clk_in1
    MMCME2_ADV_X0Y1      MMCME2_ADV (Prop_mmcme2_adv_CLKIN1_CLKOUT0)
                                                     -3.234    -1.718 r  c25/inst/mmcm_adv_inst/CLKOUT0
                         net (fo=1, routed)           1.630    -0.088    c25/inst/clk_out1_clk_25
    BUFGCTRL_X0Y0        BUFG (Prop_bufg_I_O)         0.091     0.003 r  c25/inst/clkout1_buf/O
                         net (fo=40, routed)          1.513     1.516    Control_path/U1/U2/CLK
    SLICE_X11Y80         FDCE                                         r  Control_path/U1/U2/pixel_reg_reg[6]/C
  -------------------------------------------------------------------    -------------------
    SLICE_X11Y80         FDCE (Prop_fdce_C_Q)         0.367     1.883 r  Control_path/U1/U2/pixel_reg_reg[6]/Q
                         net (fo=22, routed)          4.216     6.100    <hidden>
    RAMB36_X0Y12         RAMB36E1                                     r  <hidden>
  -------------------------------------------------------------------    -------------------

                         (clock sys_clk_pin rise edge)
                                                      0.000     0.000 r  
    E3                                                0.000     0.000 r  clk (IN)
                         net (fo=0)                   0.000     0.000    clk
    E3                   IBUF (Prop_ibuf_I_O)         1.482     1.482 r  clk_IBUF_inst/O
                         net (fo=1, routed)           2.025     3.506    clk_IBUF
    BUFGCTRL_X0Y16       BUFG (Prop_bufg_I_O)         0.096     3.602 r  clk_IBUF_BUFG_inst/O
                         net (fo=186, routed)         1.686     5.288    <hidden>
    RAMB36_X0Y12         RAMB36E1                                     r  <hidden>
                         clock pessimism              0.000     5.288    
                         clock uncertainty            0.202     5.490    
    RAMB36_X0Y12         RAMB36E1 (Hold_ramb36e1_CLKBWRCLK_ADDRBWRADDR[14])
                                                      0.360     5.850    <hidden>
  -------------------------------------------------------------------
                         required time                         -5.850    
                         arrival time                           6.100    
  -------------------------------------------------------------------
                         slack                                  0.250    

Slack (MET) :             0.269ns  (arrival time - required time)
  Source:                 Control_path/U1/U2/pixel_reg_reg[6]/C
                            (rising edge-triggered cell FDCE clocked by clk_out1_clk_25  {rise@0.000ns fall@20.000ns period=40.000ns})
  Destination:            <hidden>
                            (rising edge-triggered cell RAMB36E1 clocked by sys_clk_pin  {rise@0.000ns fall@5.000ns period=10.000ns})
  Path Group:             sys_clk_pin
  Path Type:              Hold (Min at Slow Process Corner)
  Requirement:            0.000ns  (sys_clk_pin rise@0.000ns - clk_out1_clk_25 rise@0.000ns)
  Data Path Delay:        4.587ns  (logic 0.367ns (8.000%)  route 4.220ns (92.000%))
  Logic Levels:           0  
  Clock Path Skew:        3.757ns (DCD - SCD - CPR)
    Destination Clock Delay (DCD):    5.273ns
    Source Clock Delay      (SCD):    1.516ns
    Clock Pessimism Removal (CPR):    -0.000ns
  Clock Uncertainty:      0.202ns  ((TSJ^2 + DJ^2)^1/2) / 2 + PE
    Total System Jitter     (TSJ):    0.071ns
    Discrete Jitter          (DJ):    0.182ns
    Phase Error              (PE):    0.104ns
  Clock Domain Crossing:  Inter clock paths are considered valid unless explicitly excluded by timing constraints such as set_clock_groups or set_false_path.

    Location             Delay type                Incr(ns)  Path(ns)    Netlist Resource(s)
  -------------------------------------------------------------------    -------------------
                         (clock clk_out1_clk_25 rise edge)
                                                      0.000     0.000 r  
    BUFGCTRL_X0Y16       BUFG                         0.000     0.000 r  clk_IBUF_BUFG_inst/O
                         net (fo=186, routed)         1.516     1.516    c25/inst/clk_in1
    MMCME2_ADV_X0Y1      MMCME2_ADV (Prop_mmcme2_adv_CLKIN1_CLKOUT0)
                                                     -3.234    -1.718 r  c25/inst/mmcm_adv_inst/CLKOUT0
                         net (fo=1, routed)           1.630    -0.088    c25/inst/clk_out1_clk_25
    BUFGCTRL_X0Y0        BUFG (Prop_bufg_I_O)         0.091     0.003 r  c25/inst/clkout1_buf/O
                         net (fo=40, routed)          1.513     1.516    Control_path/U1/U2/CLK
    SLICE_X11Y80         FDCE                                         r  Control_path/U1/U2/pixel_reg_reg[6]/C
  -------------------------------------------------------------------    -------------------
    SLICE_X11Y80         FDCE (Prop_fdce_C_Q)         0.367     1.883 r  Control_path/U1/U2/pixel_reg_reg[6]/Q
                         net (fo=22, routed)          4.220     6.104    <hidden>
    RAMB36_X0Y15         RAMB36E1                                     r  <hidden>
  -------------------------------------------------------------------    -------------------

                         (clock sys_clk_pin rise edge)
                                                      0.000     0.000 r  
    E3                                                0.000     0.000 r  clk (IN)
                         net (fo=0)                   0.000     0.000    clk
    E3                   IBUF (Prop_ibuf_I_O)         1.482     1.482 r  clk_IBUF_inst/O
                         net (fo=1, routed)           2.025     3.506    clk_IBUF
    BUFGCTRL_X0Y16       BUFG (Prop_bufg_I_O)         0.096     3.602 r  clk_IBUF_BUFG_inst/O
                         net (fo=186, routed)         1.671     5.273    <hidden>
    RAMB36_X0Y15         RAMB36E1                                     r  <hidden>
                         clock pessimism              0.000     5.273    
                         clock uncertainty            0.202     5.475    
    RAMB36_X0Y15         RAMB36E1 (Hold_ramb36e1_CLKBWRCLK_ADDRBWRADDR[14])
                                                      0.360     5.835    <hidden>
  -------------------------------------------------------------------
                         required time                         -5.835    
                         arrival time                           6.104    
  -------------------------------------------------------------------
                         slack                                  0.269    

Slack (MET) :             0.286ns  (arrival time - required time)
  Source:                 Control_path/U1/U1/pixel_reg_reg[1]/C
                            (rising edge-triggered cell FDCE clocked by clk_out1_clk_25  {rise@0.000ns fall@20.000ns period=40.000ns})
  Destination:            <hidden>
                            (rising edge-triggered cell RAMB36E1 clocked by sys_clk_pin  {rise@0.000ns fall@5.000ns period=10.000ns})
  Path Group:             sys_clk_pin
  Path Type:              Hold (Min at Slow Process Corner)
  Requirement:            0.000ns  (sys_clk_pin rise@0.000ns - clk_out1_clk_25 rise@0.000ns)
  Data Path Delay:        4.471ns  (logic 0.385ns (8.610%)  route 4.086ns (91.390%))
  Logic Levels:           0  
  Clock Path Skew:        3.761ns (DCD - SCD - CPR)
    Destination Clock Delay (DCD):    5.275ns
    Source Clock Delay      (SCD):    1.513ns
    Clock Pessimism Removal (CPR):    -0.000ns
  Clock Uncertainty:      0.202ns  ((TSJ^2 + DJ^2)^1/2) / 2 + PE
    Total System Jitter     (TSJ):    0.071ns
    Discrete Jitter          (DJ):    0.182ns
    Phase Error              (PE):    0.104ns
  Clock Domain Crossing:  Inter clock paths are considered valid unless explicitly excluded by timing constraints such as set_clock_groups or set_false_path.

    Location             Delay type                Incr(ns)  Path(ns)    Netlist Resource(s)
  -------------------------------------------------------------------    -------------------
                         (clock clk_out1_clk_25 rise edge)
                                                      0.000     0.000 r  
    BUFGCTRL_X0Y16       BUFG                         0.000     0.000 r  clk_IBUF_BUFG_inst/O
                         net (fo=186, routed)         1.516     1.516    c25/inst/clk_in1
    MMCME2_ADV_X0Y1      MMCME2_ADV (Prop_mmcme2_adv_CLKIN1_CLKOUT0)
                                                     -3.234    -1.718 r  c25/inst/mmcm_adv_inst/CLKOUT0
                         net (fo=1, routed)           1.630    -0.088    c25/inst/clk_out1_clk_25
    BUFGCTRL_X0Y0        BUFG (Prop_bufg_I_O)         0.091     0.003 r  c25/inst/clkout1_buf/O
                         net (fo=40, routed)          1.510     1.513    Control_path/U1/U1/CLK
    SLICE_X8Y79          FDCE                                         r  Control_path/U1/U1/pixel_reg_reg[1]/C
  -------------------------------------------------------------------    -------------------
    SLICE_X8Y79          FDCE (Prop_fdce_C_Q)         0.385     1.898 r  Control_path/U1/U1/pixel_reg_reg[1]/Q
                         net (fo=23, routed)          4.086     5.985    <hidden>
    RAMB36_X0Y21         RAMB36E1                                     r  <hidden>
  -------------------------------------------------------------------    -------------------

                         (clock sys_clk_pin rise edge)
                                                      0.000     0.000 r  
    E3                                                0.000     0.000 r  clk (IN)
                         net (fo=0)                   0.000     0.000    clk
    E3                   IBUF (Prop_ibuf_I_O)         1.482     1.482 r  clk_IBUF_inst/O
                         net (fo=1, routed)           2.025     3.506    clk_IBUF
    BUFGCTRL_X0Y16       BUFG (Prop_bufg_I_O)         0.096     3.602 r  clk_IBUF_BUFG_inst/O
                         net (fo=186, routed)         1.672     5.275    <hidden>
    RAMB36_X0Y21         RAMB36E1                                     r  <hidden>
                         clock pessimism              0.000     5.275    
                         clock uncertainty            0.202     5.477    
    RAMB36_X0Y21         RAMB36E1 (Hold_ramb36e1_CLKBWRCLK_ADDRBWRADDR[1])
                                                      0.222     5.699    <hidden>
  -------------------------------------------------------------------
                         required time                         -5.699    
                         arrival time                           5.985    
  -------------------------------------------------------------------
                         slack                                  0.286    

Slack (MET) :             0.306ns  (arrival time - required time)
  Source:                 Control_path/U1/U2/pixel_reg_reg[7]/C
                            (rising edge-triggered cell FDCE clocked by clk_out1_clk_25  {rise@0.000ns fall@20.000ns period=40.000ns})
  Destination:            <hidden>
                            (rising edge-triggered cell RAMB36E1 clocked by sys_clk_pin  {rise@0.000ns fall@5.000ns period=10.000ns})
  Path Group:             sys_clk_pin
  Path Type:              Hold (Min at Slow Process Corner)
  Requirement:            0.000ns  (sys_clk_pin rise@0.000ns - clk_out1_clk_25 rise@0.000ns)
  Data Path Delay:        4.330ns  (logic 0.596ns (13.764%)  route 3.734ns (86.236%))
  Logic Levels:           1  (LUT3=1)
  Clock Path Skew:        3.759ns (DCD - SCD - CPR)
    Destination Clock Delay (DCD):    5.276ns
    Source Clock Delay      (SCD):    1.516ns
    Clock Pessimism Removal (CPR):    -0.000ns
  Clock Uncertainty:      0.202ns  ((TSJ^2 + DJ^2)^1/2) / 2 + PE
    Total System Jitter     (TSJ):    0.071ns
    Discrete Jitter          (DJ):    0.182ns
    Phase Error              (PE):    0.104ns
  Clock Domain Crossing:  Inter clock paths are considered valid unless explicitly excluded by timing constraints such as set_clock_groups or set_false_path.

    Location             Delay type                Incr(ns)  Path(ns)    Netlist Resource(s)
  -------------------------------------------------------------------    -------------------
                         (clock clk_out1_clk_25 rise edge)
                                                      0.000     0.000 r  
    BUFGCTRL_X0Y16       BUFG                         0.000     0.000 r  clk_IBUF_BUFG_inst/O
                         net (fo=186, routed)         1.516     1.516    c25/inst/clk_in1
    MMCME2_ADV_X0Y1      MMCME2_ADV (Prop_mmcme2_adv_CLKIN1_CLKOUT0)
                                                     -3.234    -1.718 r  c25/inst/mmcm_adv_inst/CLKOUT0
                         net (fo=1, routed)           1.630    -0.088    c25/inst/clk_out1_clk_25
    BUFGCTRL_X0Y0        BUFG (Prop_bufg_I_O)         0.091     0.003 r  c25/inst/clkout1_buf/O
                         net (fo=40, routed)          1.513     1.516    Control_path/U1/U2/CLK
    SLICE_X11Y80         FDCE                                         r  Control_path/U1/U2/pixel_reg_reg[7]/C
  -------------------------------------------------------------------    -------------------
    SLICE_X11Y80         FDCE (Prop_fdce_C_Q)         0.337     1.853 f  Control_path/U1/U2/pixel_reg_reg[7]/Q
                         net (fo=29, routed)          2.150     4.003    <hidden>
    SLICE_X8Y94          LUT3 (Prop_lut3_I1_O)        0.259     4.262 r  <hidden>
                         net (fo=1, routed)           1.584     5.846    <hidden>
    RAMB36_X0Y20         RAMB36E1                                     r  <hidden>
  -------------------------------------------------------------------    -------------------

                         (clock sys_clk_pin rise edge)
                                                      0.000     0.000 r  
    E3                                                0.000     0.000 r  clk (IN)
                         net (fo=0)                   0.000     0.000    clk
    E3                   IBUF (Prop_ibuf_I_O)         1.482     1.482 r  clk_IBUF_inst/O
                         net (fo=1, routed)           2.025     3.506    clk_IBUF
    BUFGCTRL_X0Y16       BUFG (Prop_bufg_I_O)         0.096     3.602 r  clk_IBUF_BUFG_inst/O
                         net (fo=186, routed)         1.673     5.276    <hidden>
    RAMB36_X0Y20         RAMB36E1                                     r  <hidden>
                         clock pessimism              0.000     5.276    
                         clock uncertainty            0.202     5.478    
    RAMB36_X0Y20         RAMB36E1 (Hold_ramb36e1_CLKBWRCLK_ENBWREN)
                                                      0.063     5.541    <hidden>
  -------------------------------------------------------------------
                         required time                         -5.541    
                         arrival time                           5.846    
  -------------------------------------------------------------------
                         slack                                  0.306    

Slack (MET) :             0.349ns  (arrival time - required time)
  Source:                 Control_path/U1/U2/pixel_reg_reg[6]/C
                            (rising edge-triggered cell FDCE clocked by clk_out1_clk_25  {rise@0.000ns fall@20.000ns period=40.000ns})
  Destination:            <hidden>
                            (rising edge-triggered cell RAMB36E1 clocked by sys_clk_pin  {rise@0.000ns fall@5.000ns period=10.000ns})
  Path Group:             sys_clk_pin
  Path Type:              Hold (Min at Slow Process Corner)
  Requirement:            0.000ns  (sys_clk_pin rise@0.000ns - clk_out1_clk_25 rise@0.000ns)
  Data Path Delay:        4.687ns  (logic 0.367ns (7.830%)  route 4.320ns (92.170%))
  Logic Levels:           0  
  Clock Path Skew:        3.776ns (DCD - SCD - CPR)
    Destination Clock Delay (DCD):    5.292ns
    Source Clock Delay      (SCD):    1.516ns
    Clock Pessimism Removal (CPR):    -0.000ns
  Clock Uncertainty:      0.202ns  ((TSJ^2 + DJ^2)^1/2) / 2 + PE
    Total System Jitter     (TSJ):    0.071ns
    Discrete Jitter          (DJ):    0.182ns
    Phase Error              (PE):    0.104ns
  Clock Domain Crossing:  Inter clock paths are considered valid unless explicitly excluded by timing constraints such as set_clock_groups or set_false_path.

    Location             Delay type                Incr(ns)  Path(ns)    Netlist Resource(s)
  -------------------------------------------------------------------    -------------------
                         (clock clk_out1_clk_25 rise edge)
                                                      0.000     0.000 r  
    BUFGCTRL_X0Y16       BUFG                         0.000     0.000 r  clk_IBUF_BUFG_inst/O
                         net (fo=186, routed)         1.516     1.516    c25/inst/clk_in1
    MMCME2_ADV_X0Y1      MMCME2_ADV (Prop_mmcme2_adv_CLKIN1_CLKOUT0)
                                                     -3.234    -1.718 r  c25/inst/mmcm_adv_inst/CLKOUT0
                         net (fo=1, routed)           1.630    -0.088    c25/inst/clk_out1_clk_25
    BUFGCTRL_X0Y0        BUFG (Prop_bufg_I_O)         0.091     0.003 r  c25/inst/clkout1_buf/O
                         net (fo=40, routed)          1.513     1.516    Control_path/U1/U2/CLK
    SLICE_X11Y80         FDCE                                         r  Control_path/U1/U2/pixel_reg_reg[6]/C
  -------------------------------------------------------------------    -------------------
    SLICE_X11Y80         FDCE (Prop_fdce_C_Q)         0.367     1.883 r  Control_path/U1/U2/pixel_reg_reg[6]/Q
                         net (fo=22, routed)          4.320     6.204    <hidden>
    RAMB36_X0Y10         RAMB36E1                                     r  <hidden>
  -------------------------------------------------------------------    -------------------

                         (clock sys_clk_pin rise edge)
                                                      0.000     0.000 r  
    E3                                                0.000     0.000 r  clk (IN)
                         net (fo=0)                   0.000     0.000    clk
    E3                   IBUF (Prop_ibuf_I_O)         1.482     1.482 r  clk_IBUF_inst/O
                         net (fo=1, routed)           2.025     3.506    clk_IBUF
    BUFGCTRL_X0Y16       BUFG (Prop_bufg_I_O)         0.096     3.602 r  clk_IBUF_BUFG_inst/O
                         net (fo=186, routed)         1.690     5.292    <hidden>
    RAMB36_X0Y10         RAMB36E1                                     r  <hidden>
                         clock pessimism              0.000     5.292    
                         clock uncertainty            0.202     5.494    
    RAMB36_X0Y10         RAMB36E1 (Hold_ramb36e1_CLKBWRCLK_ADDRBWRADDR[14])
                                                      0.360     5.854    <hidden>
  -------------------------------------------------------------------
                         required time                         -5.854    
                         arrival time                           6.204    
  -------------------------------------------------------------------
                         slack                                  0.349    

Slack (MET) :             0.350ns  (arrival time - required time)
  Source:                 Control_path/U1/U2/pixel_reg_reg[5]/C
                            (rising edge-triggered cell FDCE clocked by clk_out1_clk_25  {rise@0.000ns fall@20.000ns period=40.000ns})
  Destination:            <hidden>
                            (rising edge-triggered cell RAMB36E1 clocked by sys_clk_pin  {rise@0.000ns fall@5.000ns period=10.000ns})
  Path Group:             sys_clk_pin
  Path Type:              Hold (Min at Slow Process Corner)
  Requirement:            0.000ns  (sys_clk_pin rise@0.000ns - clk_out1_clk_25 rise@0.000ns)
  Data Path Delay:        4.680ns  (logic 0.367ns (7.841%)  route 4.313ns (92.159%))
  Logic Levels:           0  
  Clock Path Skew:        3.769ns (DCD - SCD - CPR)
    Destination Clock Delay (DCD):    5.286ns
    Source Clock Delay      (SCD):    1.517ns
    Clock Pessimism Removal (CPR):    -0.000ns
  Clock Uncertainty:      0.202ns  ((TSJ^2 + DJ^2)^1/2) / 2 + PE
    Total System Jitter     (TSJ):    0.071ns
    Discrete Jitter          (DJ):    0.182ns
    Phase Error              (PE):    0.104ns
  Clock Domain Crossing:  Inter clock paths are considered valid unless explicitly excluded by timing constraints such as set_clock_groups or set_false_path.

    Location             Delay type                Incr(ns)  Path(ns)    Netlist Resource(s)
  -------------------------------------------------------------------    -------------------
                         (clock clk_out1_clk_25 rise edge)
                                                      0.000     0.000 r  
    BUFGCTRL_X0Y16       BUFG                         0.000     0.000 r  clk_IBUF_BUFG_inst/O
                         net (fo=186, routed)         1.516     1.516    c25/inst/clk_in1
    MMCME2_ADV_X0Y1      MMCME2_ADV (Prop_mmcme2_adv_CLKIN1_CLKOUT0)
                                                     -3.234    -1.718 r  c25/inst/mmcm_adv_inst/CLKOUT0
                         net (fo=1, routed)           1.630    -0.088    c25/inst/clk_out1_clk_25
    BUFGCTRL_X0Y0        BUFG (Prop_bufg_I_O)         0.091     0.003 r  c25/inst/clkout1_buf/O
                         net (fo=40, routed)          1.514     1.517    Control_path/U1/U2/CLK
    SLICE_X11Y81         FDCE                                         r  Control_path/U1/U2/pixel_reg_reg[5]/C
  -------------------------------------------------------------------    -------------------
    SLICE_X11Y81         FDCE (Prop_fdce_C_Q)         0.367     1.884 r  Control_path/U1/U2/pixel_reg_reg[5]/Q
                         net (fo=23, routed)          4.313     6.198    <hidden>
    RAMB36_X0Y17         RAMB36E1                                     r  <hidden>
  -------------------------------------------------------------------    -------------------

                         (clock sys_clk_pin rise edge)
                                                      0.000     0.000 r  
    E3                                                0.000     0.000 r  clk (IN)
                         net (fo=0)                   0.000     0.000    clk
    E3                   IBUF (Prop_ibuf_I_O)         1.482     1.482 r  clk_IBUF_inst/O
                         net (fo=1, routed)           2.025     3.506    clk_IBUF
    BUFGCTRL_X0Y16       BUFG (Prop_bufg_I_O)         0.096     3.602 r  clk_IBUF_BUFG_inst/O
                         net (fo=186, routed)         1.684     5.286    <hidden>
    RAMB36_X0Y17         RAMB36E1                                     r  <hidden>
                         clock pessimism              0.000     5.286    
                         clock uncertainty            0.202     5.488    
    RAMB36_X0Y17         RAMB36E1 (Hold_ramb36e1_CLKBWRCLK_ADDRBWRADDR[13])
                                                      0.360     5.848    <hidden>
  -------------------------------------------------------------------
                         required time                         -5.848    
                         arrival time                           6.198    
  -------------------------------------------------------------------
                         slack                                  0.350    





---------------------------------------------------------------------------------------------------
From Clock:  clk_out1_clk_50
  To Clock:  sys_clk_pin

Setup :            0  Failing Endpoints,  Worst Slack        2.924ns,  Total Violation        0.000ns
Hold  :            0  Failing Endpoints,  Worst Slack        0.118ns,  Total Violation        0.000ns
---------------------------------------------------------------------------------------------------


Max Delay Paths
--------------------------------------------------------------------------------------
Slack (MET) :             2.924ns  (required time - arrival time)
  Source:                 <hidden>
                            (rising edge-triggered cell RAMB36E1 clocked by clk_out1_clk_50  {rise@0.000ns fall@10.000ns period=20.000ns})
  Destination:            Control_path/v1/b2/ru_reg[0]/D
                            (rising edge-triggered cell FDRE clocked by sys_clk_pin  {rise@0.000ns fall@5.000ns period=10.000ns})
  Path Group:             sys_clk_pin
  Path Type:              Setup (Max at Slow Process Corner)
  Requirement:            10.000ns  (sys_clk_pin rise@10.000ns - clk_out1_clk_50 rise@0.000ns)
  Data Path Delay:        10.131ns  (logic 1.453ns (14.342%)  route 8.678ns (85.658%))
  Logic Levels:           1  (RAMB36E1=1)
  Clock Path Skew:        3.268ns (DCD - SCD + CPR)
    Destination Clock Delay (DCD):    4.940ns = ( 14.940 - 10.000 ) 
    Source Clock Delay      (SCD):    1.671ns
    Clock Pessimism Removal (CPR):    0.000ns
  Clock Uncertainty:      0.182ns  ((TSJ^2 + DJ^2)^1/2) / 2 + PE
    Total System Jitter     (TSJ):    0.071ns
    Discrete Jitter          (DJ):    0.152ns
    Phase Error              (PE):    0.099ns
  Clock Domain Crossing:  Inter clock paths are considered valid unless explicitly excluded by timing constraints such as set_clock_groups or set_false_path.

    Location             Delay type                Incr(ns)  Path(ns)    Netlist Resource(s)
  -------------------------------------------------------------------    -------------------
                         (clock clk_out1_clk_50 rise edge)
                                                      0.000     0.000 r  
    BUFGCTRL_X0Y16       BUFG                         0.000     0.000 r  clk_IBUF_BUFG_inst/O
                         net (fo=186, routed)         1.809     1.809    c50/inst/clk_in1
    MMCME2_ADV_X0Y0      MMCME2_ADV (Prop_mmcme2_adv_CLKIN1_CLKOUT0)
                                                     -3.922    -2.112 r  c50/inst/mmcm_adv_inst/CLKOUT0
                         net (fo=1, routed)           2.018    -0.094    c50/inst/clk_out1_clk_50
    BUFGCTRL_X0Y1        BUFG (Prop_bufg_I_O)         0.096     0.002 r  c50/inst/clkout1_buf/O
                         net (fo=16, routed)          1.669     1.671    <hidden>
    RAMB36_X0Y22         RAMB36E1                                     r  <hidden>
  -------------------------------------------------------------------    -------------------
    RAMB36_X0Y22         RAMB36E1 (Prop_ramb36e1_CLKARDCLK_CASCADEOUTA)
                                                      1.028     2.699 r  <hidden>
                         net (fo=1, routed)           0.065     2.765    <hidden>
    RAMB36_X0Y23         RAMB36E1 (Prop_ramb36e1_CASCADEINA_DOADO[0])
                                                      0.425     3.190 r  <hidden>
                         net (fo=9, routed)           8.613    11.803    Control_path/v1/b2/aram_dout[0]
    SLICE_X8Y83          FDRE                                         r  Control_path/v1/b2/ru_reg[0]/D
  -------------------------------------------------------------------    -------------------

                         (clock sys_clk_pin rise edge)
                                                     10.000    10.000 r  
    E3                                                0.000    10.000 r  clk (IN)
                         net (fo=0)                   0.000    10.000    clk
    E3                   IBUF (Prop_ibuf_I_O)         1.411    11.411 r  clk_IBUF_inst/O
                         net (fo=1, routed)           1.920    13.331    clk_IBUF
    BUFGCTRL_X0Y16       BUFG (Prop_bufg_I_O)         0.091    13.422 r  clk_IBUF_BUFG_inst/O
                         net (fo=186, routed)         1.517    14.940    Control_path/v1/b2/clk
    SLICE_X8Y83          FDRE                                         r  Control_path/v1/b2/ru_reg[0]/C
                         clock pessimism              0.000    14.940    
                         clock uncertainty           -0.182    14.757    
    SLICE_X8Y83          FDRE (Setup_fdre_C_D)       -0.031    14.726    Control_path/v1/b2/ru_reg[0]
  -------------------------------------------------------------------
                         required time                         14.726    
                         arrival time                         -11.803    
  -------------------------------------------------------------------
                         slack                                  2.924    

Slack (MET) :             3.602ns  (required time - arrival time)
  Source:                 <hidden>
                            (rising edge-triggered cell RAMB36E1 clocked by clk_out1_clk_50  {rise@0.000ns fall@10.000ns period=20.000ns})
  Destination:            Control_path/v1/b2/lu_reg[0]/D
                            (rising edge-triggered cell FDRE clocked by sys_clk_pin  {rise@0.000ns fall@5.000ns period=10.000ns})
  Path Group:             sys_clk_pin
  Path Type:              Setup (Max at Slow Process Corner)
  Requirement:            10.000ns  (sys_clk_pin rise@10.000ns - clk_out1_clk_50 rise@0.000ns)
  Data Path Delay:        9.457ns  (logic 1.453ns (15.365%)  route 8.004ns (84.635%))
  Logic Levels:           1  (RAMB36E1=1)
  Clock Path Skew:        3.272ns (DCD - SCD + CPR)
    Destination Clock Delay (DCD):    4.944ns = ( 14.944 - 10.000 ) 
    Source Clock Delay      (SCD):    1.671ns
    Clock Pessimism Removal (CPR):    0.000ns
  Clock Uncertainty:      0.182ns  ((TSJ^2 + DJ^2)^1/2) / 2 + PE
    Total System Jitter     (TSJ):    0.071ns
    Discrete Jitter          (DJ):    0.152ns
    Phase Error              (PE):    0.099ns
  Clock Domain Crossing:  Inter clock paths are considered valid unless explicitly excluded by timing constraints such as set_clock_groups or set_false_path.

    Location             Delay type                Incr(ns)  Path(ns)    Netlist Resource(s)
  -------------------------------------------------------------------    -------------------
                         (clock clk_out1_clk_50 rise edge)
                                                      0.000     0.000 r  
    BUFGCTRL_X0Y16       BUFG                         0.000     0.000 r  clk_IBUF_BUFG_inst/O
                         net (fo=186, routed)         1.809     1.809    c50/inst/clk_in1
    MMCME2_ADV_X0Y0      MMCME2_ADV (Prop_mmcme2_adv_CLKIN1_CLKOUT0)
                                                     -3.922    -2.112 r  c50/inst/mmcm_adv_inst/CLKOUT0
                         net (fo=1, routed)           2.018    -0.094    c50/inst/clk_out1_clk_50
    BUFGCTRL_X0Y1        BUFG (Prop_bufg_I_O)         0.096     0.002 r  c50/inst/clkout1_buf/O
                         net (fo=16, routed)          1.669     1.671    <hidden>
    RAMB36_X0Y22         RAMB36E1                                     r  <hidden>
  -------------------------------------------------------------------    -------------------
    RAMB36_X0Y22         RAMB36E1 (Prop_ramb36e1_CLKARDCLK_CASCADEOUTA)
                                                      1.028     2.699 r  <hidden>
                         net (fo=1, routed)           0.065     2.765    <hidden>
    RAMB36_X0Y23         RAMB36E1 (Prop_ramb36e1_CASCADEINA_DOADO[0])
                                                      0.425     3.190 r  <hidden>
                         net (fo=9, routed)           7.938    11.128    Control_path/v1/b2/aram_dout[0]
    SLICE_X10Y84         FDRE                                         r  Control_path/v1/b2/lu_reg[0]/D
  -------------------------------------------------------------------    -------------------

                         (clock sys_clk_pin rise edge)
                                                     10.000    10.000 r  
    E3                                                0.000    10.000 r  clk (IN)
                         net (fo=0)                   0.000    10.000    clk
    E3                   IBUF (Prop_ibuf_I_O)         1.411    11.411 r  clk_IBUF_inst/O
                         net (fo=1, routed)           1.920    13.331    clk_IBUF
    BUFGCTRL_X0Y16       BUFG (Prop_bufg_I_O)         0.091    13.422 r  clk_IBUF_BUFG_inst/O
                         net (fo=186, routed)         1.521    14.944    Control_path/v1/b2/clk
    SLICE_X10Y84         FDRE                                         r  Control_path/v1/b2/lu_reg[0]/C
                         clock pessimism              0.000    14.944    
                         clock uncertainty           -0.182    14.761    
    SLICE_X10Y84         FDRE (Setup_fdre_C_D)       -0.031    14.730    Control_path/v1/b2/lu_reg[0]
  -------------------------------------------------------------------
                         required time                         14.730    
                         arrival time                         -11.128    
  -------------------------------------------------------------------
                         slack                                  3.602    

Slack (MET) :             3.667ns  (required time - arrival time)
  Source:                 <hidden>
                            (rising edge-triggered cell RAMB36E1 clocked by clk_out1_clk_50  {rise@0.000ns fall@10.000ns period=20.000ns})
  Destination:            Control_path/v1/b2/rc_reg[0]/D
                            (rising edge-triggered cell FDRE clocked by sys_clk_pin  {rise@0.000ns fall@5.000ns period=10.000ns})
  Path Group:             sys_clk_pin
  Path Type:              Setup (Max at Slow Process Corner)
  Requirement:            10.000ns  (sys_clk_pin rise@10.000ns - clk_out1_clk_50 rise@0.000ns)
  Data Path Delay:        9.431ns  (logic 1.453ns (15.406%)  route 7.978ns (84.594%))
  Logic Levels:           1  (RAMB36E1=1)
  Clock Path Skew:        3.347ns (DCD - SCD + CPR)
    Destination Clock Delay (DCD):    5.019ns = ( 15.019 - 10.000 ) 
    Source Clock Delay      (SCD):    1.671ns
    Clock Pessimism Removal (CPR):    0.000ns
  Clock Uncertainty:      0.182ns  ((TSJ^2 + DJ^2)^1/2) / 2 + PE
    Total System Jitter     (TSJ):    0.071ns
    Discrete Jitter          (DJ):    0.152ns
    Phase Error              (PE):    0.099ns
  Clock Domain Crossing:  Inter clock paths are considered valid unless explicitly excluded by timing constraints such as set_clock_groups or set_false_path.

    Location             Delay type                Incr(ns)  Path(ns)    Netlist Resource(s)
  -------------------------------------------------------------------    -------------------
                         (clock clk_out1_clk_50 rise edge)
                                                      0.000     0.000 r  
    BUFGCTRL_X0Y16       BUFG                         0.000     0.000 r  clk_IBUF_BUFG_inst/O
                         net (fo=186, routed)         1.809     1.809    c50/inst/clk_in1
    MMCME2_ADV_X0Y0      MMCME2_ADV (Prop_mmcme2_adv_CLKIN1_CLKOUT0)
                                                     -3.922    -2.112 r  c50/inst/mmcm_adv_inst/CLKOUT0
                         net (fo=1, routed)           2.018    -0.094    c50/inst/clk_out1_clk_50
    BUFGCTRL_X0Y1        BUFG (Prop_bufg_I_O)         0.096     0.002 r  c50/inst/clkout1_buf/O
                         net (fo=16, routed)          1.669     1.671    <hidden>
    RAMB36_X0Y22         RAMB36E1                                     r  <hidden>
  -------------------------------------------------------------------    -------------------
    RAMB36_X0Y22         RAMB36E1 (Prop_ramb36e1_CLKARDCLK_CASCADEOUTA)
                                                      1.028     2.699 r  <hidden>
                         net (fo=1, routed)           0.065     2.765    <hidden>
    RAMB36_X0Y23         RAMB36E1 (Prop_ramb36e1_CASCADEINA_DOADO[0])
                                                      0.425     3.190 r  <hidden>
                         net (fo=9, routed)           7.913    11.103    Control_path/v1/b2/aram_dout[0]
    SLICE_X7Y83          FDRE                                         r  Control_path/v1/b2/rc_reg[0]/D
  -------------------------------------------------------------------    -------------------

                         (clock sys_clk_pin rise edge)
                                                     10.000    10.000 r  
    E3                                                0.000    10.000 r  clk (IN)
                         net (fo=0)                   0.000    10.000    clk
    E3                   IBUF (Prop_ibuf_I_O)         1.411    11.411 r  clk_IBUF_inst/O
                         net (fo=1, routed)           1.920    13.331    clk_IBUF
    BUFGCTRL_X0Y16       BUFG (Prop_bufg_I_O)         0.091    13.422 r  clk_IBUF_BUFG_inst/O
                         net (fo=186, routed)         1.596    15.019    Control_path/v1/b2/clk
    SLICE_X7Y83          FDRE                                         r  Control_path/v1/b2/rc_reg[0]/C
                         clock pessimism              0.000    15.019    
                         clock uncertainty           -0.182    14.836    
    SLICE_X7Y83          FDRE (Setup_fdre_C_D)       -0.067    14.769    Control_path/v1/b2/rc_reg[0]
  -------------------------------------------------------------------
                         required time                         14.769    
                         arrival time                         -11.103    
  -------------------------------------------------------------------
                         slack                                  3.667    

Slack (MET) :             3.898ns  (required time - arrival time)
  Source:                 <hidden>
                            (rising edge-triggered cell RAMB36E1 clocked by clk_out1_clk_50  {rise@0.000ns fall@10.000ns period=20.000ns})
  Destination:            Control_path/v1/b2/lc_reg[0]/D
                            (rising edge-triggered cell FDRE clocked by sys_clk_pin  {rise@0.000ns fall@5.000ns period=10.000ns})
  Path Group:             sys_clk_pin
  Path Type:              Setup (Max at Slow Process Corner)
  Requirement:            10.000ns  (sys_clk_pin rise@10.000ns - clk_out1_clk_50 rise@0.000ns)
  Data Path Delay:        9.200ns  (logic 1.453ns (15.794%)  route 7.747ns (84.206%))
  Logic Levels:           1  (RAMB36E1=1)
  Clock Path Skew:        3.347ns (DCD - SCD + CPR)
    Destination Clock Delay (DCD):    5.019ns = ( 15.019 - 10.000 ) 
    Source Clock Delay      (SCD):    1.671ns
    Clock Pessimism Removal (CPR):    0.000ns
  Clock Uncertainty:      0.182ns  ((TSJ^2 + DJ^2)^1/2) / 2 + PE
    Total System Jitter     (TSJ):    0.071ns
    Discrete Jitter          (DJ):    0.152ns
    Phase Error              (PE):    0.099ns
  Clock Domain Crossing:  Inter clock paths are considered valid unless explicitly excluded by timing constraints such as set_clock_groups or set_false_path.

    Location             Delay type                Incr(ns)  Path(ns)    Netlist Resource(s)
  -------------------------------------------------------------------    -------------------
                         (clock clk_out1_clk_50 rise edge)
                                                      0.000     0.000 r  
    BUFGCTRL_X0Y16       BUFG                         0.000     0.000 r  clk_IBUF_BUFG_inst/O
                         net (fo=186, routed)         1.809     1.809    c50/inst/clk_in1
    MMCME2_ADV_X0Y0      MMCME2_ADV (Prop_mmcme2_adv_CLKIN1_CLKOUT0)
                                                     -3.922    -2.112 r  c50/inst/mmcm_adv_inst/CLKOUT0
                         net (fo=1, routed)           2.018    -0.094    c50/inst/clk_out1_clk_50
    BUFGCTRL_X0Y1        BUFG (Prop_bufg_I_O)         0.096     0.002 r  c50/inst/clkout1_buf/O
                         net (fo=16, routed)          1.669     1.671    <hidden>
    RAMB36_X0Y22         RAMB36E1                                     r  <hidden>
  -------------------------------------------------------------------    -------------------
    RAMB36_X0Y22         RAMB36E1 (Prop_ramb36e1_CLKARDCLK_CASCADEOUTA)
                                                      1.028     2.699 r  <hidden>
                         net (fo=1, routed)           0.065     2.765    <hidden>
    RAMB36_X0Y23         RAMB36E1 (Prop_ramb36e1_CASCADEINA_DOADO[0])
                                                      0.425     3.190 r  <hidden>
                         net (fo=9, routed)           7.681    10.871    Control_path/v1/b2/aram_dout[0]
    SLICE_X4Y83          FDRE                                         r  Control_path/v1/b2/lc_reg[0]/D
  -------------------------------------------------------------------    -------------------

                         (clock sys_clk_pin rise edge)
                                                     10.000    10.000 r  
    E3                                                0.000    10.000 r  clk (IN)
                         net (fo=0)                   0.000    10.000    clk
    E3                   IBUF (Prop_ibuf_I_O)         1.411    11.411 r  clk_IBUF_inst/O
                         net (fo=1, routed)           1.920    13.331    clk_IBUF
    BUFGCTRL_X0Y16       BUFG (Prop_bufg_I_O)         0.091    13.422 r  clk_IBUF_BUFG_inst/O
                         net (fo=186, routed)         1.596    15.019    Control_path/v1/b2/clk
    SLICE_X4Y83          FDRE                                         r  Control_path/v1/b2/lc_reg[0]/C
                         clock pessimism              0.000    15.019    
                         clock uncertainty           -0.182    14.836    
    SLICE_X4Y83          FDRE (Setup_fdre_C_D)       -0.067    14.769    Control_path/v1/b2/lc_reg[0]
  -------------------------------------------------------------------
                         required time                         14.769    
                         arrival time                         -10.871    
  -------------------------------------------------------------------
                         slack                                  3.898    

Slack (MET) :             4.672ns  (required time - arrival time)
  Source:                 <hidden>
                            (rising edge-triggered cell RAMB36E1 clocked by clk_out1_clk_50  {rise@0.000ns fall@10.000ns period=20.000ns})
  Destination:            Control_path/v1/b2/cu_reg[0]/D
                            (rising edge-triggered cell FDRE clocked by sys_clk_pin  {rise@0.000ns fall@5.000ns period=10.000ns})
  Path Group:             sys_clk_pin
  Path Type:              Setup (Max at Slow Process Corner)
  Requirement:            10.000ns  (sys_clk_pin rise@10.000ns - clk_out1_clk_50 rise@0.000ns)
  Data Path Delay:        8.389ns  (logic 1.453ns (17.320%)  route 6.936ns (82.680%))
  Logic Levels:           1  (RAMB36E1=1)
  Clock Path Skew:        3.270ns (DCD - SCD + CPR)
    Destination Clock Delay (DCD):    4.942ns = ( 14.942 - 10.000 ) 
    Source Clock Delay      (SCD):    1.671ns
    Clock Pessimism Removal (CPR):    0.000ns
  Clock Uncertainty:      0.182ns  ((TSJ^2 + DJ^2)^1/2) / 2 + PE
    Total System Jitter     (TSJ):    0.071ns
    Discrete Jitter          (DJ):    0.152ns
    Phase Error              (PE):    0.099ns
  Clock Domain Crossing:  Inter clock paths are considered valid unless explicitly excluded by timing constraints such as set_clock_groups or set_false_path.

    Location             Delay type                Incr(ns)  Path(ns)    Netlist Resource(s)
  -------------------------------------------------------------------    -------------------
                         (clock clk_out1_clk_50 rise edge)
                                                      0.000     0.000 r  
    BUFGCTRL_X0Y16       BUFG                         0.000     0.000 r  clk_IBUF_BUFG_inst/O
                         net (fo=186, routed)         1.809     1.809    c50/inst/clk_in1
    MMCME2_ADV_X0Y0      MMCME2_ADV (Prop_mmcme2_adv_CLKIN1_CLKOUT0)
                                                     -3.922    -2.112 r  c50/inst/mmcm_adv_inst/CLKOUT0
                         net (fo=1, routed)           2.018    -0.094    c50/inst/clk_out1_clk_50
    BUFGCTRL_X0Y1        BUFG (Prop_bufg_I_O)         0.096     0.002 r  c50/inst/clkout1_buf/O
                         net (fo=16, routed)          1.669     1.671    <hidden>
    RAMB36_X0Y22         RAMB36E1                                     r  <hidden>
  -------------------------------------------------------------------    -------------------
    RAMB36_X0Y22         RAMB36E1 (Prop_ramb36e1_CLKARDCLK_CASCADEOUTA)
                                                      1.028     2.699 r  <hidden>
                         net (fo=1, routed)           0.065     2.765    <hidden>
    RAMB36_X0Y23         RAMB36E1 (Prop_ramb36e1_CASCADEINA_DOADO[0])
                                                      0.425     3.190 r  <hidden>
                         net (fo=9, routed)           6.871    10.061    Control_path/v1/b2/aram_dout[0]
    SLICE_X8Y85          FDRE                                         r  Control_path/v1/b2/cu_reg[0]/D
  -------------------------------------------------------------------    -------------------

                         (clock sys_clk_pin rise edge)
                                                     10.000    10.000 r  
    E3                                                0.000    10.000 r  clk (IN)
                         net (fo=0)                   0.000    10.000    clk
    E3                   IBUF (Prop_ibuf_I_O)         1.411    11.411 r  clk_IBUF_inst/O
                         net (fo=1, routed)           1.920    13.331    clk_IBUF
    BUFGCTRL_X0Y16       BUFG (Prop_bufg_I_O)         0.091    13.422 r  clk_IBUF_BUFG_inst/O
                         net (fo=186, routed)         1.519    14.942    Control_path/v1/b2/clk
    SLICE_X8Y85          FDRE                                         r  Control_path/v1/b2/cu_reg[0]/C
                         clock pessimism              0.000    14.942    
                         clock uncertainty           -0.182    14.759    
    SLICE_X8Y85          FDRE (Setup_fdre_C_D)       -0.027    14.732    Control_path/v1/b2/cu_reg[0]
  -------------------------------------------------------------------
                         required time                         14.732    
                         arrival time                         -10.061    
  -------------------------------------------------------------------
                         slack                                  4.672    

Slack (MET) :             5.093ns  (required time - arrival time)
  Source:                 <hidden>
                            (rising edge-triggered cell RAMB36E1 clocked by clk_out1_clk_50  {rise@0.000ns fall@10.000ns period=20.000ns})
  Destination:            Control_path/v1/b1/cu_reg[0]/D
                            (rising edge-triggered cell FDRE clocked by sys_clk_pin  {rise@0.000ns fall@5.000ns period=10.000ns})
  Path Group:             sys_clk_pin
  Path Type:              Setup (Max at Slow Process Corner)
  Requirement:            10.000ns  (sys_clk_pin rise@10.000ns - clk_out1_clk_50 rise@0.000ns)
  Data Path Delay:        7.848ns  (logic 1.453ns (18.514%)  route 6.395ns (81.485%))
  Logic Levels:           1  (RAMB36E1=1)
  Clock Path Skew:        3.154ns (DCD - SCD + CPR)
    Destination Clock Delay (DCD):    5.017ns = ( 15.017 - 10.000 ) 
    Source Clock Delay      (SCD):    1.863ns
    Clock Pessimism Removal (CPR):    0.000ns
  Clock Uncertainty:      0.182ns  ((TSJ^2 + DJ^2)^1/2) / 2 + PE
    Total System Jitter     (TSJ):    0.071ns
    Discrete Jitter          (DJ):    0.152ns
    Phase Error              (PE):    0.099ns
  Clock Domain Crossing:  Inter clock paths are considered valid unless explicitly excluded by timing constraints such as set_clock_groups or set_false_path.

    Location             Delay type                Incr(ns)  Path(ns)    Netlist Resource(s)
  -------------------------------------------------------------------    -------------------
                         (clock clk_out1_clk_50 rise edge)
                                                      0.000     0.000 r  
    BUFGCTRL_X0Y16       BUFG                         0.000     0.000 r  clk_IBUF_BUFG_inst/O
                         net (fo=186, routed)         1.809     1.809    c50/inst/clk_in1
    MMCME2_ADV_X0Y0      MMCME2_ADV (Prop_mmcme2_adv_CLKIN1_CLKOUT0)
                                                     -3.922    -2.112 r  c50/inst/mmcm_adv_inst/CLKOUT0
                         net (fo=1, routed)           2.018    -0.094    c50/inst/clk_out1_clk_50
    BUFGCTRL_X0Y1        BUFG (Prop_bufg_I_O)         0.096     0.002 r  c50/inst/clkout1_buf/O
                         net (fo=16, routed)          1.861     1.863    <hidden>
    RAMB36_X0Y8          RAMB36E1                                     r  <hidden>
  -------------------------------------------------------------------    -------------------
    RAMB36_X0Y8          RAMB36E1 (Prop_ramb36e1_CLKARDCLK_CASCADEOUTA)
                                                      1.028     2.891 r  <hidden>
                         net (fo=1, routed)           0.065     2.956    <hidden>
    RAMB36_X0Y9          RAMB36E1 (Prop_ramb36e1_CASCADEINA_DOADO[0])
                                                      0.425     3.381 r  <hidden>
                         net (fo=9, routed)           6.330     9.711    Control_path/v1/b1/aram_dout[0]
    SLICE_X2Y80          FDRE                                         r  Control_path/v1/b1/cu_reg[0]/D
  -------------------------------------------------------------------    -------------------

                         (clock sys_clk_pin rise edge)
                                                     10.000    10.000 r  
    E3                                                0.000    10.000 r  clk (IN)
                         net (fo=0)                   0.000    10.000    clk
    E3                   IBUF (Prop_ibuf_I_O)         1.411    11.411 r  clk_IBUF_inst/O
                         net (fo=1, routed)           1.920    13.331    clk_IBUF
    BUFGCTRL_X0Y16       BUFG (Prop_bufg_I_O)         0.091    13.422 r  clk_IBUF_BUFG_inst/O
                         net (fo=186, routed)         1.594    15.017    Control_path/v1/b1/clk
    SLICE_X2Y80          FDRE                                         r  Control_path/v1/b1/cu_reg[0]/C
                         clock pessimism              0.000    15.017    
                         clock uncertainty           -0.182    14.834    
    SLICE_X2Y80          FDRE (Setup_fdre_C_D)       -0.031    14.803    Control_path/v1/b1/cu_reg[0]
  -------------------------------------------------------------------
                         required time                         14.803    
                         arrival time                          -9.711    
  -------------------------------------------------------------------
                         slack                                  5.093    

Slack (MET) :             5.111ns  (required time - arrival time)
  Source:                 <hidden>
                            (rising edge-triggered cell RAMB36E1 clocked by clk_out1_clk_50  {rise@0.000ns fall@10.000ns period=20.000ns})
  Destination:            Control_path/v1/b2/rb_reg[0]/D
                            (rising edge-triggered cell FDRE clocked by sys_clk_pin  {rise@0.000ns fall@5.000ns period=10.000ns})
  Path Group:             sys_clk_pin
  Path Type:              Setup (Max at Slow Process Corner)
  Requirement:            10.000ns  (sys_clk_pin rise@10.000ns - clk_out1_clk_50 rise@0.000ns)
  Data Path Delay:        7.902ns  (logic 1.453ns (18.387%)  route 6.449ns (81.613%))
  Logic Levels:           1  (RAMB36E1=1)
  Clock Path Skew:        3.268ns (DCD - SCD + CPR)
    Destination Clock Delay (DCD):    4.940ns = ( 14.940 - 10.000 ) 
    Source Clock Delay      (SCD):    1.671ns
    Clock Pessimism Removal (CPR):    0.000ns
  Clock Uncertainty:      0.182ns  ((TSJ^2 + DJ^2)^1/2) / 2 + PE
    Total System Jitter     (TSJ):    0.071ns
    Discrete Jitter          (DJ):    0.152ns
    Phase Error              (PE):    0.099ns
  Clock Domain Crossing:  Inter clock paths are considered valid unless explicitly excluded by timing constraints such as set_clock_groups or set_false_path.

    Location             Delay type                Incr(ns)  Path(ns)    Netlist Resource(s)
  -------------------------------------------------------------------    -------------------
                         (clock clk_out1_clk_50 rise edge)
                                                      0.000     0.000 r  
    BUFGCTRL_X0Y16       BUFG                         0.000     0.000 r  clk_IBUF_BUFG_inst/O
                         net (fo=186, routed)         1.809     1.809    c50/inst/clk_in1
    MMCME2_ADV_X0Y0      MMCME2_ADV (Prop_mmcme2_adv_CLKIN1_CLKOUT0)
                                                     -3.922    -2.112 r  c50/inst/mmcm_adv_inst/CLKOUT0
                         net (fo=1, routed)           2.018    -0.094    c50/inst/clk_out1_clk_50
    BUFGCTRL_X0Y1        BUFG (Prop_bufg_I_O)         0.096     0.002 r  c50/inst/clkout1_buf/O
                         net (fo=16, routed)          1.669     1.671    <hidden>
    RAMB36_X0Y22         RAMB36E1                                     r  <hidden>
  -------------------------------------------------------------------    -------------------
    RAMB36_X0Y22         RAMB36E1 (Prop_ramb36e1_CLKARDCLK_CASCADEOUTA)
                                                      1.028     2.699 r  <hidden>
                         net (fo=1, routed)           0.065     2.765    <hidden>
    RAMB36_X0Y23         RAMB36E1 (Prop_ramb36e1_CASCADEINA_DOADO[0])
                                                      0.425     3.190 r  <hidden>
                         net (fo=9, routed)           6.384     9.574    Control_path/v1/b2/aram_dout[0]
    SLICE_X9Y83          FDRE                                         r  Control_path/v1/b2/rb_reg[0]/D
  -------------------------------------------------------------------    -------------------

                         (clock sys_clk_pin rise edge)
                                                     10.000    10.000 r  
    E3                                                0.000    10.000 r  clk (IN)
                         net (fo=0)                   0.000    10.000    clk
    E3                   IBUF (Prop_ibuf_I_O)         1.411    11.411 r  clk_IBUF_inst/O
                         net (fo=1, routed)           1.920    13.331    clk_IBUF
    BUFGCTRL_X0Y16       BUFG (Prop_bufg_I_O)         0.091    13.422 r  clk_IBUF_BUFG_inst/O
                         net (fo=186, routed)         1.517    14.940    Control_path/v1/b2/clk
    SLICE_X9Y83          FDRE                                         r  Control_path/v1/b2/rb_reg[0]/C
                         clock pessimism              0.000    14.940    
                         clock uncertainty           -0.182    14.757    
    SLICE_X9Y83          FDRE (Setup_fdre_C_D)       -0.072    14.685    Control_path/v1/b2/rb_reg[0]
  -------------------------------------------------------------------
                         required time                         14.685    
                         arrival time                          -9.574    
  -------------------------------------------------------------------
                         slack                                  5.111    

Slack (MET) :             5.391ns  (required time - arrival time)
  Source:                 <hidden>
                            (rising edge-triggered cell RAMB36E1 clocked by clk_out1_clk_50  {rise@0.000ns fall@10.000ns period=20.000ns})
  Destination:            Control_path/v1/b1/cc_reg[0]/D
                            (rising edge-triggered cell FDRE clocked by sys_clk_pin  {rise@0.000ns fall@5.000ns period=10.000ns})
  Path Group:             sys_clk_pin
  Path Type:              Setup (Max at Slow Process Corner)
  Requirement:            10.000ns  (sys_clk_pin rise@10.000ns - clk_out1_clk_50 rise@0.000ns)
  Data Path Delay:        7.511ns  (logic 1.453ns (19.344%)  route 6.058ns (80.656%))
  Logic Levels:           1  (RAMB36E1=1)
  Clock Path Skew:        3.152ns (DCD - SCD + CPR)
    Destination Clock Delay (DCD):    5.015ns = ( 15.015 - 10.000 ) 
    Source Clock Delay      (SCD):    1.863ns
    Clock Pessimism Removal (CPR):    0.000ns
  Clock Uncertainty:      0.182ns  ((TSJ^2 + DJ^2)^1/2) / 2 + PE
    Total System Jitter     (TSJ):    0.071ns
    Discrete Jitter          (DJ):    0.152ns
    Phase Error              (PE):    0.099ns
  Clock Domain Crossing:  Inter clock paths are considered valid unless explicitly excluded by timing constraints such as set_clock_groups or set_false_path.

    Location             Delay type                Incr(ns)  Path(ns)    Netlist Resource(s)
  -------------------------------------------------------------------    -------------------
                         (clock clk_out1_clk_50 rise edge)
                                                      0.000     0.000 r  
    BUFGCTRL_X0Y16       BUFG                         0.000     0.000 r  clk_IBUF_BUFG_inst/O
                         net (fo=186, routed)         1.809     1.809    c50/inst/clk_in1
    MMCME2_ADV_X0Y0      MMCME2_ADV (Prop_mmcme2_adv_CLKIN1_CLKOUT0)
                                                     -3.922    -2.112 r  c50/inst/mmcm_adv_inst/CLKOUT0
                         net (fo=1, routed)           2.018    -0.094    c50/inst/clk_out1_clk_50
    BUFGCTRL_X0Y1        BUFG (Prop_bufg_I_O)         0.096     0.002 r  c50/inst/clkout1_buf/O
                         net (fo=16, routed)          1.861     1.863    <hidden>
    RAMB36_X0Y8          RAMB36E1                                     r  <hidden>
  -------------------------------------------------------------------    -------------------
    RAMB36_X0Y8          RAMB36E1 (Prop_ramb36e1_CLKARDCLK_CASCADEOUTA)
                                                      1.028     2.891 r  <hidden>
                         net (fo=1, routed)           0.065     2.956    <hidden>
    RAMB36_X0Y9          RAMB36E1 (Prop_ramb36e1_CASCADEINA_DOADO[0])
                                                      0.425     3.381 r  <hidden>
                         net (fo=9, routed)           5.993     9.374    Control_path/v1/b1/aram_dout[0]
    SLICE_X5Y80          FDRE                                         r  Control_path/v1/b1/cc_reg[0]/D
  -------------------------------------------------------------------    -------------------

                         (clock sys_clk_pin rise edge)
                                                     10.000    10.000 r  
    E3                                                0.000    10.000 r  clk (IN)
                         net (fo=0)                   0.000    10.000    clk
    E3                   IBUF (Prop_ibuf_I_O)         1.411    11.411 r  clk_IBUF_inst/O
                         net (fo=1, routed)           1.920    13.331    clk_IBUF
    BUFGCTRL_X0Y16       BUFG (Prop_bufg_I_O)         0.091    13.422 r  clk_IBUF_BUFG_inst/O
                         net (fo=186, routed)         1.592    15.015    Control_path/v1/b1/clk
    SLICE_X5Y80          FDRE                                         r  Control_path/v1/b1/cc_reg[0]/C
                         clock pessimism              0.000    15.015    
                         clock uncertainty           -0.182    14.832    
    SLICE_X5Y80          FDRE (Setup_fdre_C_D)       -0.067    14.765    Control_path/v1/b1/cc_reg[0]
  -------------------------------------------------------------------
                         required time                         14.765    
                         arrival time                          -9.374    
  -------------------------------------------------------------------
                         slack                                  5.391    

Slack (MET) :             5.456ns  (required time - arrival time)
  Source:                 <hidden>
                            (rising edge-triggered cell RAMB36E1 clocked by clk_out1_clk_50  {rise@0.000ns fall@10.000ns period=20.000ns})
  Destination:            Control_path/v1/b2/lb_reg[0]/D
                            (rising edge-triggered cell FDRE clocked by sys_clk_pin  {rise@0.000ns fall@5.000ns period=10.000ns})
  Path Group:             sys_clk_pin
  Path Type:              Setup (Max at Slow Process Corner)
  Requirement:            10.000ns  (sys_clk_pin rise@10.000ns - clk_out1_clk_50 rise@0.000ns)
  Data Path Delay:        7.602ns  (logic 1.453ns (19.114%)  route 6.149ns (80.886%))
  Logic Levels:           1  (RAMB36E1=1)
  Clock Path Skew:        3.271ns (DCD - SCD + CPR)
    Destination Clock Delay (DCD):    4.943ns = ( 14.943 - 10.000 ) 
    Source Clock Delay      (SCD):    1.671ns
    Clock Pessimism Removal (CPR):    0.000ns
  Clock Uncertainty:      0.182ns  ((TSJ^2 + DJ^2)^1/2) / 2 + PE
    Total System Jitter     (TSJ):    0.071ns
    Discrete Jitter          (DJ):    0.152ns
    Phase Error              (PE):    0.099ns
  Clock Domain Crossing:  Inter clock paths are considered valid unless explicitly excluded by timing constraints such as set_clock_groups or set_false_path.

    Location             Delay type                Incr(ns)  Path(ns)    Netlist Resource(s)
  -------------------------------------------------------------------    -------------------
                         (clock clk_out1_clk_50 rise edge)
                                                      0.000     0.000 r  
    BUFGCTRL_X0Y16       BUFG                         0.000     0.000 r  clk_IBUF_BUFG_inst/O
                         net (fo=186, routed)         1.809     1.809    c50/inst/clk_in1
    MMCME2_ADV_X0Y0      MMCME2_ADV (Prop_mmcme2_adv_CLKIN1_CLKOUT0)
                                                     -3.922    -2.112 r  c50/inst/mmcm_adv_inst/CLKOUT0
                         net (fo=1, routed)           2.018    -0.094    c50/inst/clk_out1_clk_50
    BUFGCTRL_X0Y1        BUFG (Prop_bufg_I_O)         0.096     0.002 r  c50/inst/clkout1_buf/O
                         net (fo=16, routed)          1.669     1.671    <hidden>
    RAMB36_X0Y22         RAMB36E1                                     r  <hidden>
  -------------------------------------------------------------------    -------------------
    RAMB36_X0Y22         RAMB36E1 (Prop_ramb36e1_CLKARDCLK_CASCADEOUTA)
                                                      1.028     2.699 r  <hidden>
                         net (fo=1, routed)           0.065     2.765    <hidden>
    RAMB36_X0Y23         RAMB36E1 (Prop_ramb36e1_CASCADEINA_DOADO[0])
                                                      0.425     3.190 r  <hidden>
                         net (fo=9, routed)           6.083     9.273    Control_path/v1/b2/aram_dout[0]
    SLICE_X10Y83         FDRE                                         r  Control_path/v1/b2/lb_reg[0]/D
  -------------------------------------------------------------------    -------------------

                         (clock sys_clk_pin rise edge)
                                                     10.000    10.000 r  
    E3                                                0.000    10.000 r  clk (IN)
                         net (fo=0)                   0.000    10.000    clk
    E3                   IBUF (Prop_ibuf_I_O)         1.411    11.411 r  clk_IBUF_inst/O
                         net (fo=1, routed)           1.920    13.331    clk_IBUF
    BUFGCTRL_X0Y16       BUFG (Prop_bufg_I_O)         0.091    13.422 r  clk_IBUF_BUFG_inst/O
                         net (fo=186, routed)         1.520    14.943    Control_path/v1/b2/clk
    SLICE_X10Y83         FDRE                                         r  Control_path/v1/b2/lb_reg[0]/C
                         clock pessimism              0.000    14.943    
                         clock uncertainty           -0.182    14.760    
    SLICE_X10Y83         FDRE (Setup_fdre_C_D)       -0.031    14.729    Control_path/v1/b2/lb_reg[0]
  -------------------------------------------------------------------
                         required time                         14.729    
                         arrival time                          -9.273    
  -------------------------------------------------------------------
                         slack                                  5.456    

Slack (MET) :             5.463ns  (required time - arrival time)
  Source:                 <hidden>
                            (rising edge-triggered cell RAMB36E1 clocked by clk_out1_clk_50  {rise@0.000ns fall@10.000ns period=20.000ns})
  Destination:            Control_path/v1/b2/rb_reg[3]/D
                            (rising edge-triggered cell FDRE clocked by sys_clk_pin  {rise@0.000ns fall@5.000ns period=10.000ns})
  Path Group:             sys_clk_pin
  Path Type:              Setup (Max at Slow Process Corner)
  Requirement:            10.000ns  (sys_clk_pin rise@10.000ns - clk_out1_clk_50 rise@0.000ns)
  Data Path Delay:        7.560ns  (logic 1.453ns (19.219%)  route 6.107ns (80.781%))
  Logic Levels:           1  (RAMB36E1=1)
  Clock Path Skew:        3.266ns (DCD - SCD + CPR)
    Destination Clock Delay (DCD):    4.943ns = ( 14.943 - 10.000 ) 
    Source Clock Delay      (SCD):    1.676ns
    Clock Pessimism Removal (CPR):    0.000ns
  Clock Uncertainty:      0.182ns  ((TSJ^2 + DJ^2)^1/2) / 2 + PE
    Total System Jitter     (TSJ):    0.071ns
    Discrete Jitter          (DJ):    0.152ns
    Phase Error              (PE):    0.099ns
  Clock Domain Crossing:  Inter clock paths are considered valid unless explicitly excluded by timing constraints such as set_clock_groups or set_false_path.

    Location             Delay type                Incr(ns)  Path(ns)    Netlist Resource(s)
  -------------------------------------------------------------------    -------------------
                         (clock clk_out1_clk_50 rise edge)
                                                      0.000     0.000 r  
    BUFGCTRL_X0Y16       BUFG                         0.000     0.000 r  clk_IBUF_BUFG_inst/O
                         net (fo=186, routed)         1.809     1.809    c50/inst/clk_in1
    MMCME2_ADV_X0Y0      MMCME2_ADV (Prop_mmcme2_adv_CLKIN1_CLKOUT0)
                                                     -3.922    -2.112 r  c50/inst/mmcm_adv_inst/CLKOUT0
                         net (fo=1, routed)           2.018    -0.094    c50/inst/clk_out1_clk_50
    BUFGCTRL_X0Y1        BUFG (Prop_bufg_I_O)         0.096     0.002 r  c50/inst/clkout1_buf/O
                         net (fo=16, routed)          1.674     1.676    <hidden>
    RAMB36_X0Y20         RAMB36E1                                     r  <hidden>
  -------------------------------------------------------------------    -------------------
    RAMB36_X0Y20         RAMB36E1 (Prop_ramb36e1_CLKARDCLK_CASCADEOUTA)
                                                      1.028     2.704 r  <hidden>
                         net (fo=1, routed)           0.065     2.770    <hidden>
    RAMB36_X0Y21         RAMB36E1 (Prop_ramb36e1_CASCADEINA_DOADO[0])
                                                      0.425     3.195 r  <hidden>
                         net (fo=9, routed)           6.042     9.237    Control_path/v1/b2/aram_dout[3]
    SLICE_X11Y83         FDRE                                         r  Control_path/v1/b2/rb_reg[3]/D
  -------------------------------------------------------------------    -------------------

                         (clock sys_clk_pin rise edge)
                                                     10.000    10.000 r  
    E3                                                0.000    10.000 r  clk (IN)
                         net (fo=0)                   0.000    10.000    clk
    E3                   IBUF (Prop_ibuf_I_O)         1.411    11.411 r  clk_IBUF_inst/O
                         net (fo=1, routed)           1.920    13.331    clk_IBUF
    BUFGCTRL_X0Y16       BUFG (Prop_bufg_I_O)         0.091    13.422 r  clk_IBUF_BUFG_inst/O
                         net (fo=186, routed)         1.520    14.943    Control_path/v1/b2/clk
    SLICE_X11Y83         FDRE                                         r  Control_path/v1/b2/rb_reg[3]/C
                         clock pessimism              0.000    14.943    
                         clock uncertainty           -0.182    14.760    
    SLICE_X11Y83         FDRE (Setup_fdre_C_D)       -0.061    14.699    Control_path/v1/b2/rb_reg[3]
  -------------------------------------------------------------------
                         required time                         14.699    
                         arrival time                          -9.237    
  -------------------------------------------------------------------
                         slack                                  5.463    





Min Delay Paths
--------------------------------------------------------------------------------------
Slack (MET) :             0.118ns  (arrival time - required time)
  Source:                 <hidden>
                            (rising edge-triggered cell RAMB36E1 clocked by clk_out1_clk_50  {rise@0.000ns fall@10.000ns period=20.000ns})
  Destination:            Control_path/v1/b2/rb_reg[1]/D
                            (rising edge-triggered cell FDRE clocked by sys_clk_pin  {rise@0.000ns fall@5.000ns period=10.000ns})
  Path Group:             sys_clk_pin
  Path Type:              Hold (Min at Slow Process Corner)
  Requirement:            0.000ns  (sys_clk_pin rise@0.000ns - clk_out1_clk_50 rise@0.000ns)
  Data Path Delay:        4.175ns  (logic 0.468ns (11.209%)  route 3.707ns (88.791%))
  Logic Levels:           0  
  Clock Path Skew:        3.683ns (DCD - SCD - CPR)
    Destination Clock Delay (DCD):    5.242ns
    Source Clock Delay      (SCD):    1.559ns
    Clock Pessimism Removal (CPR):    -0.000ns
  Clock Uncertainty:      0.182ns  ((TSJ^2 + DJ^2)^1/2) / 2 + PE
    Total System Jitter     (TSJ):    0.071ns
    Discrete Jitter          (DJ):    0.152ns
    Phase Error              (PE):    0.099ns
  Clock Domain Crossing:  Inter clock paths are considered valid unless explicitly excluded by timing constraints such as set_clock_groups or set_false_path.

    Location             Delay type                Incr(ns)  Path(ns)    Netlist Resource(s)
  -------------------------------------------------------------------    -------------------
                         (clock clk_out1_clk_50 rise edge)
                                                      0.000     0.000 r  
    BUFGCTRL_X0Y16       BUFG                         0.000     0.000 r  clk_IBUF_BUFG_inst/O
                         net (fo=186, routed)         1.683     1.683    c50/inst/clk_in1
    MMCME2_ADV_X0Y0      MMCME2_ADV (Prop_mmcme2_adv_CLKIN1_CLKOUT0)
                                                     -3.694    -2.011 r  c50/inst/mmcm_adv_inst/CLKOUT0
                         net (fo=1, routed)           1.923    -0.088    c50/inst/clk_out1_clk_50
    BUFGCTRL_X0Y1        BUFG (Prop_bufg_I_O)         0.091     0.003 r  c50/inst/clkout1_buf/O
                         net (fo=16, routed)          1.556     1.559    <hidden>
    RAMB36_X0Y17         RAMB36E1                                     r  <hidden>
  -------------------------------------------------------------------    -------------------
    RAMB36_X0Y17         RAMB36E1 (Prop_ramb36e1_CLKARDCLK_DOADO[0])
                                                      0.468     2.027 r  <hidden>
                         net (fo=9, routed)           3.707     5.734    Control_path/v1/b2/aram_dout[1]
    SLICE_X11Y83         FDRE                                         r  Control_path/v1/b2/rb_reg[1]/D
  -------------------------------------------------------------------    -------------------

                         (clock sys_clk_pin rise edge)
                                                      0.000     0.000 r  
    E3                                                0.000     0.000 r  clk (IN)
                         net (fo=0)                   0.000     0.000    clk
    E3                   IBUF (Prop_ibuf_I_O)         1.482     1.482 r  clk_IBUF_inst/O
                         net (fo=1, routed)           2.025     3.506    clk_IBUF
    BUFGCTRL_X0Y16       BUFG (Prop_bufg_I_O)         0.096     3.602 r  clk_IBUF_BUFG_inst/O
                         net (fo=186, routed)         1.639     5.242    Control_path/v1/b2/clk
    SLICE_X11Y83         FDRE                                         r  Control_path/v1/b2/rb_reg[1]/C
                         clock pessimism              0.000     5.242    
                         clock uncertainty            0.182     5.424    
    SLICE_X11Y83         FDRE (Hold_fdre_C_D)         0.192     5.616    Control_path/v1/b2/rb_reg[1]
  -------------------------------------------------------------------
                         required time                         -5.616    
                         arrival time                           5.734    
  -------------------------------------------------------------------
                         slack                                  0.118    

Slack (MET) :             0.132ns  (arrival time - required time)
  Source:                 <hidden>
                            (rising edge-triggered cell RAMB36E1 clocked by clk_out1_clk_50  {rise@0.000ns fall@10.000ns period=20.000ns})
  Destination:            Control_path/v1/b1/lu_reg[1]/D
                            (rising edge-triggered cell FDRE clocked by sys_clk_pin  {rise@0.000ns fall@5.000ns period=10.000ns})
  Path Group:             sys_clk_pin
  Path Type:              Hold (Min at Slow Process Corner)
  Requirement:            0.000ns  (sys_clk_pin rise@0.000ns - clk_out1_clk_50 rise@0.000ns)
  Data Path Delay:        4.248ns  (logic 0.468ns (11.016%)  route 3.780ns (88.984%))
  Logic Levels:           0  
  Clock Path Skew:        3.754ns (DCD - SCD - CPR)
    Destination Clock Delay (DCD):    5.313ns
    Source Clock Delay      (SCD):    1.559ns
    Clock Pessimism Removal (CPR):    -0.000ns
  Clock Uncertainty:      0.182ns  ((TSJ^2 + DJ^2)^1/2) / 2 + PE
    Total System Jitter     (TSJ):    0.071ns
    Discrete Jitter          (DJ):    0.152ns
    Phase Error              (PE):    0.099ns
  Clock Domain Crossing:  Inter clock paths are considered valid unless explicitly excluded by timing constraints such as set_clock_groups or set_false_path.

    Location             Delay type                Incr(ns)  Path(ns)    Netlist Resource(s)
  -------------------------------------------------------------------    -------------------
                         (clock clk_out1_clk_50 rise edge)
                                                      0.000     0.000 r  
    BUFGCTRL_X0Y16       BUFG                         0.000     0.000 r  clk_IBUF_BUFG_inst/O
                         net (fo=186, routed)         1.683     1.683    c50/inst/clk_in1
    MMCME2_ADV_X0Y0      MMCME2_ADV (Prop_mmcme2_adv_CLKIN1_CLKOUT0)
                                                     -3.694    -2.011 r  c50/inst/mmcm_adv_inst/CLKOUT0
                         net (fo=1, routed)           1.923    -0.088    c50/inst/clk_out1_clk_50
    BUFGCTRL_X0Y1        BUFG (Prop_bufg_I_O)         0.091     0.003 r  c50/inst/clkout1_buf/O
                         net (fo=16, routed)          1.556     1.559    <hidden>
    RAMB36_X0Y11         RAMB36E1                                     r  <hidden>
  -------------------------------------------------------------------    -------------------
    RAMB36_X0Y11         RAMB36E1 (Prop_ramb36e1_CLKARDCLK_DOADO[0])
                                                      0.468     2.027 r  <hidden>
                         net (fo=9, routed)           3.780     5.807    Control_path/v1/b1/aram_dout[1]
    SLICE_X5Y78          FDRE                                         r  Control_path/v1/b1/lu_reg[1]/D
  -------------------------------------------------------------------    -------------------

                         (clock sys_clk_pin rise edge)
                                                      0.000     0.000 r  
    E3                                                0.000     0.000 r  clk (IN)
                         net (fo=0)                   0.000     0.000    clk
    E3                   IBUF (Prop_ibuf_I_O)         1.482     1.482 r  clk_IBUF_inst/O
                         net (fo=1, routed)           2.025     3.506    clk_IBUF
    BUFGCTRL_X0Y16       BUFG (Prop_bufg_I_O)         0.096     3.602 r  clk_IBUF_BUFG_inst/O
                         net (fo=186, routed)         1.710     5.313    Control_path/v1/b1/clk
    SLICE_X5Y78          FDRE                                         r  Control_path/v1/b1/lu_reg[1]/C
                         clock pessimism              0.000     5.313    
                         clock uncertainty            0.182     5.495    
    SLICE_X5Y78          FDRE (Hold_fdre_C_D)         0.180     5.675    Control_path/v1/b1/lu_reg[1]
  -------------------------------------------------------------------
                         required time                         -5.675    
                         arrival time                           5.807    
  -------------------------------------------------------------------
                         slack                                  0.132    

Slack (MET) :             0.144ns  (arrival time - required time)
  Source:                 <hidden>
                            (rising edge-triggered cell RAMB36E1 clocked by clk_out1_clk_50  {rise@0.000ns fall@10.000ns period=20.000ns})
  Destination:            Control_path/v1/b1/ru_reg[1]/D
                            (rising edge-triggered cell FDRE clocked by sys_clk_pin  {rise@0.000ns fall@5.000ns period=10.000ns})
  Path Group:             sys_clk_pin
  Path Type:              Hold (Min at Slow Process Corner)
  Requirement:            0.000ns  (sys_clk_pin rise@0.000ns - clk_out1_clk_50 rise@0.000ns)
  Data Path Delay:        4.276ns  (logic 0.468ns (10.946%)  route 3.808ns (89.054%))
  Logic Levels:           0  
  Clock Path Skew:        3.757ns (DCD - SCD - CPR)
    Destination Clock Delay (DCD):    5.316ns
    Source Clock Delay      (SCD):    1.559ns
    Clock Pessimism Removal (CPR):    -0.000ns
  Clock Uncertainty:      0.182ns  ((TSJ^2 + DJ^2)^1/2) / 2 + PE
    Total System Jitter     (TSJ):    0.071ns
    Discrete Jitter          (DJ):    0.152ns
    Phase Error              (PE):    0.099ns
  Clock Domain Crossing:  Inter clock paths are considered valid unless explicitly excluded by timing constraints such as set_clock_groups or set_false_path.

    Location             Delay type                Incr(ns)  Path(ns)    Netlist Resource(s)
  -------------------------------------------------------------------    -------------------
                         (clock clk_out1_clk_50 rise edge)
                                                      0.000     0.000 r  
    BUFGCTRL_X0Y16       BUFG                         0.000     0.000 r  clk_IBUF_BUFG_inst/O
                         net (fo=186, routed)         1.683     1.683    c50/inst/clk_in1
    MMCME2_ADV_X0Y0      MMCME2_ADV (Prop_mmcme2_adv_CLKIN1_CLKOUT0)
                                                     -3.694    -2.011 r  c50/inst/mmcm_adv_inst/CLKOUT0
                         net (fo=1, routed)           1.923    -0.088    c50/inst/clk_out1_clk_50
    BUFGCTRL_X0Y1        BUFG (Prop_bufg_I_O)         0.091     0.003 r  c50/inst/clkout1_buf/O
                         net (fo=16, routed)          1.556     1.559    <hidden>
    RAMB36_X0Y11         RAMB36E1                                     r  <hidden>
  -------------------------------------------------------------------    -------------------
    RAMB36_X0Y11         RAMB36E1 (Prop_ramb36e1_CLKARDCLK_DOADO[0])
                                                      0.468     2.027 r  <hidden>
                         net (fo=9, routed)           3.808     5.834    Control_path/v1/b1/aram_dout[1]
    SLICE_X3Y80          FDRE                                         r  Control_path/v1/b1/ru_reg[1]/D
  -------------------------------------------------------------------    -------------------

                         (clock sys_clk_pin rise edge)
                                                      0.000     0.000 r  
    E3                                                0.000     0.000 r  clk (IN)
                         net (fo=0)                   0.000     0.000    clk
    E3                   IBUF (Prop_ibuf_I_O)         1.482     1.482 r  clk_IBUF_inst/O
                         net (fo=1, routed)           2.025     3.506    clk_IBUF
    BUFGCTRL_X0Y16       BUFG (Prop_bufg_I_O)         0.096     3.602 r  clk_IBUF_BUFG_inst/O
                         net (fo=186, routed)         1.713     5.316    Control_path/v1/b1/clk
    SLICE_X3Y80          FDRE                                         r  Control_path/v1/b1/ru_reg[1]/C
                         clock pessimism              0.000     5.316    
                         clock uncertainty            0.182     5.498    
    SLICE_X3Y80          FDRE (Hold_fdre_C_D)         0.192     5.690    Control_path/v1/b1/ru_reg[1]
  -------------------------------------------------------------------
                         required time                         -5.690    
                         arrival time                           5.834    
  -------------------------------------------------------------------
                         slack                                  0.144    

Slack (MET) :             0.173ns  (arrival time - required time)
  Source:                 <hidden>
                            (rising edge-triggered cell RAMB36E1 clocked by clk_out1_clk_50  {rise@0.000ns fall@10.000ns period=20.000ns})
  Destination:            Control_path/v1/b2/lc_reg[3]/D
                            (rising edge-triggered cell FDRE clocked by sys_clk_pin  {rise@0.000ns fall@5.000ns period=10.000ns})
  Path Group:             sys_clk_pin
  Path Type:              Hold (Min at Slow Process Corner)
  Requirement:            0.000ns  (sys_clk_pin rise@0.000ns - clk_out1_clk_50 rise@0.000ns)
  Data Path Delay:        4.210ns  (logic 0.468ns (11.115%)  route 3.742ns (88.885%))
  Logic Levels:           0  
  Clock Path Skew:        3.694ns (DCD - SCD - CPR)
    Destination Clock Delay (DCD):    5.242ns
    Source Clock Delay      (SCD):    1.548ns
    Clock Pessimism Removal (CPR):    -0.000ns
  Clock Uncertainty:      0.182ns  ((TSJ^2 + DJ^2)^1/2) / 2 + PE
    Total System Jitter     (TSJ):    0.071ns
    Discrete Jitter          (DJ):    0.152ns
    Phase Error              (PE):    0.099ns
  Clock Domain Crossing:  Inter clock paths are considered valid unless explicitly excluded by timing constraints such as set_clock_groups or set_false_path.

    Location             Delay type                Incr(ns)  Path(ns)    Netlist Resource(s)
  -------------------------------------------------------------------    -------------------
                         (clock clk_out1_clk_50 rise edge)
                                                      0.000     0.000 r  
    BUFGCTRL_X0Y16       BUFG                         0.000     0.000 r  clk_IBUF_BUFG_inst/O
                         net (fo=186, routed)         1.683     1.683    c50/inst/clk_in1
    MMCME2_ADV_X0Y0      MMCME2_ADV (Prop_mmcme2_adv_CLKIN1_CLKOUT0)
                                                     -3.694    -2.011 r  c50/inst/mmcm_adv_inst/CLKOUT0
                         net (fo=1, routed)           1.923    -0.088    c50/inst/clk_out1_clk_50
    BUFGCTRL_X0Y1        BUFG (Prop_bufg_I_O)         0.091     0.003 r  c50/inst/clkout1_buf/O
                         net (fo=16, routed)          1.545     1.548    <hidden>
    RAMB36_X0Y21         RAMB36E1                                     r  <hidden>
  -------------------------------------------------------------------    -------------------
    RAMB36_X0Y21         RAMB36E1 (Prop_ramb36e1_CLKARDCLK_DOADO[0])
                                                      0.468     2.016 r  <hidden>
                         net (fo=9, routed)           3.742     5.758    Control_path/v1/b2/aram_dout[3]
    SLICE_X9Y84          FDRE                                         r  Control_path/v1/b2/lc_reg[3]/D
  -------------------------------------------------------------------    -------------------

                         (clock sys_clk_pin rise edge)
                                                      0.000     0.000 r  
    E3                                                0.000     0.000 r  clk (IN)
                         net (fo=0)                   0.000     0.000    clk
    E3                   IBUF (Prop_ibuf_I_O)         1.482     1.482 r  clk_IBUF_inst/O
                         net (fo=1, routed)           2.025     3.506    clk_IBUF
    BUFGCTRL_X0Y16       BUFG (Prop_bufg_I_O)         0.096     3.602 r  clk_IBUF_BUFG_inst/O
                         net (fo=186, routed)         1.639     5.242    Control_path/v1/b2/clk
    SLICE_X9Y84          FDRE                                         r  Control_path/v1/b2/lc_reg[3]/C
                         clock pessimism              0.000     5.242    
                         clock uncertainty            0.182     5.424    
    SLICE_X9Y84          FDRE (Hold_fdre_C_D)         0.161     5.585    Control_path/v1/b2/lc_reg[3]
  -------------------------------------------------------------------
                         required time                         -5.585    
                         arrival time                           5.758    
  -------------------------------------------------------------------
                         slack                                  0.173    

Slack (MET) :             0.193ns  (arrival time - required time)
  Source:                 <hidden>
                            (rising edge-triggered cell RAMB36E1 clocked by clk_out1_clk_50  {rise@0.000ns fall@10.000ns period=20.000ns})
  Destination:            Control_path/v1/b1/cc_reg[3]/D
                            (rising edge-triggered cell FDRE clocked by sys_clk_pin  {rise@0.000ns fall@5.000ns period=10.000ns})
  Path Group:             sys_clk_pin
  Path Type:              Hold (Min at Slow Process Corner)
  Requirement:            0.000ns  (sys_clk_pin rise@0.000ns - clk_out1_clk_50 rise@0.000ns)
  Data Path Delay:        4.339ns  (logic 0.468ns (10.786%)  route 3.871ns (89.214%))
  Logic Levels:           0  
  Clock Path Skew:        3.765ns (DCD - SCD - CPR)
    Destination Clock Delay (DCD):    5.315ns
    Source Clock Delay      (SCD):    1.550ns
    Clock Pessimism Removal (CPR):    -0.000ns
  Clock Uncertainty:      0.182ns  ((TSJ^2 + DJ^2)^1/2) / 2 + PE
    Total System Jitter     (TSJ):    0.071ns
    Discrete Jitter          (DJ):    0.152ns
    Phase Error              (PE):    0.099ns
  Clock Domain Crossing:  Inter clock paths are considered valid unless explicitly excluded by timing constraints such as set_clock_groups or set_false_path.

    Location             Delay type                Incr(ns)  Path(ns)    Netlist Resource(s)
  -------------------------------------------------------------------    -------------------
                         (clock clk_out1_clk_50 rise edge)
                                                      0.000     0.000 r  
    BUFGCTRL_X0Y16       BUFG                         0.000     0.000 r  clk_IBUF_BUFG_inst/O
                         net (fo=186, routed)         1.683     1.683    c50/inst/clk_in1
    MMCME2_ADV_X0Y0      MMCME2_ADV (Prop_mmcme2_adv_CLKIN1_CLKOUT0)
                                                     -3.694    -2.011 r  c50/inst/mmcm_adv_inst/CLKOUT0
                         net (fo=1, routed)           1.923    -0.088    c50/inst/clk_out1_clk_50
    BUFGCTRL_X0Y1        BUFG (Prop_bufg_I_O)         0.091     0.003 r  c50/inst/clkout1_buf/O
                         net (fo=16, routed)          1.547     1.550    <hidden>
    RAMB36_X0Y15         RAMB36E1                                     r  <hidden>
  -------------------------------------------------------------------    -------------------
    RAMB36_X0Y15         RAMB36E1 (Prop_ramb36e1_CLKARDCLK_DOADO[0])
                                                      0.468     2.018 r  <hidden>
                         net (fo=9, routed)           3.871     5.889    Control_path/v1/b1/aram_dout[3]
    SLICE_X5Y80          FDRE                                         r  Control_path/v1/b1/cc_reg[3]/D
  -------------------------------------------------------------------    -------------------

                         (clock sys_clk_pin rise edge)
                                                      0.000     0.000 r  
    E3                                                0.000     0.000 r  clk (IN)
                         net (fo=0)                   0.000     0.000    clk
    E3                   IBUF (Prop_ibuf_I_O)         1.482     1.482 r  clk_IBUF_inst/O
                         net (fo=1, routed)           2.025     3.506    clk_IBUF
    BUFGCTRL_X0Y16       BUFG (Prop_bufg_I_O)         0.096     3.602 r  clk_IBUF_BUFG_inst/O
                         net (fo=186, routed)         1.712     5.315    Control_path/v1/b1/clk
    SLICE_X5Y80          FDRE                                         r  Control_path/v1/b1/cc_reg[3]/C
                         clock pessimism              0.000     5.315    
                         clock uncertainty            0.182     5.497    
    SLICE_X5Y80          FDRE (Hold_fdre_C_D)         0.199     5.696    Control_path/v1/b1/cc_reg[3]
  -------------------------------------------------------------------
                         required time                         -5.696    
                         arrival time                           5.889    
  -------------------------------------------------------------------
                         slack                                  0.193    

Slack (MET) :             0.216ns  (arrival time - required time)
  Source:                 <hidden>
                            (rising edge-triggered cell RAMB36E1 clocked by clk_out1_clk_50  {rise@0.000ns fall@10.000ns period=20.000ns})
  Destination:            Control_path/v1/b2/ru_reg[1]/D
                            (rising edge-triggered cell FDRE clocked by sys_clk_pin  {rise@0.000ns fall@5.000ns period=10.000ns})
  Path Group:             sys_clk_pin
  Path Type:              Hold (Min at Slow Process Corner)
  Requirement:            0.000ns  (sys_clk_pin rise@0.000ns - clk_out1_clk_50 rise@0.000ns)
  Data Path Delay:        4.312ns  (logic 0.468ns (10.853%)  route 3.844ns (89.147%))
  Logic Levels:           0  
  Clock Path Skew:        3.682ns (DCD - SCD - CPR)
    Destination Clock Delay (DCD):    5.241ns
    Source Clock Delay      (SCD):    1.559ns
    Clock Pessimism Removal (CPR):    -0.000ns
  Clock Uncertainty:      0.182ns  ((TSJ^2 + DJ^2)^1/2) / 2 + PE
    Total System Jitter     (TSJ):    0.071ns
    Discrete Jitter          (DJ):    0.152ns
    Phase Error              (PE):    0.099ns
  Clock Domain Crossing:  Inter clock paths are considered valid unless explicitly excluded by timing constraints such as set_clock_groups or set_false_path.

    Location             Delay type                Incr(ns)  Path(ns)    Netlist Resource(s)
  -------------------------------------------------------------------    -------------------
                         (clock clk_out1_clk_50 rise edge)
                                                      0.000     0.000 r  
    BUFGCTRL_X0Y16       BUFG                         0.000     0.000 r  clk_IBUF_BUFG_inst/O
                         net (fo=186, routed)         1.683     1.683    c50/inst/clk_in1
    MMCME2_ADV_X0Y0      MMCME2_ADV (Prop_mmcme2_adv_CLKIN1_CLKOUT0)
                                                     -3.694    -2.011 r  c50/inst/mmcm_adv_inst/CLKOUT0
                         net (fo=1, routed)           1.923    -0.088    c50/inst/clk_out1_clk_50
    BUFGCTRL_X0Y1        BUFG (Prop_bufg_I_O)         0.091     0.003 r  c50/inst/clkout1_buf/O
                         net (fo=16, routed)          1.556     1.559    <hidden>
    RAMB36_X0Y17         RAMB36E1                                     r  <hidden>
  -------------------------------------------------------------------    -------------------
    RAMB36_X0Y17         RAMB36E1 (Prop_ramb36e1_CLKARDCLK_DOADO[0])
                                                      0.468     2.027 r  <hidden>
                         net (fo=9, routed)           3.844     5.871    Control_path/v1/b2/aram_dout[1]
    SLICE_X8Y83          FDRE                                         r  Control_path/v1/b2/ru_reg[1]/D
  -------------------------------------------------------------------    -------------------

                         (clock sys_clk_pin rise edge)
                                                      0.000     0.000 r  
    E3                                                0.000     0.000 r  clk (IN)
                         net (fo=0)                   0.000     0.000    clk
    E3                   IBUF (Prop_ibuf_I_O)         1.482     1.482 r  clk_IBUF_inst/O
                         net (fo=1, routed)           2.025     3.506    clk_IBUF
    BUFGCTRL_X0Y16       BUFG (Prop_bufg_I_O)         0.096     3.602 r  clk_IBUF_BUFG_inst/O
                         net (fo=186, routed)         1.638     5.241    Control_path/v1/b2/clk
    SLICE_X8Y83          FDRE                                         r  Control_path/v1/b2/ru_reg[1]/C
                         clock pessimism              0.000     5.241    
                         clock uncertainty            0.182     5.423    
    SLICE_X8Y83          FDRE (Hold_fdre_C_D)         0.232     5.655    Control_path/v1/b2/ru_reg[1]
  -------------------------------------------------------------------
                         required time                         -5.655    
                         arrival time                           5.871    
  -------------------------------------------------------------------
                         slack                                  0.216    

Slack (MET) :             0.216ns  (arrival time - required time)
  Source:                 <hidden>
                            (rising edge-triggered cell RAMB36E1 clocked by clk_out1_clk_50  {rise@0.000ns fall@10.000ns period=20.000ns})
  Destination:            Control_path/v1/b1/rc_reg[1]/D
                            (rising edge-triggered cell FDRE clocked by sys_clk_pin  {rise@0.000ns fall@5.000ns period=10.000ns})
  Path Group:             sys_clk_pin
  Path Type:              Hold (Min at Slow Process Corner)
  Requirement:            0.000ns  (sys_clk_pin rise@0.000ns - clk_out1_clk_50 rise@0.000ns)
  Data Path Delay:        4.333ns  (logic 0.468ns (10.800%)  route 3.865ns (89.200%))
  Logic Levels:           0  
  Clock Path Skew:        3.755ns (DCD - SCD - CPR)
    Destination Clock Delay (DCD):    5.314ns
    Source Clock Delay      (SCD):    1.559ns
    Clock Pessimism Removal (CPR):    -0.000ns
  Clock Uncertainty:      0.182ns  ((TSJ^2 + DJ^2)^1/2) / 2 + PE
    Total System Jitter     (TSJ):    0.071ns
    Discrete Jitter          (DJ):    0.152ns
    Phase Error              (PE):    0.099ns
  Clock Domain Crossing:  Inter clock paths are considered valid unless explicitly excluded by timing constraints such as set_clock_groups or set_false_path.

    Location             Delay type                Incr(ns)  Path(ns)    Netlist Resource(s)
  -------------------------------------------------------------------    -------------------
                         (clock clk_out1_clk_50 rise edge)
                                                      0.000     0.000 r  
    BUFGCTRL_X0Y16       BUFG                         0.000     0.000 r  clk_IBUF_BUFG_inst/O
                         net (fo=186, routed)         1.683     1.683    c50/inst/clk_in1
    MMCME2_ADV_X0Y0      MMCME2_ADV (Prop_mmcme2_adv_CLKIN1_CLKOUT0)
                                                     -3.694    -2.011 r  c50/inst/mmcm_adv_inst/CLKOUT0
                         net (fo=1, routed)           1.923    -0.088    c50/inst/clk_out1_clk_50
    BUFGCTRL_X0Y1        BUFG (Prop_bufg_I_O)         0.091     0.003 r  c50/inst/clkout1_buf/O
                         net (fo=16, routed)          1.556     1.559    <hidden>
    RAMB36_X0Y11         RAMB36E1                                     r  <hidden>
  -------------------------------------------------------------------    -------------------
    RAMB36_X0Y11         RAMB36E1 (Prop_ramb36e1_CLKARDCLK_DOADO[0])
                                                      0.468     2.027 r  <hidden>
                         net (fo=9, routed)           3.865     5.892    Control_path/v1/b1/aram_dout[1]
    SLICE_X4Y79          FDRE                                         r  Control_path/v1/b1/rc_reg[1]/D
  -------------------------------------------------------------------    -------------------

                         (clock sys_clk_pin rise edge)
                                                      0.000     0.000 r  
    E3                                                0.000     0.000 r  clk (IN)
                         net (fo=0)                   0.000     0.000    clk
    E3                   IBUF (Prop_ibuf_I_O)         1.482     1.482 r  clk_IBUF_inst/O
                         net (fo=1, routed)           2.025     3.506    clk_IBUF
    BUFGCTRL_X0Y16       BUFG (Prop_bufg_I_O)         0.096     3.602 r  clk_IBUF_BUFG_inst/O
                         net (fo=186, routed)         1.711     5.314    Control_path/v1/b1/clk
    SLICE_X4Y79          FDRE                                         r  Control_path/v1/b1/rc_reg[1]/C
                         clock pessimism              0.000     5.314    
                         clock uncertainty            0.182     5.496    
    SLICE_X4Y79          FDRE (Hold_fdre_C_D)         0.180     5.676    Control_path/v1/b1/rc_reg[1]
  -------------------------------------------------------------------
                         required time                         -5.676    
                         arrival time                           5.892    
  -------------------------------------------------------------------
                         slack                                  0.216    

Slack (MET) :             0.233ns  (arrival time - required time)
  Source:                 <hidden>
                            (rising edge-triggered cell RAMB36E1 clocked by clk_out1_clk_50  {rise@0.000ns fall@10.000ns period=20.000ns})
  Destination:            Control_path/v1/b1/cb_reg[0]/D
                            (rising edge-triggered cell FDRE clocked by sys_clk_pin  {rise@0.000ns fall@5.000ns period=10.000ns})
  Path Group:             sys_clk_pin
  Path Type:              Hold (Min at Slow Process Corner)
  Requirement:            0.000ns  (sys_clk_pin rise@0.000ns - clk_out1_clk_50 rise@0.000ns)
  Data Path Delay:        4.193ns  (logic 0.468ns (11.161%)  route 3.725ns (88.839%))
  Logic Levels:           0  
  Clock Path Skew:        3.586ns (DCD - SCD - CPR)
    Destination Clock Delay (DCD):    5.316ns
    Source Clock Delay      (SCD):    1.729ns
    Clock Pessimism Removal (CPR):    -0.000ns
  Clock Uncertainty:      0.182ns  ((TSJ^2 + DJ^2)^1/2) / 2 + PE
    Total System Jitter     (TSJ):    0.071ns
    Discrete Jitter          (DJ):    0.152ns
    Phase Error              (PE):    0.099ns
  Clock Domain Crossing:  Inter clock paths are considered valid unless explicitly excluded by timing constraints such as set_clock_groups or set_false_path.

    Location             Delay type                Incr(ns)  Path(ns)    Netlist Resource(s)
  -------------------------------------------------------------------    -------------------
                         (clock clk_out1_clk_50 rise edge)
                                                      0.000     0.000 r  
    BUFGCTRL_X0Y16       BUFG                         0.000     0.000 r  clk_IBUF_BUFG_inst/O
                         net (fo=186, routed)         1.683     1.683    c50/inst/clk_in1
    MMCME2_ADV_X0Y0      MMCME2_ADV (Prop_mmcme2_adv_CLKIN1_CLKOUT0)
                                                     -3.694    -2.011 r  c50/inst/mmcm_adv_inst/CLKOUT0
                         net (fo=1, routed)           1.923    -0.088    c50/inst/clk_out1_clk_50
    BUFGCTRL_X0Y1        BUFG (Prop_bufg_I_O)         0.091     0.003 r  c50/inst/clkout1_buf/O
                         net (fo=16, routed)          1.726     1.729    <hidden>
    RAMB36_X0Y9          RAMB36E1                                     r  <hidden>
  -------------------------------------------------------------------    -------------------
    RAMB36_X0Y9          RAMB36E1 (Prop_ramb36e1_CLKARDCLK_DOADO[0])
                                                      0.468     2.197 r  <hidden>
                         net (fo=9, routed)           3.725     5.922    Control_path/v1/b1/aram_dout[0]
    SLICE_X1Y80          FDRE                                         r  Control_path/v1/b1/cb_reg[0]/D
  -------------------------------------------------------------------    -------------------

                         (clock sys_clk_pin rise edge)
                                                      0.000     0.000 r  
    E3                                                0.000     0.000 r  clk (IN)
                         net (fo=0)                   0.000     0.000    clk
    E3                   IBUF (Prop_ibuf_I_O)         1.482     1.482 r  clk_IBUF_inst/O
                         net (fo=1, routed)           2.025     3.506    clk_IBUF
    BUFGCTRL_X0Y16       BUFG (Prop_bufg_I_O)         0.096     3.602 r  clk_IBUF_BUFG_inst/O
                         net (fo=186, routed)         1.713     5.316    Control_path/v1/b1/clk
    SLICE_X1Y80          FDRE                                         r  Control_path/v1/b1/cb_reg[0]/C
                         clock pessimism              0.000     5.316    
                         clock uncertainty            0.182     5.498    
    SLICE_X1Y80          FDRE (Hold_fdre_C_D)         0.192     5.690    Control_path/v1/b1/cb_reg[0]
  -------------------------------------------------------------------
                         required time                         -5.690    
                         arrival time                           5.922    
  -------------------------------------------------------------------
                         slack                                  0.233    

Slack (MET) :             0.264ns  (arrival time - required time)
  Source:                 <hidden>
                            (rising edge-triggered cell RAMB36E1 clocked by clk_out1_clk_50  {rise@0.000ns fall@10.000ns period=20.000ns})
  Destination:            Control_path/v1/b1/rb_reg[1]/D
                            (rising edge-triggered cell FDRE clocked by sys_clk_pin  {rise@0.000ns fall@5.000ns period=10.000ns})
  Path Group:             sys_clk_pin
  Path Type:              Hold (Min at Slow Process Corner)
  Requirement:            0.000ns  (sys_clk_pin rise@0.000ns - clk_out1_clk_50 rise@0.000ns)
  Data Path Delay:        4.381ns  (logic 0.468ns (10.682%)  route 3.913ns (89.318%))
  Logic Levels:           0  
  Clock Path Skew:        3.755ns (DCD - SCD - CPR)
    Destination Clock Delay (DCD):    5.314ns
    Source Clock Delay      (SCD):    1.559ns
    Clock Pessimism Removal (CPR):    -0.000ns
  Clock Uncertainty:      0.182ns  ((TSJ^2 + DJ^2)^1/2) / 2 + PE
    Total System Jitter     (TSJ):    0.071ns
    Discrete Jitter          (DJ):    0.152ns
    Phase Error              (PE):    0.099ns
  Clock Domain Crossing:  Inter clock paths are considered valid unless explicitly excluded by timing constraints such as set_clock_groups or set_false_path.

    Location             Delay type                Incr(ns)  Path(ns)    Netlist Resource(s)
  -------------------------------------------------------------------    -------------------
                         (clock clk_out1_clk_50 rise edge)
                                                      0.000     0.000 r  
    BUFGCTRL_X0Y16       BUFG                         0.000     0.000 r  clk_IBUF_BUFG_inst/O
                         net (fo=186, routed)         1.683     1.683    c50/inst/clk_in1
    MMCME2_ADV_X0Y0      MMCME2_ADV (Prop_mmcme2_adv_CLKIN1_CLKOUT0)
                                                     -3.694    -2.011 r  c50/inst/mmcm_adv_inst/CLKOUT0
                         net (fo=1, routed)           1.923    -0.088    c50/inst/clk_out1_clk_50
    BUFGCTRL_X0Y1        BUFG (Prop_bufg_I_O)         0.091     0.003 r  c50/inst/clkout1_buf/O
                         net (fo=16, routed)          1.556     1.559    <hidden>
    RAMB36_X0Y11         RAMB36E1                                     r  <hidden>
  -------------------------------------------------------------------    -------------------
    RAMB36_X0Y11         RAMB36E1 (Prop_ramb36e1_CLKARDCLK_DOADO[0])
                                                      0.468     2.027 r  <hidden>
                         net (fo=9, routed)           3.913     5.940    Control_path/v1/b1/aram_dout[1]
    SLICE_X5Y79          FDRE                                         r  Control_path/v1/b1/rb_reg[1]/D
  -------------------------------------------------------------------    -------------------

                         (clock sys_clk_pin rise edge)
                                                      0.000     0.000 r  
    E3                                                0.000     0.000 r  clk (IN)
                         net (fo=0)                   0.000     0.000    clk
    E3                   IBUF (Prop_ibuf_I_O)         1.482     1.482 r  clk_IBUF_inst/O
                         net (fo=1, routed)           2.025     3.506    clk_IBUF
    BUFGCTRL_X0Y16       BUFG (Prop_bufg_I_O)         0.096     3.602 r  clk_IBUF_BUFG_inst/O
                         net (fo=186, routed)         1.711     5.314    Control_path/v1/b1/clk
    SLICE_X5Y79          FDRE                                         r  Control_path/v1/b1/rb_reg[1]/C
                         clock pessimism              0.000     5.314    
                         clock uncertainty            0.182     5.496    
    SLICE_X5Y79          FDRE (Hold_fdre_C_D)         0.180     5.676    Control_path/v1/b1/rb_reg[1]
  -------------------------------------------------------------------
                         required time                         -5.676    
                         arrival time                           5.940    
  -------------------------------------------------------------------
                         slack                                  0.264    

Slack (MET) :             0.325ns  (arrival time - required time)
  Source:                 <hidden>
                            (rising edge-triggered cell RAMB36E1 clocked by clk_out1_clk_50  {rise@0.000ns fall@10.000ns period=20.000ns})
  Destination:            Control_path/v1/b1/cu_reg[3]/D
                            (rising edge-triggered cell FDRE clocked by sys_clk_pin  {rise@0.000ns fall@5.000ns period=10.000ns})
  Path Group:             sys_clk_pin
  Path Type:              Hold (Min at Slow Process Corner)
  Requirement:            0.000ns  (sys_clk_pin rise@0.000ns - clk_out1_clk_50 rise@0.000ns)
  Data Path Delay:        4.466ns  (logic 0.468ns (10.479%)  route 3.998ns (89.521%))
  Logic Levels:           0  
  Clock Path Skew:        3.767ns (DCD - SCD - CPR)
    Destination Clock Delay (DCD):    5.317ns
    Source Clock Delay      (SCD):    1.550ns
    Clock Pessimism Removal (CPR):    -0.000ns
  Clock Uncertainty:      0.182ns  ((TSJ^2 + DJ^2)^1/2) / 2 + PE
    Total System Jitter     (TSJ):    0.071ns
    Discrete Jitter          (DJ):    0.152ns
    Phase Error              (PE):    0.099ns
  Clock Domain Crossing:  Inter clock paths are considered valid unless explicitly excluded by timing constraints such as set_clock_groups or set_false_path.

    Location             Delay type                Incr(ns)  Path(ns)    Netlist Resource(s)
  -------------------------------------------------------------------    -------------------
                         (clock clk_out1_clk_50 rise edge)
                                                      0.000     0.000 r  
    BUFGCTRL_X0Y16       BUFG                         0.000     0.000 r  clk_IBUF_BUFG_inst/O
                         net (fo=186, routed)         1.683     1.683    c50/inst/clk_in1
    MMCME2_ADV_X0Y0      MMCME2_ADV (Prop_mmcme2_adv_CLKIN1_CLKOUT0)
                                                     -3.694    -2.011 r  c50/inst/mmcm_adv_inst/CLKOUT0
                         net (fo=1, routed)           1.923    -0.088    c50/inst/clk_out1_clk_50
    BUFGCTRL_X0Y1        BUFG (Prop_bufg_I_O)         0.091     0.003 r  c50/inst/clkout1_buf/O
                         net (fo=16, routed)          1.547     1.550    <hidden>
    RAMB36_X0Y15         RAMB36E1                                     r  <hidden>
  -------------------------------------------------------------------    -------------------
    RAMB36_X0Y15         RAMB36E1 (Prop_ramb36e1_CLKARDCLK_DOADO[0])
                                                      0.468     2.018 r  <hidden>
                         net (fo=9, routed)           3.998     6.016    Control_path/v1/b1/aram_dout[3]
    SLICE_X3Y81          FDRE                                         r  Control_path/v1/b1/cu_reg[3]/D
  -------------------------------------------------------------------    -------------------

                         (clock sys_clk_pin rise edge)
                                                      0.000     0.000 r  
    E3                                                0.000     0.000 r  clk (IN)
                         net (fo=0)                   0.000     0.000    clk
    E3                   IBUF (Prop_ibuf_I_O)         1.482     1.482 r  clk_IBUF_inst/O
                         net (fo=1, routed)           2.025     3.506    clk_IBUF
    BUFGCTRL_X0Y16       BUFG (Prop_bufg_I_O)         0.096     3.602 r  clk_IBUF_BUFG_inst/O
                         net (fo=186, routed)         1.714     5.317    Control_path/v1/b1/clk
    SLICE_X3Y81          FDRE                                         r  Control_path/v1/b1/cu_reg[3]/C
                         clock pessimism              0.000     5.317    
                         clock uncertainty            0.182     5.499    
    SLICE_X3Y81          FDRE (Hold_fdre_C_D)         0.192     5.691    Control_path/v1/b1/cu_reg[3]
  -------------------------------------------------------------------
                         required time                         -5.691    
                         arrival time                           6.016    
  -------------------------------------------------------------------
                         slack                                  0.325    





--------------------------------------------------------------------------------------
Path Group:  (none)
From Clock:  clk_out1_clk_25
  To Clock:  

Max Delay            14 Endpoints
Min Delay            14 Endpoints
--------------------------------------------------------------------------------------


Max Delay Paths
--------------------------------------------------------------------------------------
Slack:                    inf
  Source:                 Control_path/U1/U2/pixel_reg_reg[3]/C
                            (rising edge-triggered cell FDCE clocked by clk_out1_clk_25  {rise@0.000ns fall@20.000ns period=40.000ns})
  Destination:            vsync
                            (output port)
  Path Group:             (none)
  Path Type:              Max at Slow Process Corner
  Data Path Delay:        15.110ns  (logic 4.407ns (29.169%)  route 10.702ns (70.831%))
  Logic Levels:           3  (LUT4=1 LUT6=1 OBUF=1)
  Clock Uncertainty:      0.199ns  ((TSJ^2 + DJ^2)^1/2) / 2 + PE
    Total System Jitter     (TSJ):    0.050ns
    Discrete Jitter          (DJ):    0.182ns
    Phase Error              (PE):    0.104ns

    Location             Delay type                Incr(ns)  Path(ns)    Netlist Resource(s)
  -------------------------------------------------------------------    -------------------
                         (clock clk_out1_clk_25 rise edge)
                                                      0.000     0.000 r  
    BUFGCTRL_X0Y16       BUFG                         0.000     0.000 r  clk_IBUF_BUFG_inst/O
                         net (fo=186, routed)         1.636     1.636    c25/inst/clk_in1
    MMCME2_ADV_X0Y1      MMCME2_ADV (Prop_mmcme2_adv_CLKIN1_CLKOUT0)
                                                     -3.441    -1.804 r  c25/inst/mmcm_adv_inst/CLKOUT0
                         net (fo=1, routed)           1.710    -0.094    c25/inst/clk_out1_clk_25
    BUFGCTRL_X0Y0        BUFG (Prop_bufg_I_O)         0.096     0.002 r  c25/inst/clkout1_buf/O
                         net (fo=40, routed)          1.634     1.636    Control_path/U1/U2/CLK
    SLICE_X11Y81         FDCE                                         r  Control_path/U1/U2/pixel_reg_reg[3]/C
  -------------------------------------------------------------------    -------------------
    SLICE_X11Y81         FDCE (Prop_fdce_C_Q)         0.419     2.055 r  Control_path/U1/U2/pixel_reg_reg[3]/Q
                         net (fo=22, routed)          5.841     7.896    Control_path/U1/U2/Q[3]
    SLICE_X11Y82         LUT4 (Prop_lut4_I0_O)        0.299     8.195 f  Control_path/U1/U2/vsync_OBUF_inst_i_3/O
                         net (fo=1, routed)           0.807     9.002    Control_path/U1/U2/vsync_OBUF_inst_i_3_n_0
    SLICE_X12Y82         LUT6 (Prop_lut6_I5_O)        0.124     9.126 r  Control_path/U1/U2/vsync_OBUF_inst_i_1/O
                         net (fo=1, routed)           4.055    13.181    vsync_OBUF
    B12                  OBUF (Prop_obuf_I_O)         3.565    16.746 r  vsync_OBUF_inst/O
                         net (fo=0)                   0.000    16.746    vsync
    B12                                                               r  vsync (OUT)
  -------------------------------------------------------------------    -------------------

Slack:                    inf
  Source:                 Control_path/U1/U1/pixel_reg_reg[2]/C
                            (rising edge-triggered cell FDCE clocked by clk_out1_clk_25  {rise@0.000ns fall@20.000ns period=40.000ns})
  Destination:            hsync
                            (output port)
  Path Group:             (none)
  Path Type:              Max at Slow Process Corner
  Data Path Delay:        14.143ns  (logic 4.563ns (32.260%)  route 9.580ns (67.740%))
  Logic Levels:           3  (LUT5=1 LUT6=1 OBUF=1)
  Clock Uncertainty:      0.199ns  ((TSJ^2 + DJ^2)^1/2) / 2 + PE
    Total System Jitter     (TSJ):    0.050ns
    Discrete Jitter          (DJ):    0.182ns
    Phase Error              (PE):    0.104ns

    Location             Delay type                Incr(ns)  Path(ns)    Netlist Resource(s)
  -------------------------------------------------------------------    -------------------
                         (clock clk_out1_clk_25 rise edge)
                                                      0.000     0.000 r  
    BUFGCTRL_X0Y16       BUFG                         0.000     0.000 r  clk_IBUF_BUFG_inst/O
                         net (fo=186, routed)         1.636     1.636    c25/inst/clk_in1
    MMCME2_ADV_X0Y1      MMCME2_ADV (Prop_mmcme2_adv_CLKIN1_CLKOUT0)
                                                     -3.441    -1.804 r  c25/inst/mmcm_adv_inst/CLKOUT0
                         net (fo=1, routed)           1.710    -0.094    c25/inst/clk_out1_clk_25
    BUFGCTRL_X0Y0        BUFG (Prop_bufg_I_O)         0.096     0.002 r  c25/inst/clkout1_buf/O
                         net (fo=40, routed)          1.631     1.633    Control_path/U1/U1/CLK
    SLICE_X8Y79          FDCE                                         r  Control_path/U1/U1/pixel_reg_reg[2]/C
  -------------------------------------------------------------------    -------------------
    SLICE_X8Y79          FDCE (Prop_fdce_C_Q)         0.518     2.151 f  Control_path/U1/U1/pixel_reg_reg[2]/Q
                         net (fo=23, routed)          4.933     7.084    Control_path/U1/U1/Q[2]
    SLICE_X9Y81          LUT5 (Prop_lut5_I1_O)        0.153     7.237 f  Control_path/U1/U1/hsync_OBUF_inst_i_3/O
                         net (fo=1, routed)           0.674     7.911    Control_path/U1/U1/hsync_OBUF_inst_i_3_n_0
    SLICE_X9Y81          LUT6 (Prop_lut6_I5_O)        0.327     8.238 r  Control_path/U1/U1/hsync_OBUF_inst_i_1/O
                         net (fo=1, routed)           3.973    12.212    hsync_OBUF
    B11                  OBUF (Prop_obuf_I_O)         3.565    15.776 r  hsync_OBUF_inst/O
                         net (fo=0)                   0.000    15.776    hsync
    B11                                                               r  hsync (OUT)
  -------------------------------------------------------------------    -------------------

Slack:                    inf
  Source:                 Control_path/VGA_R_reg[0]_lopt_replica_2/C
                            (rising edge-triggered cell FDRE clocked by clk_out1_clk_25  {rise@0.000ns fall@20.000ns period=40.000ns})
  Destination:            VGA_G[0]
                            (output port)
  Path Group:             (none)
  Path Type:              Max at Slow Process Corner
  Data Path Delay:        9.137ns  (logic 4.056ns (44.391%)  route 5.081ns (55.609%))
  Logic Levels:           1  (OBUF=1)
  Clock Uncertainty:      0.199ns  ((TSJ^2 + DJ^2)^1/2) / 2 + PE
    Total System Jitter     (TSJ):    0.050ns
    Discrete Jitter          (DJ):    0.182ns
    Phase Error              (PE):    0.104ns

    Location             Delay type                Incr(ns)  Path(ns)    Netlist Resource(s)
  -------------------------------------------------------------------    -------------------
                         (clock clk_out1_clk_25 rise edge)
                                                      0.000     0.000 r  
    BUFGCTRL_X0Y16       BUFG                         0.000     0.000 r  clk_IBUF_BUFG_inst/O
                         net (fo=186, routed)         1.636     1.636    c25/inst/clk_in1
    MMCME2_ADV_X0Y1      MMCME2_ADV (Prop_mmcme2_adv_CLKIN1_CLKOUT0)
                                                     -3.441    -1.804 r  c25/inst/mmcm_adv_inst/CLKOUT0
                         net (fo=1, routed)           1.710    -0.094    c25/inst/clk_out1_clk_25
    BUFGCTRL_X0Y0        BUFG (Prop_bufg_I_O)         0.096     0.002 r  c25/inst/clkout1_buf/O
                         net (fo=40, routed)          1.632     1.634    Control_path/CLK
    SLICE_X8Y103         FDRE                                         r  Control_path/VGA_R_reg[0]_lopt_replica_2/C
  -------------------------------------------------------------------    -------------------
    SLICE_X8Y103         FDRE (Prop_fdre_C_Q)         0.518     2.152 r  Control_path/VGA_R_reg[0]_lopt_replica_2/Q
                         net (fo=1, routed)           5.081     7.233    lopt_1
    C6                   OBUF (Prop_obuf_I_O)         3.538    10.771 r  VGA_G_OBUF[0]_inst/O
                         net (fo=0)                   0.000    10.771    VGA_G[0]
    C6                                                                r  VGA_G[0] (OUT)
  -------------------------------------------------------------------    -------------------

Slack:                    inf
  Source:                 Control_path/VGA_R_reg[0]_lopt_replica/C
                            (rising edge-triggered cell FDRE clocked by clk_out1_clk_25  {rise@0.000ns fall@20.000ns period=40.000ns})
  Destination:            VGA_B[0]
                            (output port)
  Path Group:             (none)
  Path Type:              Max at Slow Process Corner
  Data Path Delay:        9.108ns  (logic 4.065ns (44.632%)  route 5.043ns (55.368%))
  Logic Levels:           1  (OBUF=1)
  Clock Uncertainty:      0.199ns  ((TSJ^2 + DJ^2)^1/2) / 2 + PE
    Total System Jitter     (TSJ):    0.050ns
    Discrete Jitter          (DJ):    0.182ns
    Phase Error              (PE):    0.104ns

    Location             Delay type                Incr(ns)  Path(ns)    Netlist Resource(s)
  -------------------------------------------------------------------    -------------------
                         (clock clk_out1_clk_25 rise edge)
                                                      0.000     0.000 r  
    BUFGCTRL_X0Y16       BUFG                         0.000     0.000 r  clk_IBUF_BUFG_inst/O
                         net (fo=186, routed)         1.636     1.636    c25/inst/clk_in1
    MMCME2_ADV_X0Y1      MMCME2_ADV (Prop_mmcme2_adv_CLKIN1_CLKOUT0)
                                                     -3.441    -1.804 r  c25/inst/mmcm_adv_inst/CLKOUT0
                         net (fo=1, routed)           1.710    -0.094    c25/inst/clk_out1_clk_25
    BUFGCTRL_X0Y0        BUFG (Prop_bufg_I_O)         0.096     0.002 r  c25/inst/clkout1_buf/O
                         net (fo=40, routed)          1.632     1.634    Control_path/CLK
    SLICE_X8Y103         FDRE                                         r  Control_path/VGA_R_reg[0]_lopt_replica/C
  -------------------------------------------------------------------    -------------------
    SLICE_X8Y103         FDRE (Prop_fdre_C_Q)         0.518     2.152 r  Control_path/VGA_R_reg[0]_lopt_replica/Q
                         net (fo=1, routed)           5.043     7.195    lopt
    B7                   OBUF (Prop_obuf_I_O)         3.547    10.742 r  VGA_B_OBUF[0]_inst/O
                         net (fo=0)                   0.000    10.742    VGA_B[0]
    B7                                                                r  VGA_B[0] (OUT)
  -------------------------------------------------------------------    -------------------

Slack:                    inf
  Source:                 Control_path/VGA_R_reg[2]_lopt_replica_2/C
                            (rising edge-triggered cell FDRE clocked by clk_out1_clk_25  {rise@0.000ns fall@20.000ns period=40.000ns})
  Destination:            VGA_G[2]
                            (output port)
  Path Group:             (none)
  Path Type:              Max at Slow Process Corner
  Data Path Delay:        9.063ns  (logic 4.002ns (44.161%)  route 5.061ns (55.839%))
  Logic Levels:           1  (OBUF=1)
  Clock Uncertainty:      0.199ns  ((TSJ^2 + DJ^2)^1/2) / 2 + PE
    Total System Jitter     (TSJ):    0.050ns
    Discrete Jitter          (DJ):    0.182ns
    Phase Error              (PE):    0.104ns

    Location             Delay type                Incr(ns)  Path(ns)    Netlist Resource(s)
  -------------------------------------------------------------------    -------------------
                         (clock clk_out1_clk_25 rise edge)
                                                      0.000     0.000 r  
    BUFGCTRL_X0Y16       BUFG                         0.000     0.000 r  clk_IBUF_BUFG_inst/O
                         net (fo=186, routed)         1.636     1.636    c25/inst/clk_in1
    MMCME2_ADV_X0Y1      MMCME2_ADV (Prop_mmcme2_adv_CLKIN1_CLKOUT0)
                                                     -3.441    -1.804 r  c25/inst/mmcm_adv_inst/CLKOUT0
                         net (fo=1, routed)           1.710    -0.094    c25/inst/clk_out1_clk_25
    BUFGCTRL_X0Y0        BUFG (Prop_bufg_I_O)         0.096     0.002 r  c25/inst/clkout1_buf/O
                         net (fo=40, routed)          1.634     1.636    Control_path/CLK
    SLICE_X11Y102        FDRE                                         r  Control_path/VGA_R_reg[2]_lopt_replica_2/C
  -------------------------------------------------------------------    -------------------
    SLICE_X11Y102        FDRE (Prop_fdre_C_Q)         0.456     2.092 r  Control_path/VGA_R_reg[2]_lopt_replica_2/Q
                         net (fo=1, routed)           5.061     7.153    lopt_7
    B6                   OBUF (Prop_obuf_I_O)         3.546    10.699 r  VGA_G_OBUF[2]_inst/O
                         net (fo=0)                   0.000    10.699    VGA_G[2]
    B6                                                                r  VGA_G[2] (OUT)
  -------------------------------------------------------------------    -------------------

Slack:                    inf
  Source:                 Control_path/VGA_R_reg[2]/C
                            (rising edge-triggered cell FDRE clocked by clk_out1_clk_25  {rise@0.000ns fall@20.000ns period=40.000ns})
  Destination:            VGA_R[2]
                            (output port)
  Path Group:             (none)
  Path Type:              Max at Slow Process Corner
  Data Path Delay:        9.015ns  (logic 3.991ns (44.275%)  route 5.023ns (55.725%))
  Logic Levels:           1  (OBUF=1)
  Clock Uncertainty:      0.199ns  ((TSJ^2 + DJ^2)^1/2) / 2 + PE
    Total System Jitter     (TSJ):    0.050ns
    Discrete Jitter          (DJ):    0.182ns
    Phase Error              (PE):    0.104ns

    Location             Delay type                Incr(ns)  Path(ns)    Netlist Resource(s)
  -------------------------------------------------------------------    -------------------
                         (clock clk_out1_clk_25 rise edge)
                                                      0.000     0.000 r  
    BUFGCTRL_X0Y16       BUFG                         0.000     0.000 r  clk_IBUF_BUFG_inst/O
                         net (fo=186, routed)         1.636     1.636    c25/inst/clk_in1
    MMCME2_ADV_X0Y1      MMCME2_ADV (Prop_mmcme2_adv_CLKIN1_CLKOUT0)
                                                     -3.441    -1.804 r  c25/inst/mmcm_adv_inst/CLKOUT0
                         net (fo=1, routed)           1.710    -0.094    c25/inst/clk_out1_clk_25
    BUFGCTRL_X0Y0        BUFG (Prop_bufg_I_O)         0.096     0.002 r  c25/inst/clkout1_buf/O
                         net (fo=40, routed)          1.634     1.636    Control_path/CLK
    SLICE_X11Y102        FDRE                                         r  Control_path/VGA_R_reg[2]/C
  -------------------------------------------------------------------    -------------------
    SLICE_X11Y102        FDRE (Prop_fdre_C_Q)         0.456     2.092 r  Control_path/VGA_R_reg[2]/Q
                         net (fo=1, routed)           5.023     7.115    VGA_B_OBUF[2]
    C5                   OBUF (Prop_obuf_I_O)         3.535    10.651 r  VGA_R_OBUF[2]_inst/O
                         net (fo=0)                   0.000    10.651    VGA_R[2]
    C5                                                                r  VGA_R[2] (OUT)
  -------------------------------------------------------------------    -------------------

Slack:                    inf
  Source:                 Control_path/VGA_R_reg[1]_lopt_replica/C
                            (rising edge-triggered cell FDRE clocked by clk_out1_clk_25  {rise@0.000ns fall@20.000ns period=40.000ns})
  Destination:            VGA_B[1]
                            (output port)
  Path Group:             (none)
  Path Type:              Max at Slow Process Corner
  Data Path Delay:        8.993ns  (logic 4.007ns (44.561%)  route 4.985ns (55.439%))
  Logic Levels:           1  (OBUF=1)
  Clock Uncertainty:      0.199ns  ((TSJ^2 + DJ^2)^1/2) / 2 + PE
    Total System Jitter     (TSJ):    0.050ns
    Discrete Jitter          (DJ):    0.182ns
    Phase Error              (PE):    0.104ns

    Location             Delay type                Incr(ns)  Path(ns)    Netlist Resource(s)
  -------------------------------------------------------------------    -------------------
                         (clock clk_out1_clk_25 rise edge)
                                                      0.000     0.000 r  
    BUFGCTRL_X0Y16       BUFG                         0.000     0.000 r  clk_IBUF_BUFG_inst/O
                         net (fo=186, routed)         1.636     1.636    c25/inst/clk_in1
    MMCME2_ADV_X0Y1      MMCME2_ADV (Prop_mmcme2_adv_CLKIN1_CLKOUT0)
                                                     -3.441    -1.804 r  c25/inst/mmcm_adv_inst/CLKOUT0
                         net (fo=1, routed)           1.710    -0.094    c25/inst/clk_out1_clk_25
    BUFGCTRL_X0Y0        BUFG (Prop_bufg_I_O)         0.096     0.002 r  c25/inst/clkout1_buf/O
                         net (fo=40, routed)          1.632     1.634    Control_path/CLK
    SLICE_X9Y103         FDRE                                         r  Control_path/VGA_R_reg[1]_lopt_replica/C
  -------------------------------------------------------------------    -------------------
    SLICE_X9Y103         FDRE (Prop_fdre_C_Q)         0.456     2.090 r  Control_path/VGA_R_reg[1]_lopt_replica/Q
                         net (fo=1, routed)           4.985     7.075    lopt_3
    C7                   OBUF (Prop_obuf_I_O)         3.551    10.627 r  VGA_B_OBUF[1]_inst/O
                         net (fo=0)                   0.000    10.627    VGA_B[1]
    C7                                                                r  VGA_B[1] (OUT)
  -------------------------------------------------------------------    -------------------

Slack:                    inf
  Source:                 Control_path/VGA_R_reg[3]_lopt_replica/C
                            (rising edge-triggered cell FDRE clocked by clk_out1_clk_25  {rise@0.000ns fall@20.000ns period=40.000ns})
  Destination:            VGA_B[3]
                            (output port)
  Path Group:             (none)
  Path Type:              Max at Slow Process Corner
  Data Path Delay:        8.959ns  (logic 4.070ns (45.422%)  route 4.890ns (54.578%))
  Logic Levels:           1  (OBUF=1)
  Clock Uncertainty:      0.199ns  ((TSJ^2 + DJ^2)^1/2) / 2 + PE
    Total System Jitter     (TSJ):    0.050ns
    Discrete Jitter          (DJ):    0.182ns
    Phase Error              (PE):    0.104ns

    Location             Delay type                Incr(ns)  Path(ns)    Netlist Resource(s)
  -------------------------------------------------------------------    -------------------
                         (clock clk_out1_clk_25 rise edge)
                                                      0.000     0.000 r  
    BUFGCTRL_X0Y16       BUFG                         0.000     0.000 r  clk_IBUF_BUFG_inst/O
                         net (fo=186, routed)         1.636     1.636    c25/inst/clk_in1
    MMCME2_ADV_X0Y1      MMCME2_ADV (Prop_mmcme2_adv_CLKIN1_CLKOUT0)
                                                     -3.441    -1.804 r  c25/inst/mmcm_adv_inst/CLKOUT0
                         net (fo=1, routed)           1.710    -0.094    c25/inst/clk_out1_clk_25
    BUFGCTRL_X0Y0        BUFG (Prop_bufg_I_O)         0.096     0.002 r  c25/inst/clkout1_buf/O
                         net (fo=40, routed)          1.634     1.636    Control_path/CLK
    SLICE_X10Y102        FDRE                                         r  Control_path/VGA_R_reg[3]_lopt_replica/C
  -------------------------------------------------------------------    -------------------
    SLICE_X10Y102        FDRE (Prop_fdre_C_Q)         0.518     2.154 r  Control_path/VGA_R_reg[3]_lopt_replica/Q
                         net (fo=1, routed)           4.890     7.044    lopt_9
    D8                   OBUF (Prop_obuf_I_O)         3.552    10.595 r  VGA_B_OBUF[3]_inst/O
                         net (fo=0)                   0.000    10.595    VGA_B[3]
    D8                                                                r  VGA_B[3] (OUT)
  -------------------------------------------------------------------    -------------------

Slack:                    inf
  Source:                 Control_path/VGA_R_reg[3]_lopt_replica_2/C
                            (rising edge-triggered cell FDRE clocked by clk_out1_clk_25  {rise@0.000ns fall@20.000ns period=40.000ns})
  Destination:            VGA_G[3]
                            (output port)
  Path Group:             (none)
  Path Type:              Max at Slow Process Corner
  Data Path Delay:        8.956ns  (logic 4.064ns (45.382%)  route 4.892ns (54.618%))
  Logic Levels:           1  (OBUF=1)
  Clock Uncertainty:      0.199ns  ((TSJ^2 + DJ^2)^1/2) / 2 + PE
    Total System Jitter     (TSJ):    0.050ns
    Discrete Jitter          (DJ):    0.182ns
    Phase Error              (PE):    0.104ns

    Location             Delay type                Incr(ns)  Path(ns)    Netlist Resource(s)
  -------------------------------------------------------------------    -------------------
                         (clock clk_out1_clk_25 rise edge)
                                                      0.000     0.000 r  
    BUFGCTRL_X0Y16       BUFG                         0.000     0.000 r  clk_IBUF_BUFG_inst/O
                         net (fo=186, routed)         1.636     1.636    c25/inst/clk_in1
    MMCME2_ADV_X0Y1      MMCME2_ADV (Prop_mmcme2_adv_CLKIN1_CLKOUT0)
                                                     -3.441    -1.804 r  c25/inst/mmcm_adv_inst/CLKOUT0
                         net (fo=1, routed)           1.710    -0.094    c25/inst/clk_out1_clk_25
    BUFGCTRL_X0Y0        BUFG (Prop_bufg_I_O)         0.096     0.002 r  c25/inst/clkout1_buf/O
                         net (fo=40, routed)          1.634     1.636    Control_path/CLK
    SLICE_X10Y102        FDRE                                         r  Control_path/VGA_R_reg[3]_lopt_replica_2/C
  -------------------------------------------------------------------    -------------------
    SLICE_X10Y102        FDRE (Prop_fdre_C_Q)         0.518     2.154 r  Control_path/VGA_R_reg[3]_lopt_replica_2/Q
                         net (fo=1, routed)           4.892     7.046    lopt_10
    A6                   OBUF (Prop_obuf_I_O)         3.546    10.592 r  VGA_G_OBUF[3]_inst/O
                         net (fo=0)                   0.000    10.592    VGA_G[3]
    A6                                                                r  VGA_G[3] (OUT)
  -------------------------------------------------------------------    -------------------

Slack:                    inf
  Source:                 Control_path/VGA_R_reg[1]_lopt_replica_2/C
                            (rising edge-triggered cell FDRE clocked by clk_out1_clk_25  {rise@0.000ns fall@20.000ns period=40.000ns})
  Destination:            VGA_G[1]
                            (output port)
  Path Group:             (none)
  Path Type:              Max at Slow Process Corner
  Data Path Delay:        8.844ns  (logic 4.001ns (45.237%)  route 4.843ns (54.763%))
  Logic Levels:           1  (OBUF=1)
  Clock Uncertainty:      0.199ns  ((TSJ^2 + DJ^2)^1/2) / 2 + PE
    Total System Jitter     (TSJ):    0.050ns
    Discrete Jitter          (DJ):    0.182ns
    Phase Error              (PE):    0.104ns

    Location             Delay type                Incr(ns)  Path(ns)    Netlist Resource(s)
  -------------------------------------------------------------------    -------------------
                         (clock clk_out1_clk_25 rise edge)
                                                      0.000     0.000 r  
    BUFGCTRL_X0Y16       BUFG                         0.000     0.000 r  clk_IBUF_BUFG_inst/O
                         net (fo=186, routed)         1.636     1.636    c25/inst/clk_in1
    MMCME2_ADV_X0Y1      MMCME2_ADV (Prop_mmcme2_adv_CLKIN1_CLKOUT0)
                                                     -3.441    -1.804 r  c25/inst/mmcm_adv_inst/CLKOUT0
                         net (fo=1, routed)           1.710    -0.094    c25/inst/clk_out1_clk_25
    BUFGCTRL_X0Y0        BUFG (Prop_bufg_I_O)         0.096     0.002 r  c25/inst/clkout1_buf/O
                         net (fo=40, routed)          1.632     1.634    Control_path/CLK
    SLICE_X9Y103         FDRE                                         r  Control_path/VGA_R_reg[1]_lopt_replica_2/C
  -------------------------------------------------------------------    -------------------
    SLICE_X9Y103         FDRE (Prop_fdre_C_Q)         0.456     2.090 r  Control_path/VGA_R_reg[1]_lopt_replica_2/Q
                         net (fo=1, routed)           4.843     6.933    lopt_4
    A5                   OBUF (Prop_obuf_I_O)         3.545    10.478 r  VGA_G_OBUF[1]_inst/O
                         net (fo=0)                   0.000    10.478    VGA_G[1]
    A5                                                                r  VGA_G[1] (OUT)
  -------------------------------------------------------------------    -------------------





Min Delay Paths
--------------------------------------------------------------------------------------
Slack:                    inf
  Source:                 Control_path/VGA_R_reg[1]/C
                            (rising edge-triggered cell FDRE clocked by clk_out1_clk_25  {rise@0.000ns fall@20.000ns period=40.000ns})
  Destination:            VGA_R[1]
                            (output port)
  Path Group:             (none)
  Path Type:              Min at Fast Process Corner
  Data Path Delay:        2.953ns  (logic 1.413ns (47.842%)  route 1.540ns (52.158%))
  Logic Levels:           1  (OBUF=1)
  Clock Uncertainty:      0.199ns  ((TSJ^2 + DJ^2)^1/2) / 2 + PE
    Total System Jitter     (TSJ):    0.050ns
    Discrete Jitter          (DJ):    0.182ns
    Phase Error              (PE):    0.104ns

    Location             Delay type                Incr(ns)  Path(ns)    Netlist Resource(s)
  -------------------------------------------------------------------    -------------------
                         (clock clk_out1_clk_25 rise edge)
                                                      0.000     0.000 r  
    BUFGCTRL_X0Y16       BUFG                         0.000     0.000 r  clk_IBUF_BUFG_inst/O
                         net (fo=186, routed)         0.558     0.558    c25/inst/clk_in1
    MMCME2_ADV_X0Y1      MMCME2_ADV (Prop_mmcme2_adv_CLKIN1_CLKOUT0)
                                                     -1.077    -0.519 r  c25/inst/mmcm_adv_inst/CLKOUT0
                         net (fo=1, routed)           0.495    -0.024    c25/inst/clk_out1_clk_25
    BUFGCTRL_X0Y0        BUFG (Prop_bufg_I_O)         0.026     0.002 r  c25/inst/clkout1_buf/O
                         net (fo=40, routed)          0.571     0.573    Control_path/CLK
    SLICE_X8Y103         FDRE                                         r  Control_path/VGA_R_reg[1]/C
  -------------------------------------------------------------------    -------------------
    SLICE_X8Y103         FDRE (Prop_fdre_C_Q)         0.164     0.737 r  Control_path/VGA_R_reg[1]/Q
                         net (fo=1, routed)           1.540     2.277    VGA_B_OBUF[1]
    B4                   OBUF (Prop_obuf_I_O)         1.249     3.526 r  VGA_R_OBUF[1]_inst/O
                         net (fo=0)                   0.000     3.526    VGA_R[1]
    B4                                                                r  VGA_R[1] (OUT)
  -------------------------------------------------------------------    -------------------

Slack:                    inf
  Source:                 Control_path/VGA_R_reg[3]/C
                            (rising edge-triggered cell FDRE clocked by clk_out1_clk_25  {rise@0.000ns fall@20.000ns period=40.000ns})
  Destination:            VGA_R[3]
                            (output port)
  Path Group:             (none)
  Path Type:              Min at Fast Process Corner
  Data Path Delay:        2.973ns  (logic 1.393ns (46.865%)  route 1.580ns (53.135%))
  Logic Levels:           1  (OBUF=1)
  Clock Uncertainty:      0.199ns  ((TSJ^2 + DJ^2)^1/2) / 2 + PE
    Total System Jitter     (TSJ):    0.050ns
    Discrete Jitter          (DJ):    0.182ns
    Phase Error              (PE):    0.104ns

    Location             Delay type                Incr(ns)  Path(ns)    Netlist Resource(s)
  -------------------------------------------------------------------    -------------------
                         (clock clk_out1_clk_25 rise edge)
                                                      0.000     0.000 r  
    BUFGCTRL_X0Y16       BUFG                         0.000     0.000 r  clk_IBUF_BUFG_inst/O
                         net (fo=186, routed)         0.558     0.558    c25/inst/clk_in1
    MMCME2_ADV_X0Y1      MMCME2_ADV (Prop_mmcme2_adv_CLKIN1_CLKOUT0)
                                                     -1.077    -0.519 r  c25/inst/mmcm_adv_inst/CLKOUT0
                         net (fo=1, routed)           0.495    -0.024    c25/inst/clk_out1_clk_25
    BUFGCTRL_X0Y0        BUFG (Prop_bufg_I_O)         0.026     0.002 r  c25/inst/clkout1_buf/O
                         net (fo=40, routed)          0.572     0.574    Control_path/CLK
    SLICE_X11Y102        FDRE                                         r  Control_path/VGA_R_reg[3]/C
  -------------------------------------------------------------------    -------------------
    SLICE_X11Y102        FDRE (Prop_fdre_C_Q)         0.141     0.715 r  Control_path/VGA_R_reg[3]/Q
                         net (fo=1, routed)           1.580     2.294    VGA_B_OBUF[3]
    A4                   OBUF (Prop_obuf_I_O)         1.252     3.546 r  VGA_R_OBUF[3]_inst/O
                         net (fo=0)                   0.000     3.546    VGA_R[3]
    A4                                                                r  VGA_R[3] (OUT)
  -------------------------------------------------------------------    -------------------

Slack:                    inf
  Source:                 Control_path/U1/U1/pixel_reg_reg[7]/C
                            (rising edge-triggered cell FDCE clocked by clk_out1_clk_25  {rise@0.000ns fall@20.000ns period=40.000ns})
  Destination:            hsync
                            (output port)
  Path Group:             (none)
  Path Type:              Min at Fast Process Corner
  Data Path Delay:        2.980ns  (logic 1.451ns (48.691%)  route 1.529ns (51.309%))
  Logic Levels:           2  (LUT6=1 OBUF=1)
  Clock Uncertainty:      0.199ns  ((TSJ^2 + DJ^2)^1/2) / 2 + PE
    Total System Jitter     (TSJ):    0.050ns
    Discrete Jitter          (DJ):    0.182ns
    Phase Error              (PE):    0.104ns

    Location             Delay type                Incr(ns)  Path(ns)    Netlist Resource(s)
  -------------------------------------------------------------------    -------------------
                         (clock clk_out1_clk_25 rise edge)
                                                      0.000     0.000 r  
    BUFGCTRL_X0Y16       BUFG                         0.000     0.000 r  clk_IBUF_BUFG_inst/O
                         net (fo=186, routed)         0.558     0.558    c25/inst/clk_in1
    MMCME2_ADV_X0Y1      MMCME2_ADV (Prop_mmcme2_adv_CLKIN1_CLKOUT0)
                                                     -1.077    -0.519 r  c25/inst/mmcm_adv_inst/CLKOUT0
                         net (fo=1, routed)           0.495    -0.024    c25/inst/clk_out1_clk_25
    BUFGCTRL_X0Y0        BUFG (Prop_bufg_I_O)         0.026     0.002 r  c25/inst/clkout1_buf/O
                         net (fo=40, routed)          0.566     0.568    Control_path/U1/U1/CLK
    SLICE_X9Y81          FDCE                                         r  Control_path/U1/U1/pixel_reg_reg[7]/C
  -------------------------------------------------------------------    -------------------
    SLICE_X9Y81          FDCE (Prop_fdce_C_Q)         0.141     0.709 f  Control_path/U1/U1/pixel_reg_reg[7]/Q
                         net (fo=21, routed)          0.160     0.868    Control_path/U1/U1/Q[7]
    SLICE_X9Y81          LUT6 (Prop_lut6_I3_O)        0.045     0.913 r  Control_path/U1/U1/hsync_OBUF_inst_i_1/O
                         net (fo=1, routed)           1.369     2.283    hsync_OBUF
    B11                  OBUF (Prop_obuf_I_O)         1.265     3.548 r  hsync_OBUF_inst/O
                         net (fo=0)                   0.000     3.548    hsync
    B11                                                               r  hsync (OUT)
  -------------------------------------------------------------------    -------------------

Slack:                    inf
  Source:                 Control_path/U1/U2/pixel_reg_reg[1]/C
                            (rising edge-triggered cell FDCE clocked by clk_out1_clk_25  {rise@0.000ns fall@20.000ns period=40.000ns})
  Destination:            vsync
                            (output port)
  Path Group:             (none)
  Path Type:              Min at Fast Process Corner
  Data Path Delay:        3.066ns  (logic 1.475ns (48.108%)  route 1.591ns (51.892%))
  Logic Levels:           2  (LUT6=1 OBUF=1)
  Clock Uncertainty:      0.199ns  ((TSJ^2 + DJ^2)^1/2) / 2 + PE
    Total System Jitter     (TSJ):    0.050ns
    Discrete Jitter          (DJ):    0.182ns
    Phase Error              (PE):    0.104ns

    Location             Delay type                Incr(ns)  Path(ns)    Netlist Resource(s)
  -------------------------------------------------------------------    -------------------
                         (clock clk_out1_clk_25 rise edge)
                                                      0.000     0.000 r  
    BUFGCTRL_X0Y16       BUFG                         0.000     0.000 r  clk_IBUF_BUFG_inst/O
                         net (fo=186, routed)         0.558     0.558    c25/inst/clk_in1
    MMCME2_ADV_X0Y1      MMCME2_ADV (Prop_mmcme2_adv_CLKIN1_CLKOUT0)
                                                     -1.077    -0.519 r  c25/inst/mmcm_adv_inst/CLKOUT0
                         net (fo=1, routed)           0.495    -0.024    c25/inst/clk_out1_clk_25
    BUFGCTRL_X0Y0        BUFG (Prop_bufg_I_O)         0.026     0.002 r  c25/inst/clkout1_buf/O
                         net (fo=40, routed)          0.566     0.568    Control_path/U1/U2/CLK
    SLICE_X12Y81         FDCE                                         r  Control_path/U1/U2/pixel_reg_reg[1]/C
  -------------------------------------------------------------------    -------------------
    SLICE_X12Y81         FDCE (Prop_fdce_C_Q)         0.164     0.732 r  Control_path/U1/U2/pixel_reg_reg[1]/Q
                         net (fo=24, routed)          0.173     0.904    Control_path/U1/U2/Q[1]
    SLICE_X12Y82         LUT6 (Prop_lut6_I0_O)        0.045     0.949 r  Control_path/U1/U2/vsync_OBUF_inst_i_1/O
                         net (fo=1, routed)           1.418     2.367    vsync_OBUF
    B12                  OBUF (Prop_obuf_I_O)         1.266     3.633 r  vsync_OBUF_inst/O
                         net (fo=0)                   0.000     3.633    vsync
    B12                                                               r  vsync (OUT)
  -------------------------------------------------------------------    -------------------

Slack:                    inf
  Source:                 Control_path/VGA_R_reg[2]_lopt_replica/C
                            (rising edge-triggered cell FDRE clocked by clk_out1_clk_25  {rise@0.000ns fall@20.000ns period=40.000ns})
  Destination:            VGA_B[2]
                            (output port)
  Path Group:             (none)
  Path Type:              Min at Fast Process Corner
  Data Path Delay:        3.072ns  (logic 1.365ns (44.447%)  route 1.707ns (55.553%))
  Logic Levels:           1  (OBUF=1)
  Clock Uncertainty:      0.199ns  ((TSJ^2 + DJ^2)^1/2) / 2 + PE
    Total System Jitter     (TSJ):    0.050ns
    Discrete Jitter          (DJ):    0.182ns
    Phase Error              (PE):    0.104ns

    Location             Delay type                Incr(ns)  Path(ns)    Netlist Resource(s)
  -------------------------------------------------------------------    -------------------
                         (clock clk_out1_clk_25 rise edge)
                                                      0.000     0.000 r  
    BUFGCTRL_X0Y16       BUFG                         0.000     0.000 r  clk_IBUF_BUFG_inst/O
                         net (fo=186, routed)         0.558     0.558    c25/inst/clk_in1
    MMCME2_ADV_X0Y1      MMCME2_ADV (Prop_mmcme2_adv_CLKIN1_CLKOUT0)
                                                     -1.077    -0.519 r  c25/inst/mmcm_adv_inst/CLKOUT0
                         net (fo=1, routed)           0.495    -0.024    c25/inst/clk_out1_clk_25
    BUFGCTRL_X0Y0        BUFG (Prop_bufg_I_O)         0.026     0.002 r  c25/inst/clkout1_buf/O
                         net (fo=40, routed)          0.572     0.574    Control_path/CLK
    SLICE_X11Y102        FDRE                                         r  Control_path/VGA_R_reg[2]_lopt_replica/C
  -------------------------------------------------------------------    -------------------
    SLICE_X11Y102        FDRE (Prop_fdre_C_Q)         0.141     0.715 r  Control_path/VGA_R_reg[2]_lopt_replica/Q
                         net (fo=1, routed)           1.707     2.421    lopt_6
    D7                   OBUF (Prop_obuf_I_O)         1.224     3.646 r  VGA_B_OBUF[2]_inst/O
                         net (fo=0)                   0.000     3.646    VGA_B[2]
    D7                                                                r  VGA_B[2] (OUT)
  -------------------------------------------------------------------    -------------------

Slack:                    inf
  Source:                 Control_path/VGA_R_reg[0]/C
                            (rising edge-triggered cell FDRE clocked by clk_out1_clk_25  {rise@0.000ns fall@20.000ns period=40.000ns})
  Destination:            VGA_R[0]
                            (output port)
  Path Group:             (none)
  Path Type:              Min at Fast Process Corner
  Data Path Delay:        3.186ns  (logic 1.418ns (44.516%)  route 1.768ns (55.484%))
  Logic Levels:           1  (OBUF=1)
  Clock Uncertainty:      0.199ns  ((TSJ^2 + DJ^2)^1/2) / 2 + PE
    Total System Jitter     (TSJ):    0.050ns
    Discrete Jitter          (DJ):    0.182ns
    Phase Error              (PE):    0.104ns

    Location             Delay type                Incr(ns)  Path(ns)    Netlist Resource(s)
  -------------------------------------------------------------------    -------------------
                         (clock clk_out1_clk_25 rise edge)
                                                      0.000     0.000 r  
    BUFGCTRL_X0Y16       BUFG                         0.000     0.000 r  clk_IBUF_BUFG_inst/O
                         net (fo=186, routed)         0.558     0.558    c25/inst/clk_in1
    MMCME2_ADV_X0Y1      MMCME2_ADV (Prop_mmcme2_adv_CLKIN1_CLKOUT0)
                                                     -1.077    -0.519 r  c25/inst/mmcm_adv_inst/CLKOUT0
                         net (fo=1, routed)           0.495    -0.024    c25/inst/clk_out1_clk_25
    BUFGCTRL_X0Y0        BUFG (Prop_bufg_I_O)         0.026     0.002 r  c25/inst/clkout1_buf/O
                         net (fo=40, routed)          0.571     0.573    Control_path/CLK
    SLICE_X8Y103         FDRE                                         r  Control_path/VGA_R_reg[0]/C
  -------------------------------------------------------------------    -------------------
    SLICE_X8Y103         FDRE (Prop_fdre_C_Q)         0.164     0.737 r  Control_path/VGA_R_reg[0]/Q
                         net (fo=1, routed)           1.768     2.505    VGA_B_OBUF[0]
    A3                   OBUF (Prop_obuf_I_O)         1.254     3.759 r  VGA_R_OBUF[0]_inst/O
                         net (fo=0)                   0.000     3.759    VGA_R[0]
    A3                                                                r  VGA_R[0] (OUT)
  -------------------------------------------------------------------    -------------------

Slack:                    inf
  Source:                 Control_path/VGA_R_reg[1]_lopt_replica_2/C
                            (rising edge-triggered cell FDRE clocked by clk_out1_clk_25  {rise@0.000ns fall@20.000ns period=40.000ns})
  Destination:            VGA_G[1]
                            (output port)
  Path Group:             (none)
  Path Type:              Min at Fast Process Corner
  Data Path Delay:        3.215ns  (logic 1.386ns (43.117%)  route 1.829ns (56.883%))
  Logic Levels:           1  (OBUF=1)
  Clock Uncertainty:      0.199ns  ((TSJ^2 + DJ^2)^1/2) / 2 + PE
    Total System Jitter     (TSJ):    0.050ns
    Discrete Jitter          (DJ):    0.182ns
    Phase Error              (PE):    0.104ns

    Location             Delay type                Incr(ns)  Path(ns)    Netlist Resource(s)
  -------------------------------------------------------------------    -------------------
                         (clock clk_out1_clk_25 rise edge)
                                                      0.000     0.000 r  
    BUFGCTRL_X0Y16       BUFG                         0.000     0.000 r  clk_IBUF_BUFG_inst/O
                         net (fo=186, routed)         0.558     0.558    c25/inst/clk_in1
    MMCME2_ADV_X0Y1      MMCME2_ADV (Prop_mmcme2_adv_CLKIN1_CLKOUT0)
                                                     -1.077    -0.519 r  c25/inst/mmcm_adv_inst/CLKOUT0
                         net (fo=1, routed)           0.495    -0.024    c25/inst/clk_out1_clk_25
    BUFGCTRL_X0Y0        BUFG (Prop_bufg_I_O)         0.026     0.002 r  c25/inst/clkout1_buf/O
                         net (fo=40, routed)          0.571     0.573    Control_path/CLK
    SLICE_X9Y103         FDRE                                         r  Control_path/VGA_R_reg[1]_lopt_replica_2/C
  -------------------------------------------------------------------    -------------------
    SLICE_X9Y103         FDRE (Prop_fdre_C_Q)         0.141     0.714 r  Control_path/VGA_R_reg[1]_lopt_replica_2/Q
                         net (fo=1, routed)           1.829     2.543    lopt_4
    A5                   OBUF (Prop_obuf_I_O)         1.245     3.788 r  VGA_G_OBUF[1]_inst/O
                         net (fo=0)                   0.000     3.788    VGA_G[1]
    A5                                                                r  VGA_G[1] (OUT)
  -------------------------------------------------------------------    -------------------

Slack:                    inf
  Source:                 Control_path/VGA_R_reg[1]_lopt_replica/C
                            (rising edge-triggered cell FDRE clocked by clk_out1_clk_25  {rise@0.000ns fall@20.000ns period=40.000ns})
  Destination:            VGA_B[1]
                            (output port)
  Path Group:             (none)
  Path Type:              Min at Fast Process Corner
  Data Path Delay:        3.272ns  (logic 1.393ns (42.567%)  route 1.879ns (57.433%))
  Logic Levels:           1  (OBUF=1)
  Clock Uncertainty:      0.199ns  ((TSJ^2 + DJ^2)^1/2) / 2 + PE
    Total System Jitter     (TSJ):    0.050ns
    Discrete Jitter          (DJ):    0.182ns
    Phase Error              (PE):    0.104ns

    Location             Delay type                Incr(ns)  Path(ns)    Netlist Resource(s)
  -------------------------------------------------------------------    -------------------
                         (clock clk_out1_clk_25 rise edge)
                                                      0.000     0.000 r  
    BUFGCTRL_X0Y16       BUFG                         0.000     0.000 r  clk_IBUF_BUFG_inst/O
                         net (fo=186, routed)         0.558     0.558    c25/inst/clk_in1
    MMCME2_ADV_X0Y1      MMCME2_ADV (Prop_mmcme2_adv_CLKIN1_CLKOUT0)
                                                     -1.077    -0.519 r  c25/inst/mmcm_adv_inst/CLKOUT0
                         net (fo=1, routed)           0.495    -0.024    c25/inst/clk_out1_clk_25
    BUFGCTRL_X0Y0        BUFG (Prop_bufg_I_O)         0.026     0.002 r  c25/inst/clkout1_buf/O
                         net (fo=40, routed)          0.571     0.573    Control_path/CLK
    SLICE_X9Y103         FDRE                                         r  Control_path/VGA_R_reg[1]_lopt_replica/C
  -------------------------------------------------------------------    -------------------
    SLICE_X9Y103         FDRE (Prop_fdre_C_Q)         0.141     0.714 r  Control_path/VGA_R_reg[1]_lopt_replica/Q
                         net (fo=1, routed)           1.879     2.593    lopt_3
    C7                   OBUF (Prop_obuf_I_O)         1.252     3.845 r  VGA_B_OBUF[1]_inst/O
                         net (fo=0)                   0.000     3.845    VGA_B[1]
    C7                                                                r  VGA_B[1] (OUT)
  -------------------------------------------------------------------    -------------------

Slack:                    inf
  Source:                 Control_path/VGA_R_reg[2]/C
                            (rising edge-triggered cell FDRE clocked by clk_out1_clk_25  {rise@0.000ns fall@20.000ns period=40.000ns})
  Destination:            VGA_R[2]
                            (output port)
  Path Group:             (none)
  Path Type:              Min at Fast Process Corner
  Data Path Delay:        3.276ns  (logic 1.377ns (42.028%)  route 1.899ns (57.972%))
  Logic Levels:           1  (OBUF=1)
  Clock Uncertainty:      0.199ns  ((TSJ^2 + DJ^2)^1/2) / 2 + PE
    Total System Jitter     (TSJ):    0.050ns
    Discrete Jitter          (DJ):    0.182ns
    Phase Error              (PE):    0.104ns

    Location             Delay type                Incr(ns)  Path(ns)    Netlist Resource(s)
  -------------------------------------------------------------------    -------------------
                         (clock clk_out1_clk_25 rise edge)
                                                      0.000     0.000 r  
    BUFGCTRL_X0Y16       BUFG                         0.000     0.000 r  clk_IBUF_BUFG_inst/O
                         net (fo=186, routed)         0.558     0.558    c25/inst/clk_in1
    MMCME2_ADV_X0Y1      MMCME2_ADV (Prop_mmcme2_adv_CLKIN1_CLKOUT0)
                                                     -1.077    -0.519 r  c25/inst/mmcm_adv_inst/CLKOUT0
                         net (fo=1, routed)           0.495    -0.024    c25/inst/clk_out1_clk_25
    BUFGCTRL_X0Y0        BUFG (Prop_bufg_I_O)         0.026     0.002 r  c25/inst/clkout1_buf/O
                         net (fo=40, routed)          0.572     0.574    Control_path/CLK
    SLICE_X11Y102        FDRE                                         r  Control_path/VGA_R_reg[2]/C
  -------------------------------------------------------------------    -------------------
    SLICE_X11Y102        FDRE (Prop_fdre_C_Q)         0.141     0.715 r  Control_path/VGA_R_reg[2]/Q
                         net (fo=1, routed)           1.899     2.614    VGA_B_OBUF[2]
    C5                   OBUF (Prop_obuf_I_O)         1.236     3.850 r  VGA_R_OBUF[2]_inst/O
                         net (fo=0)                   0.000     3.850    VGA_R[2]
    C5                                                                r  VGA_R[2] (OUT)
  -------------------------------------------------------------------    -------------------

Slack:                    inf
  Source:                 Control_path/VGA_R_reg[3]_lopt_replica_2/C
                            (rising edge-triggered cell FDRE clocked by clk_out1_clk_25  {rise@0.000ns fall@20.000ns period=40.000ns})
  Destination:            VGA_G[3]
                            (output port)
  Path Group:             (none)
  Path Type:              Min at Fast Process Corner
  Data Path Delay:        3.277ns  (logic 1.411ns (43.065%)  route 1.866ns (56.935%))
  Logic Levels:           1  (OBUF=1)
  Clock Uncertainty:      0.199ns  ((TSJ^2 + DJ^2)^1/2) / 2 + PE
    Total System Jitter     (TSJ):    0.050ns
    Discrete Jitter          (DJ):    0.182ns
    Phase Error              (PE):    0.104ns

    Location             Delay type                Incr(ns)  Path(ns)    Netlist Resource(s)
  -------------------------------------------------------------------    -------------------
                         (clock clk_out1_clk_25 rise edge)
                                                      0.000     0.000 r  
    BUFGCTRL_X0Y16       BUFG                         0.000     0.000 r  clk_IBUF_BUFG_inst/O
                         net (fo=186, routed)         0.558     0.558    c25/inst/clk_in1
    MMCME2_ADV_X0Y1      MMCME2_ADV (Prop_mmcme2_adv_CLKIN1_CLKOUT0)
                                                     -1.077    -0.519 r  c25/inst/mmcm_adv_inst/CLKOUT0
                         net (fo=1, routed)           0.495    -0.024    c25/inst/clk_out1_clk_25
    BUFGCTRL_X0Y0        BUFG (Prop_bufg_I_O)         0.026     0.002 r  c25/inst/clkout1_buf/O
                         net (fo=40, routed)          0.572     0.574    Control_path/CLK
    SLICE_X10Y102        FDRE                                         r  Control_path/VGA_R_reg[3]_lopt_replica_2/C
  -------------------------------------------------------------------    -------------------
    SLICE_X10Y102        FDRE (Prop_fdre_C_Q)         0.164     0.738 r  Control_path/VGA_R_reg[3]_lopt_replica_2/Q
                         net (fo=1, routed)           1.866     2.603    lopt_10
    A6                   OBUF (Prop_obuf_I_O)         1.247     3.851 r  VGA_G_OBUF[3]_inst/O
                         net (fo=0)                   0.000     3.851    VGA_G[3]
    A6                                                                r  VGA_G[3] (OUT)
  -------------------------------------------------------------------    -------------------





--------------------------------------------------------------------------------------
Path Group:  (none)
From Clock:  sys_clk_pin
  To Clock:  

Max Delay             6 Endpoints
Min Delay             6 Endpoints
--------------------------------------------------------------------------------------


Max Delay Paths
--------------------------------------------------------------------------------------
Slack:                    inf
  Source:                 Data_path/led_1_reg[0]/C
                            (rising edge-triggered cell FDCE clocked by sys_clk_pin  {rise@0.000ns fall@5.000ns period=10.000ns})
  Destination:            led_1[0]
                            (output port)
  Path Group:             (none)
  Path Type:              Max at Slow Process Corner
  Data Path Delay:        6.446ns  (logic 4.009ns (62.185%)  route 2.438ns (37.815%))
  Logic Levels:           1  (OBUF=1)
  Clock Uncertainty:      0.025ns  ((TSJ^2 + TIJ^2)^1/2 + DJ) / 2 + PE
    Total System Jitter     (TSJ):    0.050ns
    Total Input Jitter      (TIJ):    0.000ns
    Discrete Jitter          (DJ):    0.000ns
    Phase Error              (PE):    0.000ns

    Location             Delay type                Incr(ns)  Path(ns)    Netlist Resource(s)
  -------------------------------------------------------------------    -------------------
                         (clock sys_clk_pin rise edge)
                                                      0.000     0.000 r  
    E3                                                0.000     0.000 r  clk (IN)
                         net (fo=0)                   0.000     0.000    clk
    E3                   IBUF (Prop_ibuf_I_O)         1.482     1.482 r  clk_IBUF_inst/O
                         net (fo=1, routed)           2.025     3.506    clk_IBUF
    BUFGCTRL_X0Y16       BUFG (Prop_bufg_I_O)         0.096     3.602 r  clk_IBUF_BUFG_inst/O
                         net (fo=186, routed)         1.722     5.325    Data_path/clk
    SLICE_X0Y88          FDCE                                         r  Data_path/led_1_reg[0]/C
  -------------------------------------------------------------------    -------------------
    SLICE_X0Y88          FDCE (Prop_fdce_C_Q)         0.456     5.781 r  Data_path/led_1_reg[0]/Q
                         net (fo=1, routed)           2.438     8.218    led_1_OBUF[0]
    J13                  OBUF (Prop_obuf_I_O)         3.553    11.771 r  led_1_OBUF[0]_inst/O
                         net (fo=0)                   0.000    11.771    led_1[0]
    J13                                                               r  led_1[0] (OUT)
  -------------------------------------------------------------------    -------------------

Slack:                    inf
  Source:                 Data_path/led_2_reg[1]/C
                            (rising edge-triggered cell FDCE clocked by sys_clk_pin  {rise@0.000ns fall@5.000ns period=10.000ns})
  Destination:            led_2[1]
                            (output port)
  Path Group:             (none)
  Path Type:              Max at Slow Process Corner
  Data Path Delay:        6.104ns  (logic 4.008ns (65.662%)  route 2.096ns (34.338%))
  Logic Levels:           1  (OBUF=1)
  Clock Uncertainty:      0.025ns  ((TSJ^2 + TIJ^2)^1/2 + DJ) / 2 + PE
    Total System Jitter     (TSJ):    0.050ns
    Total Input Jitter      (TIJ):    0.000ns
    Discrete Jitter          (DJ):    0.000ns
    Phase Error              (PE):    0.000ns

    Location             Delay type                Incr(ns)  Path(ns)    Netlist Resource(s)
  -------------------------------------------------------------------    -------------------
                         (clock sys_clk_pin rise edge)
                                                      0.000     0.000 r  
    E3                                                0.000     0.000 r  clk (IN)
                         net (fo=0)                   0.000     0.000    clk
    E3                   IBUF (Prop_ibuf_I_O)         1.482     1.482 r  clk_IBUF_inst/O
                         net (fo=1, routed)           2.025     3.506    clk_IBUF
    BUFGCTRL_X0Y16       BUFG (Prop_bufg_I_O)         0.096     3.602 r  clk_IBUF_BUFG_inst/O
                         net (fo=186, routed)         1.705     5.308    Data_path/clk
    SLICE_X0Y74          FDCE                                         r  Data_path/led_2_reg[1]/C
  -------------------------------------------------------------------    -------------------
    SLICE_X0Y74          FDCE (Prop_fdce_C_Q)         0.456     5.764 r  Data_path/led_2_reg[1]/Q
                         net (fo=1, routed)           2.096     7.860    led_2_OBUF[1]
    V17                  OBUF (Prop_obuf_I_O)         3.552    11.411 r  led_2_OBUF[1]_inst/O
                         net (fo=0)                   0.000    11.411    led_2[1]
    V17                                                               r  led_2[1] (OUT)
  -------------------------------------------------------------------    -------------------

Slack:                    inf
  Source:                 Data_path/led_f_reg/C
                            (rising edge-triggered cell FDCE clocked by sys_clk_pin  {rise@0.000ns fall@5.000ns period=10.000ns})
  Destination:            led_f
                            (output port)
  Path Group:             (none)
  Path Type:              Max at Slow Process Corner
  Data Path Delay:        6.052ns  (logic 3.976ns (65.698%)  route 2.076ns (34.302%))
  Logic Levels:           1  (OBUF=1)
  Clock Uncertainty:      0.025ns  ((TSJ^2 + TIJ^2)^1/2 + DJ) / 2 + PE
    Total System Jitter     (TSJ):    0.050ns
    Total Input Jitter      (TIJ):    0.000ns
    Discrete Jitter          (DJ):    0.000ns
    Phase Error              (PE):    0.000ns

    Location             Delay type                Incr(ns)  Path(ns)    Netlist Resource(s)
  -------------------------------------------------------------------    -------------------
                         (clock sys_clk_pin rise edge)
                                                      0.000     0.000 r  
    E3                                                0.000     0.000 r  clk (IN)
                         net (fo=0)                   0.000     0.000    clk
    E3                   IBUF (Prop_ibuf_I_O)         1.482     1.482 r  clk_IBUF_inst/O
                         net (fo=1, routed)           2.025     3.506    clk_IBUF
    BUFGCTRL_X0Y16       BUFG (Prop_bufg_I_O)         0.096     3.602 r  clk_IBUF_BUFG_inst/O
                         net (fo=186, routed)         1.710     5.312    Data_path/clk
    SLICE_X0Y101         FDCE                                         r  Data_path/led_f_reg/C
  -------------------------------------------------------------------    -------------------
    SLICE_X0Y101         FDCE (Prop_fdce_C_Q)         0.456     5.768 r  Data_path/led_f_reg/Q
                         net (fo=1, routed)           2.076     7.844    led_f_OBUF
    H17                  OBUF (Prop_obuf_I_O)         3.520    11.365 r  led_f_OBUF_inst/O
                         net (fo=0)                   0.000    11.365    led_f
    H17                                                               r  led_f (OUT)
  -------------------------------------------------------------------    -------------------

Slack:                    inf
  Source:                 Data_path/led_2_reg[0]/C
                            (rising edge-triggered cell FDCE clocked by sys_clk_pin  {rise@0.000ns fall@5.000ns period=10.000ns})
  Destination:            led_2[0]
                            (output port)
  Path Group:             (none)
  Path Type:              Max at Slow Process Corner
  Data Path Delay:        5.683ns  (logic 4.008ns (70.517%)  route 1.676ns (29.483%))
  Logic Levels:           1  (OBUF=1)
  Clock Uncertainty:      0.025ns  ((TSJ^2 + TIJ^2)^1/2 + DJ) / 2 + PE
    Total System Jitter     (TSJ):    0.050ns
    Total Input Jitter      (TIJ):    0.000ns
    Discrete Jitter          (DJ):    0.000ns
    Phase Error              (PE):    0.000ns

    Location             Delay type                Incr(ns)  Path(ns)    Netlist Resource(s)
  -------------------------------------------------------------------    -------------------
                         (clock sys_clk_pin rise edge)
                                                      0.000     0.000 r  
    E3                                                0.000     0.000 r  clk (IN)
                         net (fo=0)                   0.000     0.000    clk
    E3                   IBUF (Prop_ibuf_I_O)         1.482     1.482 r  clk_IBUF_inst/O
                         net (fo=1, routed)           2.025     3.506    clk_IBUF
    BUFGCTRL_X0Y16       BUFG (Prop_bufg_I_O)         0.096     3.602 r  clk_IBUF_BUFG_inst/O
                         net (fo=186, routed)         1.718     5.321    Data_path/clk
    SLICE_X0Y84          FDCE                                         r  Data_path/led_2_reg[0]/C
  -------------------------------------------------------------------    -------------------
    SLICE_X0Y84          FDCE (Prop_fdce_C_Q)         0.456     5.777 r  Data_path/led_2_reg[0]/Q
                         net (fo=1, routed)           1.676     7.452    led_2_OBUF[0]
    R18                  OBUF (Prop_obuf_I_O)         3.552    11.004 r  led_2_OBUF[0]_inst/O
                         net (fo=0)                   0.000    11.004    led_2[0]
    R18                                                               r  led_2[0] (OUT)
  -------------------------------------------------------------------    -------------------

Slack:                    inf
  Source:                 Data_path/led_1_reg[1]/C
                            (rising edge-triggered cell FDCE clocked by sys_clk_pin  {rise@0.000ns fall@5.000ns period=10.000ns})
  Destination:            led_1[1]
                            (output port)
  Path Group:             (none)
  Path Type:              Max at Slow Process Corner
  Data Path Delay:        5.682ns  (logic 4.007ns (70.511%)  route 1.676ns (29.489%))
  Logic Levels:           1  (OBUF=1)
  Clock Uncertainty:      0.025ns  ((TSJ^2 + TIJ^2)^1/2 + DJ) / 2 + PE
    Total System Jitter     (TSJ):    0.050ns
    Total Input Jitter      (TIJ):    0.000ns
    Discrete Jitter          (DJ):    0.000ns
    Phase Error              (PE):    0.000ns

    Location             Delay type                Incr(ns)  Path(ns)    Netlist Resource(s)
  -------------------------------------------------------------------    -------------------
                         (clock sys_clk_pin rise edge)
                                                      0.000     0.000 r  
    E3                                                0.000     0.000 r  clk (IN)
                         net (fo=0)                   0.000     0.000    clk
    E3                   IBUF (Prop_ibuf_I_O)         1.482     1.482 r  clk_IBUF_inst/O
                         net (fo=1, routed)           2.025     3.506    clk_IBUF
    BUFGCTRL_X0Y16       BUFG (Prop_bufg_I_O)         0.096     3.602 r  clk_IBUF_BUFG_inst/O
                         net (fo=186, routed)         1.716     5.319    Data_path/clk
    SLICE_X0Y82          FDCE                                         r  Data_path/led_1_reg[1]/C
  -------------------------------------------------------------------    -------------------
    SLICE_X0Y82          FDCE (Prop_fdce_C_Q)         0.456     5.775 r  Data_path/led_1_reg[1]/Q
                         net (fo=1, routed)           1.676     7.450    led_1_OBUF[1]
    N14                  OBUF (Prop_obuf_I_O)         3.551    11.001 r  led_1_OBUF[1]_inst/O
                         net (fo=0)                   0.000    11.001    led_1[1]
    N14                                                               r  led_1[1] (OUT)
  -------------------------------------------------------------------    -------------------

Slack:                    inf
  Source:                 Data_path/led_b_reg/C
                            (rising edge-triggered cell FDCE clocked by sys_clk_pin  {rise@0.000ns fall@5.000ns period=10.000ns})
  Destination:            led_b
                            (output port)
  Path Group:             (none)
  Path Type:              Max at Slow Process Corner
  Data Path Delay:        5.663ns  (logic 3.991ns (70.477%)  route 1.672ns (29.523%))
  Logic Levels:           1  (OBUF=1)
  Clock Uncertainty:      0.025ns  ((TSJ^2 + TIJ^2)^1/2 + DJ) / 2 + PE
    Total System Jitter     (TSJ):    0.050ns
    Total Input Jitter      (TIJ):    0.000ns
    Discrete Jitter          (DJ):    0.000ns
    Phase Error              (PE):    0.000ns

    Location             Delay type                Incr(ns)  Path(ns)    Netlist Resource(s)
  -------------------------------------------------------------------    -------------------
                         (clock sys_clk_pin rise edge)
                                                      0.000     0.000 r  
    E3                                                0.000     0.000 r  clk (IN)
                         net (fo=0)                   0.000     0.000    clk
    E3                   IBUF (Prop_ibuf_I_O)         1.482     1.482 r  clk_IBUF_inst/O
                         net (fo=1, routed)           2.025     3.506    clk_IBUF
    BUFGCTRL_X0Y16       BUFG (Prop_bufg_I_O)         0.096     3.602 r  clk_IBUF_BUFG_inst/O
                         net (fo=186, routed)         1.710     5.312    Data_path/clk
    SLICE_X0Y101         FDCE                                         r  Data_path/led_b_reg/C
  -------------------------------------------------------------------    -------------------
    SLICE_X0Y101         FDCE (Prop_fdce_C_Q)         0.456     5.768 r  Data_path/led_b_reg/Q
                         net (fo=1, routed)           1.672     7.440    led_b_OBUF
    K15                  OBUF (Prop_obuf_I_O)         3.535    10.976 r  led_b_OBUF_inst/O
                         net (fo=0)                   0.000    10.976    led_b
    K15                                                               r  led_b (OUT)
  -------------------------------------------------------------------    -------------------





Min Delay Paths
--------------------------------------------------------------------------------------
Slack:                    inf
  Source:                 Data_path/led_b_reg/C
                            (rising edge-triggered cell FDCE clocked by sys_clk_pin  {rise@0.000ns fall@5.000ns period=10.000ns})
  Destination:            led_b
                            (output port)
  Path Group:             (none)
  Path Type:              Min at Fast Process Corner
  Data Path Delay:        1.700ns  (logic 1.377ns (81.002%)  route 0.323ns (18.998%))
  Logic Levels:           1  (OBUF=1)
  Clock Uncertainty:      0.025ns  ((TSJ^2 + TIJ^2)^1/2 + DJ) / 2 + PE
    Total System Jitter     (TSJ):    0.050ns
    Total Input Jitter      (TIJ):    0.000ns
    Discrete Jitter          (DJ):    0.000ns
    Phase Error              (PE):    0.000ns

    Location             Delay type                Incr(ns)  Path(ns)    Netlist Resource(s)
  -------------------------------------------------------------------    -------------------
                         (clock sys_clk_pin rise edge)
                                                      0.000     0.000 r  
    E3                                                0.000     0.000 r  clk (IN)
                         net (fo=0)                   0.000     0.000    clk
    E3                   IBUF (Prop_ibuf_I_O)         0.250     0.250 r  clk_IBUF_inst/O
                         net (fo=1, routed)           0.644     0.894    clk_IBUF
    BUFGCTRL_X0Y16       BUFG (Prop_bufg_I_O)         0.026     0.920 r  clk_IBUF_BUFG_inst/O
                         net (fo=186, routed)         0.599     1.518    Data_path/clk
    SLICE_X0Y101         FDCE                                         r  Data_path/led_b_reg/C
  -------------------------------------------------------------------    -------------------
    SLICE_X0Y101         FDCE (Prop_fdce_C_Q)         0.141     1.659 r  Data_path/led_b_reg/Q
                         net (fo=1, routed)           0.323     1.982    led_b_OBUF
    K15                  OBUF (Prop_obuf_I_O)         1.236     3.219 r  led_b_OBUF_inst/O
                         net (fo=0)                   0.000     3.219    led_b
    K15                                                               r  led_b (OUT)
  -------------------------------------------------------------------    -------------------

Slack:                    inf
  Source:                 Data_path/led_1_reg[1]/C
                            (rising edge-triggered cell FDCE clocked by sys_clk_pin  {rise@0.000ns fall@5.000ns period=10.000ns})
  Destination:            led_1[1]
                            (output port)
  Path Group:             (none)
  Path Type:              Min at Fast Process Corner
  Data Path Delay:        1.739ns  (logic 1.392ns (80.068%)  route 0.347ns (19.932%))
  Logic Levels:           1  (OBUF=1)
  Clock Uncertainty:      0.025ns  ((TSJ^2 + TIJ^2)^1/2 + DJ) / 2 + PE
    Total System Jitter     (TSJ):    0.050ns
    Total Input Jitter      (TIJ):    0.000ns
    Discrete Jitter          (DJ):    0.000ns
    Phase Error              (PE):    0.000ns

    Location             Delay type                Incr(ns)  Path(ns)    Netlist Resource(s)
  -------------------------------------------------------------------    -------------------
                         (clock sys_clk_pin rise edge)
                                                      0.000     0.000 r  
    E3                                                0.000     0.000 r  clk (IN)
                         net (fo=0)                   0.000     0.000    clk
    E3                   IBUF (Prop_ibuf_I_O)         0.250     0.250 r  clk_IBUF_inst/O
                         net (fo=1, routed)           0.644     0.894    clk_IBUF
    BUFGCTRL_X0Y16       BUFG (Prop_bufg_I_O)         0.026     0.920 r  clk_IBUF_BUFG_inst/O
                         net (fo=186, routed)         0.598     1.517    Data_path/clk
    SLICE_X0Y82          FDCE                                         r  Data_path/led_1_reg[1]/C
  -------------------------------------------------------------------    -------------------
    SLICE_X0Y82          FDCE (Prop_fdce_C_Q)         0.141     1.658 r  Data_path/led_1_reg[1]/Q
                         net (fo=1, routed)           0.347     2.005    led_1_OBUF[1]
    N14                  OBUF (Prop_obuf_I_O)         1.251     3.256 r  led_1_OBUF[1]_inst/O
                         net (fo=0)                   0.000     3.256    led_1[1]
    N14                                                               r  led_1[1] (OUT)
  -------------------------------------------------------------------    -------------------

Slack:                    inf
  Source:                 Data_path/led_2_reg[0]/C
                            (rising edge-triggered cell FDCE clocked by sys_clk_pin  {rise@0.000ns fall@5.000ns period=10.000ns})
  Destination:            led_2[0]
                            (output port)
  Path Group:             (none)
  Path Type:              Min at Fast Process Corner
  Data Path Delay:        1.740ns  (logic 1.393ns (80.081%)  route 0.347ns (19.919%))
  Logic Levels:           1  (OBUF=1)
  Clock Uncertainty:      0.025ns  ((TSJ^2 + TIJ^2)^1/2 + DJ) / 2 + PE
    Total System Jitter     (TSJ):    0.050ns
    Total Input Jitter      (TIJ):    0.000ns
    Discrete Jitter          (DJ):    0.000ns
    Phase Error              (PE):    0.000ns

    Location             Delay type                Incr(ns)  Path(ns)    Netlist Resource(s)
  -------------------------------------------------------------------    -------------------
                         (clock sys_clk_pin rise edge)
                                                      0.000     0.000 r  
    E3                                                0.000     0.000 r  clk (IN)
                         net (fo=0)                   0.000     0.000    clk
    E3                   IBUF (Prop_ibuf_I_O)         0.250     0.250 r  clk_IBUF_inst/O
                         net (fo=1, routed)           0.644     0.894    clk_IBUF
    BUFGCTRL_X0Y16       BUFG (Prop_bufg_I_O)         0.026     0.920 r  clk_IBUF_BUFG_inst/O
                         net (fo=186, routed)         0.600     1.519    Data_path/clk
    SLICE_X0Y84          FDCE                                         r  Data_path/led_2_reg[0]/C
  -------------------------------------------------------------------    -------------------
    SLICE_X0Y84          FDCE (Prop_fdce_C_Q)         0.141     1.660 r  Data_path/led_2_reg[0]/Q
                         net (fo=1, routed)           0.347     2.007    led_2_OBUF[0]
    R18                  OBUF (Prop_obuf_I_O)         1.252     3.259 r  led_2_OBUF[0]_inst/O
                         net (fo=0)                   0.000     3.259    led_2[0]
    R18                                                               r  led_2[0] (OUT)
  -------------------------------------------------------------------    -------------------

Slack:                    inf
  Source:                 Data_path/led_f_reg/C
                            (rising edge-triggered cell FDCE clocked by sys_clk_pin  {rise@0.000ns fall@5.000ns period=10.000ns})
  Destination:            led_f
                            (output port)
  Path Group:             (none)
  Path Type:              Min at Fast Process Corner
  Data Path Delay:        1.861ns  (logic 1.362ns (73.187%)  route 0.499ns (26.813%))
  Logic Levels:           1  (OBUF=1)
  Clock Uncertainty:      0.025ns  ((TSJ^2 + TIJ^2)^1/2 + DJ) / 2 + PE
    Total System Jitter     (TSJ):    0.050ns
    Total Input Jitter      (TIJ):    0.000ns
    Discrete Jitter          (DJ):    0.000ns
    Phase Error              (PE):    0.000ns

    Location             Delay type                Incr(ns)  Path(ns)    Netlist Resource(s)
  -------------------------------------------------------------------    -------------------
                         (clock sys_clk_pin rise edge)
                                                      0.000     0.000 r  
    E3                                                0.000     0.000 r  clk (IN)
                         net (fo=0)                   0.000     0.000    clk
    E3                   IBUF (Prop_ibuf_I_O)         0.250     0.250 r  clk_IBUF_inst/O
                         net (fo=1, routed)           0.644     0.894    clk_IBUF
    BUFGCTRL_X0Y16       BUFG (Prop_bufg_I_O)         0.026     0.920 r  clk_IBUF_BUFG_inst/O
                         net (fo=186, routed)         0.599     1.518    Data_path/clk
    SLICE_X0Y101         FDCE                                         r  Data_path/led_f_reg/C
  -------------------------------------------------------------------    -------------------
    SLICE_X0Y101         FDCE (Prop_fdce_C_Q)         0.141     1.659 r  Data_path/led_f_reg/Q
                         net (fo=1, routed)           0.499     2.159    led_f_OBUF
    H17                  OBUF (Prop_obuf_I_O)         1.221     3.380 r  led_f_OBUF_inst/O
                         net (fo=0)                   0.000     3.380    led_f
    H17                                                               r  led_f (OUT)
  -------------------------------------------------------------------    -------------------

Slack:                    inf
  Source:                 Data_path/led_2_reg[1]/C
                            (rising edge-triggered cell FDCE clocked by sys_clk_pin  {rise@0.000ns fall@5.000ns period=10.000ns})
  Destination:            led_2[1]
                            (output port)
  Path Group:             (none)
  Path Type:              Min at Fast Process Corner
  Data Path Delay:        1.900ns  (logic 1.393ns (73.328%)  route 0.507ns (26.672%))
  Logic Levels:           1  (OBUF=1)
  Clock Uncertainty:      0.025ns  ((TSJ^2 + TIJ^2)^1/2 + DJ) / 2 + PE
    Total System Jitter     (TSJ):    0.050ns
    Total Input Jitter      (TIJ):    0.000ns
    Discrete Jitter          (DJ):    0.000ns
    Phase Error              (PE):    0.000ns

    Location             Delay type                Incr(ns)  Path(ns)    Netlist Resource(s)
  -------------------------------------------------------------------    -------------------
                         (clock sys_clk_pin rise edge)
                                                      0.000     0.000 r  
    E3                                                0.000     0.000 r  clk (IN)
                         net (fo=0)                   0.000     0.000    clk
    E3                   IBUF (Prop_ibuf_I_O)         0.250     0.250 r  clk_IBUF_inst/O
                         net (fo=1, routed)           0.644     0.894    clk_IBUF
    BUFGCTRL_X0Y16       BUFG (Prop_bufg_I_O)         0.026     0.920 r  clk_IBUF_BUFG_inst/O
                         net (fo=186, routed)         0.591     1.510    Data_path/clk
    SLICE_X0Y74          FDCE                                         r  Data_path/led_2_reg[1]/C
  -------------------------------------------------------------------    -------------------
    SLICE_X0Y74          FDCE (Prop_fdce_C_Q)         0.141     1.651 r  Data_path/led_2_reg[1]/Q
                         net (fo=1, routed)           0.507     2.158    led_2_OBUF[1]
    V17                  OBUF (Prop_obuf_I_O)         1.252     3.411 r  led_2_OBUF[1]_inst/O
                         net (fo=0)                   0.000     3.411    led_2[1]
    V17                                                               r  led_2[1] (OUT)
  -------------------------------------------------------------------    -------------------

Slack:                    inf
  Source:                 Data_path/led_1_reg[0]/C
                            (rising edge-triggered cell FDCE clocked by sys_clk_pin  {rise@0.000ns fall@5.000ns period=10.000ns})
  Destination:            led_1[0]
                            (output port)
  Path Group:             (none)
  Path Type:              Min at Fast Process Corner
  Data Path Delay:        2.036ns  (logic 1.394ns (68.485%)  route 0.642ns (31.515%))
  Logic Levels:           1  (OBUF=1)
  Clock Uncertainty:      0.025ns  ((TSJ^2 + TIJ^2)^1/2 + DJ) / 2 + PE
    Total System Jitter     (TSJ):    0.050ns
    Total Input Jitter      (TIJ):    0.000ns
    Discrete Jitter          (DJ):    0.000ns
    Phase Error              (PE):    0.000ns

    Location             Delay type                Incr(ns)  Path(ns)    Netlist Resource(s)
  -------------------------------------------------------------------    -------------------
                         (clock sys_clk_pin rise edge)
                                                      0.000     0.000 r  
    E3                                                0.000     0.000 r  clk (IN)
                         net (fo=0)                   0.000     0.000    clk
    E3                   IBUF (Prop_ibuf_I_O)         0.250     0.250 r  clk_IBUF_inst/O
                         net (fo=1, routed)           0.644     0.894    clk_IBUF
    BUFGCTRL_X0Y16       BUFG (Prop_bufg_I_O)         0.026     0.920 r  clk_IBUF_BUFG_inst/O
                         net (fo=186, routed)         0.602     1.521    Data_path/clk
    SLICE_X0Y88          FDCE                                         r  Data_path/led_1_reg[0]/C
  -------------------------------------------------------------------    -------------------
    SLICE_X0Y88          FDCE (Prop_fdce_C_Q)         0.141     1.662 r  Data_path/led_1_reg[0]/Q
                         net (fo=1, routed)           0.642     2.304    led_1_OBUF[0]
    J13                  OBUF (Prop_obuf_I_O)         1.253     3.557 r  led_1_OBUF[0]_inst/O
                         net (fo=0)                   0.000     3.557    led_1[0]
    J13                                                               r  led_1[0] (OUT)
  -------------------------------------------------------------------    -------------------





--------------------------------------------------------------------------------------
Path Group:  (none)
From Clock:  
  To Clock:  clk_out1_clk_25

Max Delay            52 Endpoints
Min Delay            52 Endpoints
--------------------------------------------------------------------------------------


Max Delay Paths
--------------------------------------------------------------------------------------
Slack:                    inf
  Source:                 rst
                            (input port)
  Destination:            Control_path/U1/U2/pixel_reg_reg[0]/CLR
                            (recovery check against rising-edge clock clk_out1_clk_25  {rise@0.000ns fall@20.000ns period=40.000ns})
  Path Group:             (none)
  Path Type:              Recovery (Max at Slow Process Corner)
  Data Path Delay:        7.108ns  (logic 1.631ns (22.948%)  route 5.477ns (77.052%))
  Logic Levels:           2  (IBUF=1 LUT1=1)
  Clock Path Skew:        1.516ns (DCD - SCD + CPR)
    Destination Clock Delay (DCD):    1.516ns
    Source Clock Delay      (SCD):    0.000ns
    Clock Pessimism Removal (CPR):    0.000ns
  Clock Uncertainty:      0.199ns  ((TSJ^2 + DJ^2)^1/2) / 2 + PE
    Total System Jitter     (TSJ):    0.050ns
    Discrete Jitter          (DJ):    0.182ns
    Phase Error              (PE):    0.104ns

    Location             Delay type                Incr(ns)  Path(ns)    Netlist Resource(s)
  -------------------------------------------------------------------    -------------------
    C12                                               0.000     0.000 r  rst (IN)
                         net (fo=0)                   0.000     0.000    rst
    C12                  IBUF (Prop_ibuf_I_O)         1.507     1.507 r  rst_IBUF_inst/O
                         net (fo=11, routed)          3.027     4.534    Control_path/v1/b2/rst_IBUF
    SLICE_X0Y92          LUT1 (Prop_lut1_I0_O)        0.124     4.658 f  Control_path/v1/b2/FSM_sequential_state[3]_i_1/O
                         net (fo=142, routed)         2.450     7.108    Control_path/U1/U2/SR[0]
    SLICE_X12Y82         FDCE                                         f  Control_path/U1/U2/pixel_reg_reg[0]/CLR
  -------------------------------------------------------------------    -------------------

                         (clock clk_out1_clk_25 rise edge)
                                                      0.000     0.000 r  
    BUFGCTRL_X0Y16       BUFG                         0.000     0.000 r  clk_IBUF_BUFG_inst/O
                         net (fo=186, routed)         1.516     1.516    c25/inst/clk_in1
    MMCME2_ADV_X0Y1      MMCME2_ADV (Prop_mmcme2_adv_CLKIN1_CLKOUT0)
                                                     -3.234    -1.718 r  c25/inst/mmcm_adv_inst/CLKOUT0
                         net (fo=1, routed)           1.630    -0.088    c25/inst/clk_out1_clk_25
    BUFGCTRL_X0Y0        BUFG (Prop_bufg_I_O)         0.091     0.003 r  c25/inst/clkout1_buf/O
                         net (fo=40, routed)          1.513     1.516    Control_path/U1/U2/CLK
    SLICE_X12Y82         FDCE                                         r  Control_path/U1/U2/pixel_reg_reg[0]/C

Slack:                    inf
  Source:                 rst
                            (input port)
  Destination:            Control_path/U1/U2/pixel_reg_reg[9]/CLR
                            (recovery check against rising-edge clock clk_out1_clk_25  {rise@0.000ns fall@20.000ns period=40.000ns})
  Path Group:             (none)
  Path Type:              Recovery (Max at Slow Process Corner)
  Data Path Delay:        7.108ns  (logic 1.631ns (22.948%)  route 5.477ns (77.052%))
  Logic Levels:           2  (IBUF=1 LUT1=1)
  Clock Path Skew:        1.516ns (DCD - SCD + CPR)
    Destination Clock Delay (DCD):    1.516ns
    Source Clock Delay      (SCD):    0.000ns
    Clock Pessimism Removal (CPR):    0.000ns
  Clock Uncertainty:      0.199ns  ((TSJ^2 + DJ^2)^1/2) / 2 + PE
    Total System Jitter     (TSJ):    0.050ns
    Discrete Jitter          (DJ):    0.182ns
    Phase Error              (PE):    0.104ns

    Location             Delay type                Incr(ns)  Path(ns)    Netlist Resource(s)
  -------------------------------------------------------------------    -------------------
    C12                                               0.000     0.000 r  rst (IN)
                         net (fo=0)                   0.000     0.000    rst
    C12                  IBUF (Prop_ibuf_I_O)         1.507     1.507 r  rst_IBUF_inst/O
                         net (fo=11, routed)          3.027     4.534    Control_path/v1/b2/rst_IBUF
    SLICE_X0Y92          LUT1 (Prop_lut1_I0_O)        0.124     4.658 f  Control_path/v1/b2/FSM_sequential_state[3]_i_1/O
                         net (fo=142, routed)         2.450     7.108    Control_path/U1/U2/SR[0]
    SLICE_X12Y82         FDCE                                         f  Control_path/U1/U2/pixel_reg_reg[9]/CLR
  -------------------------------------------------------------------    -------------------

                         (clock clk_out1_clk_25 rise edge)
                                                      0.000     0.000 r  
    BUFGCTRL_X0Y16       BUFG                         0.000     0.000 r  clk_IBUF_BUFG_inst/O
                         net (fo=186, routed)         1.516     1.516    c25/inst/clk_in1
    MMCME2_ADV_X0Y1      MMCME2_ADV (Prop_mmcme2_adv_CLKIN1_CLKOUT0)
                                                     -3.234    -1.718 r  c25/inst/mmcm_adv_inst/CLKOUT0
                         net (fo=1, routed)           1.630    -0.088    c25/inst/clk_out1_clk_25
    BUFGCTRL_X0Y0        BUFG (Prop_bufg_I_O)         0.091     0.003 r  c25/inst/clkout1_buf/O
                         net (fo=40, routed)          1.513     1.516    Control_path/U1/U2/CLK
    SLICE_X12Y82         FDCE                                         r  Control_path/U1/U2/pixel_reg_reg[9]/C

Slack:                    inf
  Source:                 rst
                            (input port)
  Destination:            Control_path/v1/b1/vga_out_reg[2]/R
                            (rising edge-triggered cell FDRE clocked by clk_out1_clk_25  {rise@0.000ns fall@20.000ns period=40.000ns})
  Path Group:             (none)
  Path Type:              Setup (Max at Slow Process Corner)
  Data Path Delay:        7.022ns  (logic 1.631ns (23.227%)  route 5.391ns (76.773%))
  Logic Levels:           2  (IBUF=1 LUT1=1)
  Clock Path Skew:        1.515ns (DCD - SCD + CPR)
    Destination Clock Delay (DCD):    1.515ns
    Source Clock Delay      (SCD):    0.000ns
    Clock Pessimism Removal (CPR):    0.000ns
  Clock Uncertainty:      0.199ns  ((TSJ^2 + DJ^2)^1/2) / 2 + PE
    Total System Jitter     (TSJ):    0.050ns
    Discrete Jitter          (DJ):    0.182ns
    Phase Error              (PE):    0.104ns

    Location             Delay type                Incr(ns)  Path(ns)    Netlist Resource(s)
  -------------------------------------------------------------------    -------------------
    C12                                               0.000     0.000 f  rst (IN)
                         net (fo=0)                   0.000     0.000    rst
    C12                  IBUF (Prop_ibuf_I_O)         1.507     1.507 f  rst_IBUF_inst/O
                         net (fo=11, routed)          3.027     4.534    Control_path/v1/b2/rst_IBUF
    SLICE_X0Y92          LUT1 (Prop_lut1_I0_O)        0.124     4.658 r  Control_path/v1/b2/FSM_sequential_state[3]_i_1/O
                         net (fo=142, routed)         2.364     7.022    Control_path/v1/b1/next_count_reg_1
    SLICE_X10Y78         FDRE                                         r  Control_path/v1/b1/vga_out_reg[2]/R
  -------------------------------------------------------------------    -------------------

                         (clock clk_out1_clk_25 rise edge)
                                                      0.000     0.000 r  
    BUFGCTRL_X0Y16       BUFG                         0.000     0.000 r  clk_IBUF_BUFG_inst/O
                         net (fo=186, routed)         1.516     1.516    c25/inst/clk_in1
    MMCME2_ADV_X0Y1      MMCME2_ADV (Prop_mmcme2_adv_CLKIN1_CLKOUT0)
                                                     -3.234    -1.718 r  c25/inst/mmcm_adv_inst/CLKOUT0
                         net (fo=1, routed)           1.630    -0.088    c25/inst/clk_out1_clk_25
    BUFGCTRL_X0Y0        BUFG (Prop_bufg_I_O)         0.091     0.003 r  c25/inst/clkout1_buf/O
                         net (fo=40, routed)          1.512     1.515    Control_path/v1/b1/CLK
    SLICE_X10Y78         FDRE                                         r  Control_path/v1/b1/vga_out_reg[2]/C

Slack:                    inf
  Source:                 rst
                            (input port)
  Destination:            Control_path/v1/b1/vga_out_reg[3]/R
                            (rising edge-triggered cell FDRE clocked by clk_out1_clk_25  {rise@0.000ns fall@20.000ns period=40.000ns})
  Path Group:             (none)
  Path Type:              Setup (Max at Slow Process Corner)
  Data Path Delay:        7.022ns  (logic 1.631ns (23.227%)  route 5.391ns (76.773%))
  Logic Levels:           2  (IBUF=1 LUT1=1)
  Clock Path Skew:        1.515ns (DCD - SCD + CPR)
    Destination Clock Delay (DCD):    1.515ns
    Source Clock Delay      (SCD):    0.000ns
    Clock Pessimism Removal (CPR):    0.000ns
  Clock Uncertainty:      0.199ns  ((TSJ^2 + DJ^2)^1/2) / 2 + PE
    Total System Jitter     (TSJ):    0.050ns
    Discrete Jitter          (DJ):    0.182ns
    Phase Error              (PE):    0.104ns

    Location             Delay type                Incr(ns)  Path(ns)    Netlist Resource(s)
  -------------------------------------------------------------------    -------------------
    C12                                               0.000     0.000 f  rst (IN)
                         net (fo=0)                   0.000     0.000    rst
    C12                  IBUF (Prop_ibuf_I_O)         1.507     1.507 f  rst_IBUF_inst/O
                         net (fo=11, routed)          3.027     4.534    Control_path/v1/b2/rst_IBUF
    SLICE_X0Y92          LUT1 (Prop_lut1_I0_O)        0.124     4.658 r  Control_path/v1/b2/FSM_sequential_state[3]_i_1/O
                         net (fo=142, routed)         2.364     7.022    Control_path/v1/b1/next_count_reg_1
    SLICE_X10Y78         FDRE                                         r  Control_path/v1/b1/vga_out_reg[3]/R
  -------------------------------------------------------------------    -------------------

                         (clock clk_out1_clk_25 rise edge)
                                                      0.000     0.000 r  
    BUFGCTRL_X0Y16       BUFG                         0.000     0.000 r  clk_IBUF_BUFG_inst/O
                         net (fo=186, routed)         1.516     1.516    c25/inst/clk_in1
    MMCME2_ADV_X0Y1      MMCME2_ADV (Prop_mmcme2_adv_CLKIN1_CLKOUT0)
                                                     -3.234    -1.718 r  c25/inst/mmcm_adv_inst/CLKOUT0
                         net (fo=1, routed)           1.630    -0.088    c25/inst/clk_out1_clk_25
    BUFGCTRL_X0Y0        BUFG (Prop_bufg_I_O)         0.091     0.003 r  c25/inst/clkout1_buf/O
                         net (fo=40, routed)          1.512     1.515    Control_path/v1/b1/CLK
    SLICE_X10Y78         FDRE                                         r  Control_path/v1/b1/vga_out_reg[3]/C

Slack:                    inf
  Source:                 rst
                            (input port)
  Destination:            Control_path/U1/U2/pixel_reg_reg[1]/CLR
                            (recovery check against rising-edge clock clk_out1_clk_25  {rise@0.000ns fall@20.000ns period=40.000ns})
  Path Group:             (none)
  Path Type:              Recovery (Max at Slow Process Corner)
  Data Path Delay:        6.907ns  (logic 1.631ns (23.614%)  route 5.276ns (76.386%))
  Logic Levels:           2  (IBUF=1 LUT1=1)
  Clock Path Skew:        1.514ns (DCD - SCD + CPR)
    Destination Clock Delay (DCD):    1.514ns
    Source Clock Delay      (SCD):    0.000ns
    Clock Pessimism Removal (CPR):    0.000ns
  Clock Uncertainty:      0.199ns  ((TSJ^2 + DJ^2)^1/2) / 2 + PE
    Total System Jitter     (TSJ):    0.050ns
    Discrete Jitter          (DJ):    0.182ns
    Phase Error              (PE):    0.104ns

    Location             Delay type                Incr(ns)  Path(ns)    Netlist Resource(s)
  -------------------------------------------------------------------    -------------------
    C12                                               0.000     0.000 r  rst (IN)
                         net (fo=0)                   0.000     0.000    rst
    C12                  IBUF (Prop_ibuf_I_O)         1.507     1.507 r  rst_IBUF_inst/O
                         net (fo=11, routed)          3.027     4.534    Control_path/v1/b2/rst_IBUF
    SLICE_X0Y92          LUT1 (Prop_lut1_I0_O)        0.124     4.658 f  Control_path/v1/b2/FSM_sequential_state[3]_i_1/O
                         net (fo=142, routed)         2.249     6.907    Control_path/U1/U2/SR[0]
    SLICE_X12Y81         FDCE                                         f  Control_path/U1/U2/pixel_reg_reg[1]/CLR
  -------------------------------------------------------------------    -------------------

                         (clock clk_out1_clk_25 rise edge)
                                                      0.000     0.000 r  
    BUFGCTRL_X0Y16       BUFG                         0.000     0.000 r  clk_IBUF_BUFG_inst/O
                         net (fo=186, routed)         1.516     1.516    c25/inst/clk_in1
    MMCME2_ADV_X0Y1      MMCME2_ADV (Prop_mmcme2_adv_CLKIN1_CLKOUT0)
                                                     -3.234    -1.718 r  c25/inst/mmcm_adv_inst/CLKOUT0
                         net (fo=1, routed)           1.630    -0.088    c25/inst/clk_out1_clk_25
    BUFGCTRL_X0Y0        BUFG (Prop_bufg_I_O)         0.091     0.003 r  c25/inst/clkout1_buf/O
                         net (fo=40, routed)          1.511     1.514    Control_path/U1/U2/CLK
    SLICE_X12Y81         FDCE                                         r  Control_path/U1/U2/pixel_reg_reg[1]/C

Slack:                    inf
  Source:                 rst
                            (input port)
  Destination:            Control_path/v1/b1/vga_out_reg[0]/R
                            (rising edge-triggered cell FDRE clocked by clk_out1_clk_25  {rise@0.000ns fall@20.000ns period=40.000ns})
  Path Group:             (none)
  Path Type:              Setup (Max at Slow Process Corner)
  Data Path Delay:        6.882ns  (logic 1.631ns (23.699%)  route 5.251ns (76.301%))
  Logic Levels:           2  (IBUF=1 LUT1=1)
  Clock Path Skew:        1.512ns (DCD - SCD + CPR)
    Destination Clock Delay (DCD):    1.512ns
    Source Clock Delay      (SCD):    0.000ns
    Clock Pessimism Removal (CPR):    0.000ns
  Clock Uncertainty:      0.199ns  ((TSJ^2 + DJ^2)^1/2) / 2 + PE
    Total System Jitter     (TSJ):    0.050ns
    Discrete Jitter          (DJ):    0.182ns
    Phase Error              (PE):    0.104ns

    Location             Delay type                Incr(ns)  Path(ns)    Netlist Resource(s)
  -------------------------------------------------------------------    -------------------
    C12                                               0.000     0.000 f  rst (IN)
                         net (fo=0)                   0.000     0.000    rst
    C12                  IBUF (Prop_ibuf_I_O)         1.507     1.507 f  rst_IBUF_inst/O
                         net (fo=11, routed)          3.027     4.534    Control_path/v1/b2/rst_IBUF
    SLICE_X0Y92          LUT1 (Prop_lut1_I0_O)        0.124     4.658 r  Control_path/v1/b2/FSM_sequential_state[3]_i_1/O
                         net (fo=142, routed)         2.224     6.882    Control_path/v1/b1/next_count_reg_1
    SLICE_X8Y78          FDRE                                         r  Control_path/v1/b1/vga_out_reg[0]/R
  -------------------------------------------------------------------    -------------------

                         (clock clk_out1_clk_25 rise edge)
                                                      0.000     0.000 r  
    BUFGCTRL_X0Y16       BUFG                         0.000     0.000 r  clk_IBUF_BUFG_inst/O
                         net (fo=186, routed)         1.516     1.516    c25/inst/clk_in1
    MMCME2_ADV_X0Y1      MMCME2_ADV (Prop_mmcme2_adv_CLKIN1_CLKOUT0)
                                                     -3.234    -1.718 r  c25/inst/mmcm_adv_inst/CLKOUT0
                         net (fo=1, routed)           1.630    -0.088    c25/inst/clk_out1_clk_25
    BUFGCTRL_X0Y0        BUFG (Prop_bufg_I_O)         0.091     0.003 r  c25/inst/clkout1_buf/O
                         net (fo=40, routed)          1.509     1.512    Control_path/v1/b1/CLK
    SLICE_X8Y78          FDRE                                         r  Control_path/v1/b1/vga_out_reg[0]/C

Slack:                    inf
  Source:                 rst
                            (input port)
  Destination:            Control_path/v1/b1/vga_out_reg[1]/R
                            (rising edge-triggered cell FDRE clocked by clk_out1_clk_25  {rise@0.000ns fall@20.000ns period=40.000ns})
  Path Group:             (none)
  Path Type:              Setup (Max at Slow Process Corner)
  Data Path Delay:        6.882ns  (logic 1.631ns (23.699%)  route 5.251ns (76.301%))
  Logic Levels:           2  (IBUF=1 LUT1=1)
  Clock Path Skew:        1.512ns (DCD - SCD + CPR)
    Destination Clock Delay (DCD):    1.512ns
    Source Clock Delay      (SCD):    0.000ns
    Clock Pessimism Removal (CPR):    0.000ns
  Clock Uncertainty:      0.199ns  ((TSJ^2 + DJ^2)^1/2) / 2 + PE
    Total System Jitter     (TSJ):    0.050ns
    Discrete Jitter          (DJ):    0.182ns
    Phase Error              (PE):    0.104ns

    Location             Delay type                Incr(ns)  Path(ns)    Netlist Resource(s)
  -------------------------------------------------------------------    -------------------
    C12                                               0.000     0.000 f  rst (IN)
                         net (fo=0)                   0.000     0.000    rst
    C12                  IBUF (Prop_ibuf_I_O)         1.507     1.507 f  rst_IBUF_inst/O
                         net (fo=11, routed)          3.027     4.534    Control_path/v1/b2/rst_IBUF
    SLICE_X0Y92          LUT1 (Prop_lut1_I0_O)        0.124     4.658 r  Control_path/v1/b2/FSM_sequential_state[3]_i_1/O
                         net (fo=142, routed)         2.224     6.882    Control_path/v1/b1/next_count_reg_1
    SLICE_X8Y78          FDRE                                         r  Control_path/v1/b1/vga_out_reg[1]/R
  -------------------------------------------------------------------    -------------------

                         (clock clk_out1_clk_25 rise edge)
                                                      0.000     0.000 r  
    BUFGCTRL_X0Y16       BUFG                         0.000     0.000 r  clk_IBUF_BUFG_inst/O
                         net (fo=186, routed)         1.516     1.516    c25/inst/clk_in1
    MMCME2_ADV_X0Y1      MMCME2_ADV (Prop_mmcme2_adv_CLKIN1_CLKOUT0)
                                                     -3.234    -1.718 r  c25/inst/mmcm_adv_inst/CLKOUT0
                         net (fo=1, routed)           1.630    -0.088    c25/inst/clk_out1_clk_25
    BUFGCTRL_X0Y0        BUFG (Prop_bufg_I_O)         0.091     0.003 r  c25/inst/clkout1_buf/O
                         net (fo=40, routed)          1.509     1.512    Control_path/v1/b1/CLK
    SLICE_X8Y78          FDRE                                         r  Control_path/v1/b1/vga_out_reg[1]/C

Slack:                    inf
  Source:                 rst
                            (input port)
  Destination:            Control_path/U1/U1/pixel_reg_reg[0]/CLR
                            (recovery check against rising-edge clock clk_out1_clk_25  {rise@0.000ns fall@20.000ns period=40.000ns})
  Path Group:             (none)
  Path Type:              Recovery (Max at Slow Process Corner)
  Data Path Delay:        6.877ns  (logic 1.631ns (23.717%)  route 5.246ns (76.283%))
  Logic Levels:           2  (IBUF=1 LUT1=1)
  Clock Path Skew:        1.513ns (DCD - SCD + CPR)
    Destination Clock Delay (DCD):    1.513ns
    Source Clock Delay      (SCD):    0.000ns
    Clock Pessimism Removal (CPR):    0.000ns
  Clock Uncertainty:      0.199ns  ((TSJ^2 + DJ^2)^1/2) / 2 + PE
    Total System Jitter     (TSJ):    0.050ns
    Discrete Jitter          (DJ):    0.182ns
    Phase Error              (PE):    0.104ns

    Location             Delay type                Incr(ns)  Path(ns)    Netlist Resource(s)
  -------------------------------------------------------------------    -------------------
    C12                                               0.000     0.000 r  rst (IN)
                         net (fo=0)                   0.000     0.000    rst
    C12                  IBUF (Prop_ibuf_I_O)         1.507     1.507 r  rst_IBUF_inst/O
                         net (fo=11, routed)          3.027     4.534    Control_path/v1/b2/rst_IBUF
    SLICE_X0Y92          LUT1 (Prop_lut1_I0_O)        0.124     4.658 f  Control_path/v1/b2/FSM_sequential_state[3]_i_1/O
                         net (fo=142, routed)         2.219     6.877    Control_path/U1/U1/SR[0]
    SLICE_X8Y79          FDCE                                         f  Control_path/U1/U1/pixel_reg_reg[0]/CLR
  -------------------------------------------------------------------    -------------------

                         (clock clk_out1_clk_25 rise edge)
                                                      0.000     0.000 r  
    BUFGCTRL_X0Y16       BUFG                         0.000     0.000 r  clk_IBUF_BUFG_inst/O
                         net (fo=186, routed)         1.516     1.516    c25/inst/clk_in1
    MMCME2_ADV_X0Y1      MMCME2_ADV (Prop_mmcme2_adv_CLKIN1_CLKOUT0)
                                                     -3.234    -1.718 r  c25/inst/mmcm_adv_inst/CLKOUT0
                         net (fo=1, routed)           1.630    -0.088    c25/inst/clk_out1_clk_25
    BUFGCTRL_X0Y0        BUFG (Prop_bufg_I_O)         0.091     0.003 r  c25/inst/clkout1_buf/O
                         net (fo=40, routed)          1.510     1.513    Control_path/U1/U1/CLK
    SLICE_X8Y79          FDCE                                         r  Control_path/U1/U1/pixel_reg_reg[0]/C

Slack:                    inf
  Source:                 rst
                            (input port)
  Destination:            Control_path/U1/U1/pixel_reg_reg[1]/CLR
                            (recovery check against rising-edge clock clk_out1_clk_25  {rise@0.000ns fall@20.000ns period=40.000ns})
  Path Group:             (none)
  Path Type:              Recovery (Max at Slow Process Corner)
  Data Path Delay:        6.877ns  (logic 1.631ns (23.717%)  route 5.246ns (76.283%))
  Logic Levels:           2  (IBUF=1 LUT1=1)
  Clock Path Skew:        1.513ns (DCD - SCD + CPR)
    Destination Clock Delay (DCD):    1.513ns
    Source Clock Delay      (SCD):    0.000ns
    Clock Pessimism Removal (CPR):    0.000ns
  Clock Uncertainty:      0.199ns  ((TSJ^2 + DJ^2)^1/2) / 2 + PE
    Total System Jitter     (TSJ):    0.050ns
    Discrete Jitter          (DJ):    0.182ns
    Phase Error              (PE):    0.104ns

    Location             Delay type                Incr(ns)  Path(ns)    Netlist Resource(s)
  -------------------------------------------------------------------    -------------------
    C12                                               0.000     0.000 r  rst (IN)
                         net (fo=0)                   0.000     0.000    rst
    C12                  IBUF (Prop_ibuf_I_O)         1.507     1.507 r  rst_IBUF_inst/O
                         net (fo=11, routed)          3.027     4.534    Control_path/v1/b2/rst_IBUF
    SLICE_X0Y92          LUT1 (Prop_lut1_I0_O)        0.124     4.658 f  Control_path/v1/b2/FSM_sequential_state[3]_i_1/O
                         net (fo=142, routed)         2.219     6.877    Control_path/U1/U1/SR[0]
    SLICE_X8Y79          FDCE                                         f  Control_path/U1/U1/pixel_reg_reg[1]/CLR
  -------------------------------------------------------------------    -------------------

                         (clock clk_out1_clk_25 rise edge)
                                                      0.000     0.000 r  
    BUFGCTRL_X0Y16       BUFG                         0.000     0.000 r  clk_IBUF_BUFG_inst/O
                         net (fo=186, routed)         1.516     1.516    c25/inst/clk_in1
    MMCME2_ADV_X0Y1      MMCME2_ADV (Prop_mmcme2_adv_CLKIN1_CLKOUT0)
                                                     -3.234    -1.718 r  c25/inst/mmcm_adv_inst/CLKOUT0
                         net (fo=1, routed)           1.630    -0.088    c25/inst/clk_out1_clk_25
    BUFGCTRL_X0Y0        BUFG (Prop_bufg_I_O)         0.091     0.003 r  c25/inst/clkout1_buf/O
                         net (fo=40, routed)          1.510     1.513    Control_path/U1/U1/CLK
    SLICE_X8Y79          FDCE                                         r  Control_path/U1/U1/pixel_reg_reg[1]/C

Slack:                    inf
  Source:                 rst
                            (input port)
  Destination:            Control_path/U1/U1/pixel_reg_reg[2]/CLR
                            (recovery check against rising-edge clock clk_out1_clk_25  {rise@0.000ns fall@20.000ns period=40.000ns})
  Path Group:             (none)
  Path Type:              Recovery (Max at Slow Process Corner)
  Data Path Delay:        6.877ns  (logic 1.631ns (23.717%)  route 5.246ns (76.283%))
  Logic Levels:           2  (IBUF=1 LUT1=1)
  Clock Path Skew:        1.513ns (DCD - SCD + CPR)
    Destination Clock Delay (DCD):    1.513ns
    Source Clock Delay      (SCD):    0.000ns
    Clock Pessimism Removal (CPR):    0.000ns
  Clock Uncertainty:      0.199ns  ((TSJ^2 + DJ^2)^1/2) / 2 + PE
    Total System Jitter     (TSJ):    0.050ns
    Discrete Jitter          (DJ):    0.182ns
    Phase Error              (PE):    0.104ns

    Location             Delay type                Incr(ns)  Path(ns)    Netlist Resource(s)
  -------------------------------------------------------------------    -------------------
    C12                                               0.000     0.000 r  rst (IN)
                         net (fo=0)                   0.000     0.000    rst
    C12                  IBUF (Prop_ibuf_I_O)         1.507     1.507 r  rst_IBUF_inst/O
                         net (fo=11, routed)          3.027     4.534    Control_path/v1/b2/rst_IBUF
    SLICE_X0Y92          LUT1 (Prop_lut1_I0_O)        0.124     4.658 f  Control_path/v1/b2/FSM_sequential_state[3]_i_1/O
                         net (fo=142, routed)         2.219     6.877    Control_path/U1/U1/SR[0]
    SLICE_X8Y79          FDCE                                         f  Control_path/U1/U1/pixel_reg_reg[2]/CLR
  -------------------------------------------------------------------    -------------------

                         (clock clk_out1_clk_25 rise edge)
                                                      0.000     0.000 r  
    BUFGCTRL_X0Y16       BUFG                         0.000     0.000 r  clk_IBUF_BUFG_inst/O
                         net (fo=186, routed)         1.516     1.516    c25/inst/clk_in1
    MMCME2_ADV_X0Y1      MMCME2_ADV (Prop_mmcme2_adv_CLKIN1_CLKOUT0)
                                                     -3.234    -1.718 r  c25/inst/mmcm_adv_inst/CLKOUT0
                         net (fo=1, routed)           1.630    -0.088    c25/inst/clk_out1_clk_25
    BUFGCTRL_X0Y0        BUFG (Prop_bufg_I_O)         0.091     0.003 r  c25/inst/clkout1_buf/O
                         net (fo=40, routed)          1.510     1.513    Control_path/U1/U1/CLK
    SLICE_X8Y79          FDCE                                         r  Control_path/U1/U1/pixel_reg_reg[2]/C





Min Delay Paths
--------------------------------------------------------------------------------------
Slack:                    inf
  Source:                 BUFFER
                            (input port)
  Destination:            Control_path/VGA_R_reg[0]/D
                            (rising edge-triggered cell FDRE clocked by clk_out1_clk_25  {rise@0.000ns fall@20.000ns period=40.000ns})
  Path Group:             (none)
  Path Type:              Hold (Min at Fast Process Corner)
  Data Path Delay:        1.118ns  (logic 0.292ns (26.147%)  route 0.826ns (73.853%))
  Logic Levels:           2  (IBUF=1 LUT4=1)
  Clock Path Skew:        0.843ns (DCD - SCD - CPR)
    Destination Clock Delay (DCD):    0.843ns
    Source Clock Delay      (SCD):    0.000ns
    Clock Pessimism Removal (CPR):    -0.000ns

    Location             Delay type                Incr(ns)  Path(ns)    Netlist Resource(s)
  -------------------------------------------------------------------    -------------------
    L16                                               0.000     0.000 r  BUFFER (IN)
                         net (fo=0)                   0.000     0.000    BUFFER
    L16                  IBUF (Prop_ibuf_I_O)         0.247     0.247 r  BUFFER_IBUF_inst/O
                         net (fo=37, routed)          0.760     1.007    Control_path/v1/b1/BUFFER_IBUF
    SLICE_X9Y103         LUT4 (Prop_lut4_I1_O)        0.045     1.052 r  Control_path/v1/b1/VGA_R[0]_i_1/O
                         net (fo=3, routed)           0.066     1.118    Control_path/v1_n_4
    SLICE_X8Y103         FDRE                                         r  Control_path/VGA_R_reg[0]/D
  -------------------------------------------------------------------    -------------------

                         (clock clk_out1_clk_25 rise edge)
                                                      0.000     0.000 r  
    BUFGCTRL_X0Y16       BUFG                         0.000     0.000 r  clk_IBUF_BUFG_inst/O
                         net (fo=186, routed)         0.828     0.828    c25/inst/clk_in1
    MMCME2_ADV_X0Y1      MMCME2_ADV (Prop_mmcme2_adv_CLKIN1_CLKOUT0)
                                                     -1.394    -0.567 r  c25/inst/mmcm_adv_inst/CLKOUT0
                         net (fo=1, routed)           0.540    -0.027    c25/inst/clk_out1_clk_25
    BUFGCTRL_X0Y0        BUFG (Prop_bufg_I_O)         0.029     0.002 r  c25/inst/clkout1_buf/O
                         net (fo=40, routed)          0.841     0.843    Control_path/CLK
    SLICE_X8Y103         FDRE                                         r  Control_path/VGA_R_reg[0]/C

Slack:                    inf
  Source:                 BUFFER
                            (input port)
  Destination:            Control_path/VGA_R_reg[1]_lopt_replica_2/D
                            (rising edge-triggered cell FDRE clocked by clk_out1_clk_25  {rise@0.000ns fall@20.000ns period=40.000ns})
  Path Group:             (none)
  Path Type:              Hold (Min at Fast Process Corner)
  Data Path Delay:        1.128ns  (logic 0.292ns (25.924%)  route 0.836ns (74.076%))
  Logic Levels:           2  (IBUF=1 LUT4=1)
  Clock Path Skew:        0.843ns (DCD - SCD - CPR)
    Destination Clock Delay (DCD):    0.843ns
    Source Clock Delay      (SCD):    0.000ns
    Clock Pessimism Removal (CPR):    -0.000ns

    Location             Delay type                Incr(ns)  Path(ns)    Netlist Resource(s)
  -------------------------------------------------------------------    -------------------
    L16                                               0.000     0.000 r  BUFFER (IN)
                         net (fo=0)                   0.000     0.000    BUFFER
    L16                  IBUF (Prop_ibuf_I_O)         0.247     0.247 r  BUFFER_IBUF_inst/O
                         net (fo=37, routed)          0.836     1.083    Control_path/v1/b1/BUFFER_IBUF
    SLICE_X9Y103         LUT4 (Prop_lut4_I1_O)        0.045     1.128 r  Control_path/v1/b1/VGA_R[1]_i_1/O
                         net (fo=3, routed)           0.000     1.128    Control_path/v1_n_3
    SLICE_X9Y103         FDRE                                         r  Control_path/VGA_R_reg[1]_lopt_replica_2/D
  -------------------------------------------------------------------    -------------------

                         (clock clk_out1_clk_25 rise edge)
                                                      0.000     0.000 r  
    BUFGCTRL_X0Y16       BUFG                         0.000     0.000 r  clk_IBUF_BUFG_inst/O
                         net (fo=186, routed)         0.828     0.828    c25/inst/clk_in1
    MMCME2_ADV_X0Y1      MMCME2_ADV (Prop_mmcme2_adv_CLKIN1_CLKOUT0)
                                                     -1.394    -0.567 r  c25/inst/mmcm_adv_inst/CLKOUT0
                         net (fo=1, routed)           0.540    -0.027    c25/inst/clk_out1_clk_25
    BUFGCTRL_X0Y0        BUFG (Prop_bufg_I_O)         0.029     0.002 r  c25/inst/clkout1_buf/O
                         net (fo=40, routed)          0.841     0.843    Control_path/CLK
    SLICE_X9Y103         FDRE                                         r  Control_path/VGA_R_reg[1]_lopt_replica_2/C

Slack:                    inf
  Source:                 BUFFER
                            (input port)
  Destination:            Control_path/VGA_R_reg[0]_lopt_replica_2/D
                            (rising edge-triggered cell FDRE clocked by clk_out1_clk_25  {rise@0.000ns fall@20.000ns period=40.000ns})
  Path Group:             (none)
  Path Type:              Hold (Min at Fast Process Corner)
  Data Path Delay:        1.171ns  (logic 0.292ns (24.967%)  route 0.879ns (75.033%))
  Logic Levels:           2  (IBUF=1 LUT4=1)
  Clock Path Skew:        0.843ns (DCD - SCD - CPR)
    Destination Clock Delay (DCD):    0.843ns
    Source Clock Delay      (SCD):    0.000ns
    Clock Pessimism Removal (CPR):    -0.000ns

    Location             Delay type                Incr(ns)  Path(ns)    Netlist Resource(s)
  -------------------------------------------------------------------    -------------------
    L16                                               0.000     0.000 r  BUFFER (IN)
                         net (fo=0)                   0.000     0.000    BUFFER
    L16                  IBUF (Prop_ibuf_I_O)         0.247     0.247 r  BUFFER_IBUF_inst/O
                         net (fo=37, routed)          0.760     1.007    Control_path/v1/b1/BUFFER_IBUF
    SLICE_X9Y103         LUT4 (Prop_lut4_I1_O)        0.045     1.052 r  Control_path/v1/b1/VGA_R[0]_i_1/O
                         net (fo=3, routed)           0.119     1.171    Control_path/v1_n_4
    SLICE_X8Y103         FDRE                                         r  Control_path/VGA_R_reg[0]_lopt_replica_2/D
  -------------------------------------------------------------------    -------------------

                         (clock clk_out1_clk_25 rise edge)
                                                      0.000     0.000 r  
    BUFGCTRL_X0Y16       BUFG                         0.000     0.000 r  clk_IBUF_BUFG_inst/O
                         net (fo=186, routed)         0.828     0.828    c25/inst/clk_in1
    MMCME2_ADV_X0Y1      MMCME2_ADV (Prop_mmcme2_adv_CLKIN1_CLKOUT0)
                                                     -1.394    -0.567 r  c25/inst/mmcm_adv_inst/CLKOUT0
                         net (fo=1, routed)           0.540    -0.027    c25/inst/clk_out1_clk_25
    BUFGCTRL_X0Y0        BUFG (Prop_bufg_I_O)         0.029     0.002 r  c25/inst/clkout1_buf/O
                         net (fo=40, routed)          0.841     0.843    Control_path/CLK
    SLICE_X8Y103         FDRE                                         r  Control_path/VGA_R_reg[0]_lopt_replica_2/C

Slack:                    inf
  Source:                 BUFFER
                            (input port)
  Destination:            Control_path/VGA_R_reg[0]_lopt_replica/D
                            (rising edge-triggered cell FDRE clocked by clk_out1_clk_25  {rise@0.000ns fall@20.000ns period=40.000ns})
  Path Group:             (none)
  Path Type:              Hold (Min at Fast Process Corner)
  Data Path Delay:        1.179ns  (logic 0.292ns (24.810%)  route 0.886ns (75.190%))
  Logic Levels:           2  (IBUF=1 LUT4=1)
  Clock Path Skew:        0.843ns (DCD - SCD - CPR)
    Destination Clock Delay (DCD):    0.843ns
    Source Clock Delay      (SCD):    0.000ns
    Clock Pessimism Removal (CPR):    -0.000ns

    Location             Delay type                Incr(ns)  Path(ns)    Netlist Resource(s)
  -------------------------------------------------------------------    -------------------
    L16                                               0.000     0.000 r  BUFFER (IN)
                         net (fo=0)                   0.000     0.000    BUFFER
    L16                  IBUF (Prop_ibuf_I_O)         0.247     0.247 r  BUFFER_IBUF_inst/O
                         net (fo=37, routed)          0.760     1.007    Control_path/v1/b1/BUFFER_IBUF
    SLICE_X9Y103         LUT4 (Prop_lut4_I1_O)        0.045     1.052 r  Control_path/v1/b1/VGA_R[0]_i_1/O
                         net (fo=3, routed)           0.127     1.179    Control_path/v1_n_4
    SLICE_X8Y103         FDRE                                         r  Control_path/VGA_R_reg[0]_lopt_replica/D
  -------------------------------------------------------------------    -------------------

                         (clock clk_out1_clk_25 rise edge)
                                                      0.000     0.000 r  
    BUFGCTRL_X0Y16       BUFG                         0.000     0.000 r  clk_IBUF_BUFG_inst/O
                         net (fo=186, routed)         0.828     0.828    c25/inst/clk_in1
    MMCME2_ADV_X0Y1      MMCME2_ADV (Prop_mmcme2_adv_CLKIN1_CLKOUT0)
                                                     -1.394    -0.567 r  c25/inst/mmcm_adv_inst/CLKOUT0
                         net (fo=1, routed)           0.540    -0.027    c25/inst/clk_out1_clk_25
    BUFGCTRL_X0Y0        BUFG (Prop_bufg_I_O)         0.029     0.002 r  c25/inst/clkout1_buf/O
                         net (fo=40, routed)          0.841     0.843    Control_path/CLK
    SLICE_X8Y103         FDRE                                         r  Control_path/VGA_R_reg[0]_lopt_replica/C

Slack:                    inf
  Source:                 BUFFER
                            (input port)
  Destination:            Control_path/VGA_R_reg[3]_lopt_replica_2/D
                            (rising edge-triggered cell FDRE clocked by clk_out1_clk_25  {rise@0.000ns fall@20.000ns period=40.000ns})
  Path Group:             (none)
  Path Type:              Hold (Min at Fast Process Corner)
  Data Path Delay:        1.235ns  (logic 0.292ns (23.680%)  route 0.942ns (76.320%))
  Logic Levels:           2  (IBUF=1 LUT4=1)
  Clock Path Skew:        0.844ns (DCD - SCD - CPR)
    Destination Clock Delay (DCD):    0.844ns
    Source Clock Delay      (SCD):    0.000ns
    Clock Pessimism Removal (CPR):    -0.000ns

    Location             Delay type                Incr(ns)  Path(ns)    Netlist Resource(s)
  -------------------------------------------------------------------    -------------------
    L16                                               0.000     0.000 r  BUFFER (IN)
                         net (fo=0)                   0.000     0.000    BUFFER
    L16                  IBUF (Prop_ibuf_I_O)         0.247     0.247 r  BUFFER_IBUF_inst/O
                         net (fo=37, routed)          0.942     1.190    Control_path/v1/b1/BUFFER_IBUF
    SLICE_X10Y102        LUT4 (Prop_lut4_I1_O)        0.045     1.235 r  Control_path/v1/b1/VGA_R[3]_i_1/O
                         net (fo=3, routed)           0.000     1.235    Control_path/v1_n_1
    SLICE_X10Y102        FDRE                                         r  Control_path/VGA_R_reg[3]_lopt_replica_2/D
  -------------------------------------------------------------------    -------------------

                         (clock clk_out1_clk_25 rise edge)
                                                      0.000     0.000 r  
    BUFGCTRL_X0Y16       BUFG                         0.000     0.000 r  clk_IBUF_BUFG_inst/O
                         net (fo=186, routed)         0.828     0.828    c25/inst/clk_in1
    MMCME2_ADV_X0Y1      MMCME2_ADV (Prop_mmcme2_adv_CLKIN1_CLKOUT0)
                                                     -1.394    -0.567 r  c25/inst/mmcm_adv_inst/CLKOUT0
                         net (fo=1, routed)           0.540    -0.027    c25/inst/clk_out1_clk_25
    BUFGCTRL_X0Y0        BUFG (Prop_bufg_I_O)         0.029     0.002 r  c25/inst/clkout1_buf/O
                         net (fo=40, routed)          0.843     0.844    Control_path/CLK
    SLICE_X10Y102        FDRE                                         r  Control_path/VGA_R_reg[3]_lopt_replica_2/C

Slack:                    inf
  Source:                 BUFFER
                            (input port)
  Destination:            Control_path/VGA_R_reg[1]_lopt_replica/D
                            (rising edge-triggered cell FDRE clocked by clk_out1_clk_25  {rise@0.000ns fall@20.000ns period=40.000ns})
  Path Group:             (none)
  Path Type:              Hold (Min at Fast Process Corner)
  Data Path Delay:        1.244ns  (logic 0.292ns (23.507%)  route 0.952ns (76.493%))
  Logic Levels:           2  (IBUF=1 LUT4=1)
  Clock Path Skew:        0.843ns (DCD - SCD - CPR)
    Destination Clock Delay (DCD):    0.843ns
    Source Clock Delay      (SCD):    0.000ns
    Clock Pessimism Removal (CPR):    -0.000ns

    Location             Delay type                Incr(ns)  Path(ns)    Netlist Resource(s)
  -------------------------------------------------------------------    -------------------
    L16                                               0.000     0.000 r  BUFFER (IN)
                         net (fo=0)                   0.000     0.000    BUFFER
    L16                  IBUF (Prop_ibuf_I_O)         0.247     0.247 r  BUFFER_IBUF_inst/O
                         net (fo=37, routed)          0.836     1.083    Control_path/v1/b1/BUFFER_IBUF
    SLICE_X9Y103         LUT4 (Prop_lut4_I1_O)        0.045     1.128 r  Control_path/v1/b1/VGA_R[1]_i_1/O
                         net (fo=3, routed)           0.116     1.244    Control_path/v1_n_3
    SLICE_X9Y103         FDRE                                         r  Control_path/VGA_R_reg[1]_lopt_replica/D
  -------------------------------------------------------------------    -------------------

                         (clock clk_out1_clk_25 rise edge)
                                                      0.000     0.000 r  
    BUFGCTRL_X0Y16       BUFG                         0.000     0.000 r  clk_IBUF_BUFG_inst/O
                         net (fo=186, routed)         0.828     0.828    c25/inst/clk_in1
    MMCME2_ADV_X0Y1      MMCME2_ADV (Prop_mmcme2_adv_CLKIN1_CLKOUT0)
                                                     -1.394    -0.567 r  c25/inst/mmcm_adv_inst/CLKOUT0
                         net (fo=1, routed)           0.540    -0.027    c25/inst/clk_out1_clk_25
    BUFGCTRL_X0Y0        BUFG (Prop_bufg_I_O)         0.029     0.002 r  c25/inst/clkout1_buf/O
                         net (fo=40, routed)          0.841     0.843    Control_path/CLK
    SLICE_X9Y103         FDRE                                         r  Control_path/VGA_R_reg[1]_lopt_replica/C

Slack:                    inf
  Source:                 BUFFER
                            (input port)
  Destination:            Control_path/VGA_R_reg[1]/D
                            (rising edge-triggered cell FDRE clocked by clk_out1_clk_25  {rise@0.000ns fall@20.000ns period=40.000ns})
  Path Group:             (none)
  Path Type:              Hold (Min at Fast Process Corner)
  Data Path Delay:        1.271ns  (logic 0.292ns (23.008%)  route 0.979ns (76.992%))
  Logic Levels:           2  (IBUF=1 LUT4=1)
  Clock Path Skew:        0.843ns (DCD - SCD - CPR)
    Destination Clock Delay (DCD):    0.843ns
    Source Clock Delay      (SCD):    0.000ns
    Clock Pessimism Removal (CPR):    -0.000ns

    Location             Delay type                Incr(ns)  Path(ns)    Netlist Resource(s)
  -------------------------------------------------------------------    -------------------
    L16                                               0.000     0.000 r  BUFFER (IN)
                         net (fo=0)                   0.000     0.000    BUFFER
    L16                  IBUF (Prop_ibuf_I_O)         0.247     0.247 r  BUFFER_IBUF_inst/O
                         net (fo=37, routed)          0.836     1.083    Control_path/v1/b1/BUFFER_IBUF
    SLICE_X9Y103         LUT4 (Prop_lut4_I1_O)        0.045     1.128 r  Control_path/v1/b1/VGA_R[1]_i_1/O
                         net (fo=3, routed)           0.143     1.271    Control_path/v1_n_3
    SLICE_X8Y103         FDRE                                         r  Control_path/VGA_R_reg[1]/D
  -------------------------------------------------------------------    -------------------

                         (clock clk_out1_clk_25 rise edge)
                                                      0.000     0.000 r  
    BUFGCTRL_X0Y16       BUFG                         0.000     0.000 r  clk_IBUF_BUFG_inst/O
                         net (fo=186, routed)         0.828     0.828    c25/inst/clk_in1
    MMCME2_ADV_X0Y1      MMCME2_ADV (Prop_mmcme2_adv_CLKIN1_CLKOUT0)
                                                     -1.394    -0.567 r  c25/inst/mmcm_adv_inst/CLKOUT0
                         net (fo=1, routed)           0.540    -0.027    c25/inst/clk_out1_clk_25
    BUFGCTRL_X0Y0        BUFG (Prop_bufg_I_O)         0.029     0.002 r  c25/inst/clkout1_buf/O
                         net (fo=40, routed)          0.841     0.843    Control_path/CLK
    SLICE_X8Y103         FDRE                                         r  Control_path/VGA_R_reg[1]/C

Slack:                    inf
  Source:                 BUFFER
                            (input port)
  Destination:            Control_path/VGA_R_reg[2]/D
                            (rising edge-triggered cell FDRE clocked by clk_out1_clk_25  {rise@0.000ns fall@20.000ns period=40.000ns})
  Path Group:             (none)
  Path Type:              Hold (Min at Fast Process Corner)
  Data Path Delay:        1.321ns  (logic 0.292ns (22.144%)  route 1.028ns (77.856%))
  Logic Levels:           2  (IBUF=1 LUT4=1)
  Clock Path Skew:        0.844ns (DCD - SCD - CPR)
    Destination Clock Delay (DCD):    0.844ns
    Source Clock Delay      (SCD):    0.000ns
    Clock Pessimism Removal (CPR):    -0.000ns

    Location             Delay type                Incr(ns)  Path(ns)    Netlist Resource(s)
  -------------------------------------------------------------------    -------------------
    L16                                               0.000     0.000 r  BUFFER (IN)
                         net (fo=0)                   0.000     0.000    BUFFER
    L16                  IBUF (Prop_ibuf_I_O)         0.247     0.247 r  BUFFER_IBUF_inst/O
                         net (fo=37, routed)          0.972     1.219    Control_path/v1/b1/BUFFER_IBUF
    SLICE_X10Y102        LUT4 (Prop_lut4_I1_O)        0.045     1.264 r  Control_path/v1/b1/VGA_R[2]_i_1/O
                         net (fo=3, routed)           0.056     1.321    Control_path/v1_n_2
    SLICE_X11Y102        FDRE                                         r  Control_path/VGA_R_reg[2]/D
  -------------------------------------------------------------------    -------------------

                         (clock clk_out1_clk_25 rise edge)
                                                      0.000     0.000 r  
    BUFGCTRL_X0Y16       BUFG                         0.000     0.000 r  clk_IBUF_BUFG_inst/O
                         net (fo=186, routed)         0.828     0.828    c25/inst/clk_in1
    MMCME2_ADV_X0Y1      MMCME2_ADV (Prop_mmcme2_adv_CLKIN1_CLKOUT0)
                                                     -1.394    -0.567 r  c25/inst/mmcm_adv_inst/CLKOUT0
                         net (fo=1, routed)           0.540    -0.027    c25/inst/clk_out1_clk_25
    BUFGCTRL_X0Y0        BUFG (Prop_bufg_I_O)         0.029     0.002 r  c25/inst/clkout1_buf/O
                         net (fo=40, routed)          0.843     0.844    Control_path/CLK
    SLICE_X11Y102        FDRE                                         r  Control_path/VGA_R_reg[2]/C

Slack:                    inf
  Source:                 BUFFER
                            (input port)
  Destination:            Control_path/VGA_R_reg[2]_lopt_replica/D
                            (rising edge-triggered cell FDRE clocked by clk_out1_clk_25  {rise@0.000ns fall@20.000ns period=40.000ns})
  Path Group:             (none)
  Path Type:              Hold (Min at Fast Process Corner)
  Data Path Delay:        1.381ns  (logic 0.292ns (21.177%)  route 1.088ns (78.823%))
  Logic Levels:           2  (IBUF=1 LUT4=1)
  Clock Path Skew:        0.844ns (DCD - SCD - CPR)
    Destination Clock Delay (DCD):    0.844ns
    Source Clock Delay      (SCD):    0.000ns
    Clock Pessimism Removal (CPR):    -0.000ns

    Location             Delay type                Incr(ns)  Path(ns)    Netlist Resource(s)
  -------------------------------------------------------------------    -------------------
    L16                                               0.000     0.000 r  BUFFER (IN)
                         net (fo=0)                   0.000     0.000    BUFFER
    L16                  IBUF (Prop_ibuf_I_O)         0.247     0.247 r  BUFFER_IBUF_inst/O
                         net (fo=37, routed)          0.972     1.219    Control_path/v1/b1/BUFFER_IBUF
    SLICE_X10Y102        LUT4 (Prop_lut4_I1_O)        0.045     1.264 r  Control_path/v1/b1/VGA_R[2]_i_1/O
                         net (fo=3, routed)           0.116     1.381    Control_path/v1_n_2
    SLICE_X11Y102        FDRE                                         r  Control_path/VGA_R_reg[2]_lopt_replica/D
  -------------------------------------------------------------------    -------------------

                         (clock clk_out1_clk_25 rise edge)
                                                      0.000     0.000 r  
    BUFGCTRL_X0Y16       BUFG                         0.000     0.000 r  clk_IBUF_BUFG_inst/O
                         net (fo=186, routed)         0.828     0.828    c25/inst/clk_in1
    MMCME2_ADV_X0Y1      MMCME2_ADV (Prop_mmcme2_adv_CLKIN1_CLKOUT0)
                                                     -1.394    -0.567 r  c25/inst/mmcm_adv_inst/CLKOUT0
                         net (fo=1, routed)           0.540    -0.027    c25/inst/clk_out1_clk_25
    BUFGCTRL_X0Y0        BUFG (Prop_bufg_I_O)         0.029     0.002 r  c25/inst/clkout1_buf/O
                         net (fo=40, routed)          0.843     0.844    Control_path/CLK
    SLICE_X11Y102        FDRE                                         r  Control_path/VGA_R_reg[2]_lopt_replica/C

Slack:                    inf
  Source:                 BUFFER
                            (input port)
  Destination:            Control_path/VGA_R_reg[3]/D
                            (rising edge-triggered cell FDRE clocked by clk_out1_clk_25  {rise@0.000ns fall@20.000ns period=40.000ns})
  Path Group:             (none)
  Path Type:              Hold (Min at Fast Process Corner)
  Data Path Delay:        1.388ns  (logic 0.292ns (21.075%)  route 1.095ns (78.925%))
  Logic Levels:           2  (IBUF=1 LUT4=1)
  Clock Path Skew:        0.844ns (DCD - SCD - CPR)
    Destination Clock Delay (DCD):    0.844ns
    Source Clock Delay      (SCD):    0.000ns
    Clock Pessimism Removal (CPR):    -0.000ns

    Location             Delay type                Incr(ns)  Path(ns)    Netlist Resource(s)
  -------------------------------------------------------------------    -------------------
    L16                                               0.000     0.000 r  BUFFER (IN)
                         net (fo=0)                   0.000     0.000    BUFFER
    L16                  IBUF (Prop_ibuf_I_O)         0.247     0.247 r  BUFFER_IBUF_inst/O
                         net (fo=37, routed)          0.942     1.190    Control_path/v1/b1/BUFFER_IBUF
    SLICE_X10Y102        LUT4 (Prop_lut4_I1_O)        0.045     1.235 r  Control_path/v1/b1/VGA_R[3]_i_1/O
                         net (fo=3, routed)           0.153     1.388    Control_path/v1_n_1
    SLICE_X11Y102        FDRE                                         r  Control_path/VGA_R_reg[3]/D
  -------------------------------------------------------------------    -------------------

                         (clock clk_out1_clk_25 rise edge)
                                                      0.000     0.000 r  
    BUFGCTRL_X0Y16       BUFG                         0.000     0.000 r  clk_IBUF_BUFG_inst/O
                         net (fo=186, routed)         0.828     0.828    c25/inst/clk_in1
    MMCME2_ADV_X0Y1      MMCME2_ADV (Prop_mmcme2_adv_CLKIN1_CLKOUT0)
                                                     -1.394    -0.567 r  c25/inst/mmcm_adv_inst/CLKOUT0
                         net (fo=1, routed)           0.540    -0.027    c25/inst/clk_out1_clk_25
    BUFGCTRL_X0Y0        BUFG (Prop_bufg_I_O)         0.029     0.002 r  c25/inst/clkout1_buf/O
                         net (fo=40, routed)          0.843     0.844    Control_path/CLK
    SLICE_X11Y102        FDRE                                         r  Control_path/VGA_R_reg[3]/C





--------------------------------------------------------------------------------------
Path Group:  (none)
From Clock:  
  To Clock:  clk_out1_clk_50

Max Delay           256 Endpoints
Min Delay           256 Endpoints
--------------------------------------------------------------------------------------


Max Delay Paths
--------------------------------------------------------------------------------------
Slack:                    inf
  Source:                 BUFFER
                            (input port)
  Destination:            <hidden>
                            (rising edge-triggered cell RAMB36E1 clocked by clk_out1_clk_50  {rise@0.000ns fall@10.000ns period=20.000ns})
  Path Group:             (none)
  Path Type:              Setup (Max at Slow Process Corner)
  Data Path Delay:        8.196ns  (logic 1.604ns (19.564%)  route 6.593ns (80.436%))
  Logic Levels:           2  (IBUF=1 LUT4=1)
  Clock Path Skew:        1.539ns (DCD - SCD + CPR)
    Destination Clock Delay (DCD):    1.539ns
    Source Clock Delay      (SCD):    0.000ns
    Clock Pessimism Removal (CPR):    0.000ns
  Clock Uncertainty:      0.178ns  ((TSJ^2 + DJ^2)^1/2) / 2 + PE
    Total System Jitter     (TSJ):    0.050ns
    Discrete Jitter          (DJ):    0.152ns
    Phase Error              (PE):    0.099ns

    Location             Delay type                Incr(ns)  Path(ns)    Netlist Resource(s)
  -------------------------------------------------------------------    -------------------
    L16                                               0.000     0.000 r  BUFFER (IN)
                         net (fo=0)                   0.000     0.000    BUFFER
    L16                  IBUF (Prop_ibuf_I_O)         1.480     1.480 r  BUFFER_IBUF_inst/O
                         net (fo=37, routed)          3.993     5.473    Control_path/v1/c1/BUFFER_IBUF
    SLICE_X8Y73          LUT4 (Prop_lut4_I1_O)        0.124     5.597 r  Control_path/v1/c1/buffer_ram_2_i_13/O
                         net (fo=8, routed)           2.600     8.196    <hidden>
    RAMB36_X0Y23         RAMB36E1                                     r  <hidden>
  -------------------------------------------------------------------    -------------------

                         (clock clk_out1_clk_50 rise edge)
                                                      0.000     0.000 r  
    BUFGCTRL_X0Y16       BUFG                         0.000     0.000 r  clk_IBUF_BUFG_inst/O
                         net (fo=186, routed)         1.683     1.683    c50/inst/clk_in1
    MMCME2_ADV_X0Y0      MMCME2_ADV (Prop_mmcme2_adv_CLKIN1_CLKOUT0)
                                                     -3.694    -2.011 r  c50/inst/mmcm_adv_inst/CLKOUT0
                         net (fo=1, routed)           1.923    -0.088    c50/inst/clk_out1_clk_50
    BUFGCTRL_X0Y1        BUFG (Prop_bufg_I_O)         0.091     0.003 r  c50/inst/clkout1_buf/O
                         net (fo=16, routed)          1.536     1.539    <hidden>
    RAMB36_X0Y23         RAMB36E1                                     r  <hidden>

Slack:                    inf
  Source:                 FRAMESTART
                            (input port)
  Destination:            <hidden>
                            (rising edge-triggered cell RAMB36E1 clocked by clk_out1_clk_50  {rise@0.000ns fall@10.000ns period=20.000ns})
  Path Group:             (none)
  Path Type:              Setup (Max at Slow Process Corner)
  Data Path Delay:        8.161ns  (logic 1.602ns (19.625%)  route 6.559ns (80.375%))
  Logic Levels:           2  (IBUF=1 LUT4=1)
  Clock Path Skew:        1.728ns (DCD - SCD + CPR)
    Destination Clock Delay (DCD):    1.728ns
    Source Clock Delay      (SCD):    0.000ns
    Clock Pessimism Removal (CPR):    0.000ns
  Clock Uncertainty:      0.178ns  ((TSJ^2 + DJ^2)^1/2) / 2 + PE
    Total System Jitter     (TSJ):    0.050ns
    Discrete Jitter          (DJ):    0.152ns
    Phase Error              (PE):    0.099ns

    Location             Delay type                Incr(ns)  Path(ns)    Netlist Resource(s)
  -------------------------------------------------------------------    -------------------
    J15                                               0.000     0.000 r  FRAMESTART (IN)
                         net (fo=0)                   0.000     0.000    FRAMESTART
    J15                  IBUF (Prop_ibuf_I_O)         1.478     1.478 r  FRAMESTART_IBUF_inst/O
                         net (fo=33, routed)          4.053     5.531    Control_path/v1/c2/FRAMESTART_IBUF
    SLICE_X8Y73          LUT4 (Prop_lut4_I2_O)        0.124     5.655 r  Control_path/v1/c2/buffer_ram_1_i_15/O
                         net (fo=8, routed)           2.506     8.161    <hidden>
    RAMB36_X0Y8          RAMB36E1                                     r  <hidden>
  -------------------------------------------------------------------    -------------------

                         (clock clk_out1_clk_50 rise edge)
                                                      0.000     0.000 r  
    BUFGCTRL_X0Y16       BUFG                         0.000     0.000 r  clk_IBUF_BUFG_inst/O
                         net (fo=186, routed)         1.683     1.683    c50/inst/clk_in1
    MMCME2_ADV_X0Y0      MMCME2_ADV (Prop_mmcme2_adv_CLKIN1_CLKOUT0)
                                                     -3.694    -2.011 r  c50/inst/mmcm_adv_inst/CLKOUT0
                         net (fo=1, routed)           1.923    -0.088    c50/inst/clk_out1_clk_50
    BUFGCTRL_X0Y1        BUFG (Prop_bufg_I_O)         0.091     0.003 r  c50/inst/clkout1_buf/O
                         net (fo=16, routed)          1.725     1.728    <hidden>
    RAMB36_X0Y8          RAMB36E1                                     r  <hidden>

Slack:                    inf
  Source:                 BUFFER
                            (input port)
  Destination:            <hidden>
                            (rising edge-triggered cell RAMB36E1 clocked by clk_out1_clk_50  {rise@0.000ns fall@10.000ns period=20.000ns})
  Path Group:             (none)
  Path Type:              Setup (Max at Slow Process Corner)
  Data Path Delay:        8.141ns  (logic 1.604ns (19.696%)  route 6.538ns (80.304%))
  Logic Levels:           2  (IBUF=1 LUT4=1)
  Clock Path Skew:        1.548ns (DCD - SCD + CPR)
    Destination Clock Delay (DCD):    1.548ns
    Source Clock Delay      (SCD):    0.000ns
    Clock Pessimism Removal (CPR):    0.000ns
  Clock Uncertainty:      0.178ns  ((TSJ^2 + DJ^2)^1/2) / 2 + PE
    Total System Jitter     (TSJ):    0.050ns
    Discrete Jitter          (DJ):    0.152ns
    Phase Error              (PE):    0.099ns

    Location             Delay type                Incr(ns)  Path(ns)    Netlist Resource(s)
  -------------------------------------------------------------------    -------------------
    L16                                               0.000     0.000 r  BUFFER (IN)
                         net (fo=0)                   0.000     0.000    BUFFER
    L16                  IBUF (Prop_ibuf_I_O)         1.480     1.480 r  BUFFER_IBUF_inst/O
                         net (fo=37, routed)          3.993     5.473    Control_path/v1/c1/BUFFER_IBUF
    SLICE_X8Y73          LUT4 (Prop_lut4_I1_O)        0.124     5.597 r  Control_path/v1/c1/buffer_ram_2_i_13/O
                         net (fo=8, routed)           2.545     8.141    <hidden>
    RAMB36_X0Y21         RAMB36E1                                     r  <hidden>
  -------------------------------------------------------------------    -------------------

                         (clock clk_out1_clk_50 rise edge)
                                                      0.000     0.000 r  
    BUFGCTRL_X0Y16       BUFG                         0.000     0.000 r  clk_IBUF_BUFG_inst/O
                         net (fo=186, routed)         1.683     1.683    c50/inst/clk_in1
    MMCME2_ADV_X0Y0      MMCME2_ADV (Prop_mmcme2_adv_CLKIN1_CLKOUT0)
                                                     -3.694    -2.011 r  c50/inst/mmcm_adv_inst/CLKOUT0
                         net (fo=1, routed)           1.923    -0.088    c50/inst/clk_out1_clk_50
    BUFGCTRL_X0Y1        BUFG (Prop_bufg_I_O)         0.091     0.003 r  c50/inst/clkout1_buf/O
                         net (fo=16, routed)          1.545     1.548    <hidden>
    RAMB36_X0Y21         RAMB36E1                                     r  <hidden>

Slack:                    inf
  Source:                 BUFFER
                            (input port)
  Destination:            <hidden>
                            (rising edge-triggered cell RAMB36E1 clocked by clk_out1_clk_50  {rise@0.000ns fall@10.000ns period=20.000ns})
  Path Group:             (none)
  Path Type:              Setup (Max at Slow Process Corner)
  Data Path Delay:        8.140ns  (logic 1.604ns (19.701%)  route 6.536ns (80.299%))
  Logic Levels:           2  (IBUF=1 LUT4=1)
  Clock Path Skew:        1.728ns (DCD - SCD + CPR)
    Destination Clock Delay (DCD):    1.728ns
    Source Clock Delay      (SCD):    0.000ns
    Clock Pessimism Removal (CPR):    0.000ns
  Clock Uncertainty:      0.178ns  ((TSJ^2 + DJ^2)^1/2) / 2 + PE
    Total System Jitter     (TSJ):    0.050ns
    Discrete Jitter          (DJ):    0.152ns
    Phase Error              (PE):    0.099ns

    Location             Delay type                Incr(ns)  Path(ns)    Netlist Resource(s)
  -------------------------------------------------------------------    -------------------
    L16                                               0.000     0.000 r  BUFFER (IN)
                         net (fo=0)                   0.000     0.000    BUFFER
    L16                  IBUF (Prop_ibuf_I_O)         1.480     1.480 r  BUFFER_IBUF_inst/O
                         net (fo=37, routed)          3.985     5.465    Control_path/v1/c2/BUFFER_IBUF
    SLICE_X8Y73          LUT4 (Prop_lut4_I1_O)        0.124     5.589 r  Control_path/v1/c2/buffer_ram_1_i_13/O
                         net (fo=8, routed)           2.551     8.140    <hidden>
    RAMB36_X0Y8          RAMB36E1                                     r  <hidden>
  -------------------------------------------------------------------    -------------------

                         (clock clk_out1_clk_50 rise edge)
                                                      0.000     0.000 r  
    BUFGCTRL_X0Y16       BUFG                         0.000     0.000 r  clk_IBUF_BUFG_inst/O
                         net (fo=186, routed)         1.683     1.683    c50/inst/clk_in1
    MMCME2_ADV_X0Y0      MMCME2_ADV (Prop_mmcme2_adv_CLKIN1_CLKOUT0)
                                                     -3.694    -2.011 r  c50/inst/mmcm_adv_inst/CLKOUT0
                         net (fo=1, routed)           1.923    -0.088    c50/inst/clk_out1_clk_50
    BUFGCTRL_X0Y1        BUFG (Prop_bufg_I_O)         0.091     0.003 r  c50/inst/clkout1_buf/O
                         net (fo=16, routed)          1.725     1.728    <hidden>
    RAMB36_X0Y8          RAMB36E1                                     r  <hidden>

Slack:                    inf
  Source:                 FRAMESTART
                            (input port)
  Destination:            <hidden>
                            (rising edge-triggered cell RAMB36E1 clocked by clk_out1_clk_50  {rise@0.000ns fall@10.000ns period=20.000ns})
  Path Group:             (none)
  Path Type:              Setup (Max at Slow Process Corner)
  Data Path Delay:        8.123ns  (logic 1.602ns (19.717%)  route 6.521ns (80.283%))
  Logic Levels:           2  (IBUF=1 LUT4=1)
  Clock Path Skew:        1.548ns (DCD - SCD + CPR)
    Destination Clock Delay (DCD):    1.548ns
    Source Clock Delay      (SCD):    0.000ns
    Clock Pessimism Removal (CPR):    0.000ns
  Clock Uncertainty:      0.178ns  ((TSJ^2 + DJ^2)^1/2) / 2 + PE
    Total System Jitter     (TSJ):    0.050ns
    Discrete Jitter          (DJ):    0.152ns
    Phase Error              (PE):    0.099ns

    Location             Delay type                Incr(ns)  Path(ns)    Netlist Resource(s)
  -------------------------------------------------------------------    -------------------
    J15                                               0.000     0.000 r  FRAMESTART (IN)
                         net (fo=0)                   0.000     0.000    FRAMESTART
    J15                  IBUF (Prop_ibuf_I_O)         1.478     1.478 r  FRAMESTART_IBUF_inst/O
                         net (fo=33, routed)          4.039     5.516    Control_path/v1/c1/FRAMESTART_IBUF
    SLICE_X7Y74          LUT4 (Prop_lut4_I2_O)        0.124     5.640 r  Control_path/v1/c1/buffer_ram_2_i_15/O
                         net (fo=8, routed)           2.483     8.123    <hidden>
    RAMB36_X0Y21         RAMB36E1                                     r  <hidden>
  -------------------------------------------------------------------    -------------------

                         (clock clk_out1_clk_50 rise edge)
                                                      0.000     0.000 r  
    BUFGCTRL_X0Y16       BUFG                         0.000     0.000 r  clk_IBUF_BUFG_inst/O
                         net (fo=186, routed)         1.683     1.683    c50/inst/clk_in1
    MMCME2_ADV_X0Y0      MMCME2_ADV (Prop_mmcme2_adv_CLKIN1_CLKOUT0)
                                                     -3.694    -2.011 r  c50/inst/mmcm_adv_inst/CLKOUT0
                         net (fo=1, routed)           1.923    -0.088    c50/inst/clk_out1_clk_50
    BUFGCTRL_X0Y1        BUFG (Prop_bufg_I_O)         0.091     0.003 r  c50/inst/clkout1_buf/O
                         net (fo=16, routed)          1.545     1.548    <hidden>
    RAMB36_X0Y21         RAMB36E1                                     r  <hidden>

Slack:                    inf
  Source:                 BUFFER
                            (input port)
  Destination:            <hidden>
                            (rising edge-triggered cell RAMB36E1 clocked by clk_out1_clk_50  {rise@0.000ns fall@10.000ns period=20.000ns})
  Path Group:             (none)
  Path Type:              Setup (Max at Slow Process Corner)
  Data Path Delay:        8.067ns  (logic 1.604ns (19.879%)  route 6.463ns (80.121%))
  Logic Levels:           2  (IBUF=1 LUT4=1)
  Clock Path Skew:        1.548ns (DCD - SCD + CPR)
    Destination Clock Delay (DCD):    1.548ns
    Source Clock Delay      (SCD):    0.000ns
    Clock Pessimism Removal (CPR):    0.000ns
  Clock Uncertainty:      0.178ns  ((TSJ^2 + DJ^2)^1/2) / 2 + PE
    Total System Jitter     (TSJ):    0.050ns
    Discrete Jitter          (DJ):    0.152ns
    Phase Error              (PE):    0.099ns

    Location             Delay type                Incr(ns)  Path(ns)    Netlist Resource(s)
  -------------------------------------------------------------------    -------------------
    L16                                               0.000     0.000 r  BUFFER (IN)
                         net (fo=0)                   0.000     0.000    BUFFER
    L16                  IBUF (Prop_ibuf_I_O)         1.480     1.480 r  BUFFER_IBUF_inst/O
                         net (fo=37, routed)          3.739     5.219    Control_path/v1/c1/BUFFER_IBUF
    SLICE_X7Y75          LUT4 (Prop_lut4_I1_O)        0.124     5.343 r  Control_path/v1/c1/buffer_ram_2_i_9/O
                         net (fo=8, routed)           2.724     8.067    <hidden>
    RAMB36_X0Y21         RAMB36E1                                     r  <hidden>
  -------------------------------------------------------------------    -------------------

                         (clock clk_out1_clk_50 rise edge)
                                                      0.000     0.000 r  
    BUFGCTRL_X0Y16       BUFG                         0.000     0.000 r  clk_IBUF_BUFG_inst/O
                         net (fo=186, routed)         1.683     1.683    c50/inst/clk_in1
    MMCME2_ADV_X0Y0      MMCME2_ADV (Prop_mmcme2_adv_CLKIN1_CLKOUT0)
                                                     -3.694    -2.011 r  c50/inst/mmcm_adv_inst/CLKOUT0
                         net (fo=1, routed)           1.923    -0.088    c50/inst/clk_out1_clk_50
    BUFGCTRL_X0Y1        BUFG (Prop_bufg_I_O)         0.091     0.003 r  c50/inst/clkout1_buf/O
                         net (fo=16, routed)          1.545     1.548    <hidden>
    RAMB36_X0Y21         RAMB36E1                                     r  <hidden>

Slack:                    inf
  Source:                 BUFFER
                            (input port)
  Destination:            <hidden>
                            (rising edge-triggered cell RAMB36E1 clocked by clk_out1_clk_50  {rise@0.000ns fall@10.000ns period=20.000ns})
  Path Group:             (none)
  Path Type:              Setup (Max at Slow Process Corner)
  Data Path Delay:        7.904ns  (logic 1.604ns (20.287%)  route 6.301ns (79.713%))
  Logic Levels:           2  (IBUF=1 LUT4=1)
  Clock Path Skew:        1.539ns (DCD - SCD + CPR)
    Destination Clock Delay (DCD):    1.539ns
    Source Clock Delay      (SCD):    0.000ns
    Clock Pessimism Removal (CPR):    0.000ns
  Clock Uncertainty:      0.178ns  ((TSJ^2 + DJ^2)^1/2) / 2 + PE
    Total System Jitter     (TSJ):    0.050ns
    Discrete Jitter          (DJ):    0.152ns
    Phase Error              (PE):    0.099ns

    Location             Delay type                Incr(ns)  Path(ns)    Netlist Resource(s)
  -------------------------------------------------------------------    -------------------
    L16                                               0.000     0.000 r  BUFFER (IN)
                         net (fo=0)                   0.000     0.000    BUFFER
    L16                  IBUF (Prop_ibuf_I_O)         1.480     1.480 r  BUFFER_IBUF_inst/O
                         net (fo=37, routed)          3.311     4.790    Control_path/v1/c1/BUFFER_IBUF
    SLICE_X7Y77          LUT4 (Prop_lut4_I1_O)        0.124     4.914 r  Control_path/v1/c1/buffer_ram_2_i_1/O
                         net (fo=8, routed)           2.990     7.904    <hidden>
    RAMB36_X0Y23         RAMB36E1                                     r  <hidden>
  -------------------------------------------------------------------    -------------------

                         (clock clk_out1_clk_50 rise edge)
                                                      0.000     0.000 r  
    BUFGCTRL_X0Y16       BUFG                         0.000     0.000 r  clk_IBUF_BUFG_inst/O
                         net (fo=186, routed)         1.683     1.683    c50/inst/clk_in1
    MMCME2_ADV_X0Y0      MMCME2_ADV (Prop_mmcme2_adv_CLKIN1_CLKOUT0)
                                                     -3.694    -2.011 r  c50/inst/mmcm_adv_inst/CLKOUT0
                         net (fo=1, routed)           1.923    -0.088    c50/inst/clk_out1_clk_50
    BUFGCTRL_X0Y1        BUFG (Prop_bufg_I_O)         0.091     0.003 r  c50/inst/clkout1_buf/O
                         net (fo=16, routed)          1.536     1.539    <hidden>
    RAMB36_X0Y23         RAMB36E1                                     r  <hidden>

Slack:                    inf
  Source:                 BUFFER
                            (input port)
  Destination:            <hidden>
                            (rising edge-triggered cell RAMB36E1 clocked by clk_out1_clk_50  {rise@0.000ns fall@10.000ns period=20.000ns})
  Path Group:             (none)
  Path Type:              Setup (Max at Slow Process Corner)
  Data Path Delay:        7.870ns  (logic 1.604ns (20.377%)  route 6.266ns (79.623%))
  Logic Levels:           2  (IBUF=1 LUT4=1)
  Clock Path Skew:        1.545ns (DCD - SCD + CPR)
    Destination Clock Delay (DCD):    1.545ns
    Source Clock Delay      (SCD):    0.000ns
    Clock Pessimism Removal (CPR):    0.000ns
  Clock Uncertainty:      0.178ns  ((TSJ^2 + DJ^2)^1/2) / 2 + PE
    Total System Jitter     (TSJ):    0.050ns
    Discrete Jitter          (DJ):    0.152ns
    Phase Error              (PE):    0.099ns

    Location             Delay type                Incr(ns)  Path(ns)    Netlist Resource(s)
  -------------------------------------------------------------------    -------------------
    L16                                               0.000     0.000 r  BUFFER (IN)
                         net (fo=0)                   0.000     0.000    BUFFER
    L16                  IBUF (Prop_ibuf_I_O)         1.480     1.480 r  BUFFER_IBUF_inst/O
                         net (fo=37, routed)          3.311     4.790    Control_path/v1/c1/BUFFER_IBUF
    SLICE_X7Y77          LUT4 (Prop_lut4_I1_O)        0.124     4.914 r  Control_path/v1/c1/buffer_ram_2_i_1/O
                         net (fo=8, routed)           2.955     7.870    <hidden>
    RAMB36_X0Y22         RAMB36E1                                     r  <hidden>
  -------------------------------------------------------------------    -------------------

                         (clock clk_out1_clk_50 rise edge)
                                                      0.000     0.000 r  
    BUFGCTRL_X0Y16       BUFG                         0.000     0.000 r  clk_IBUF_BUFG_inst/O
                         net (fo=186, routed)         1.683     1.683    c50/inst/clk_in1
    MMCME2_ADV_X0Y0      MMCME2_ADV (Prop_mmcme2_adv_CLKIN1_CLKOUT0)
                                                     -3.694    -2.011 r  c50/inst/mmcm_adv_inst/CLKOUT0
                         net (fo=1, routed)           1.923    -0.088    c50/inst/clk_out1_clk_50
    BUFGCTRL_X0Y1        BUFG (Prop_bufg_I_O)         0.091     0.003 r  c50/inst/clkout1_buf/O
                         net (fo=16, routed)          1.542     1.545    <hidden>
    RAMB36_X0Y22         RAMB36E1                                     r  <hidden>

Slack:                    inf
  Source:                 BUFFER
                            (input port)
  Destination:            <hidden>
                            (rising edge-triggered cell RAMB36E1 clocked by clk_out1_clk_50  {rise@0.000ns fall@10.000ns period=20.000ns})
  Path Group:             (none)
  Path Type:              Setup (Max at Slow Process Corner)
  Data Path Delay:        7.858ns  (logic 1.604ns (20.406%)  route 6.255ns (79.594%))
  Logic Levels:           2  (IBUF=1 LUT4=1)
  Clock Path Skew:        1.545ns (DCD - SCD + CPR)
    Destination Clock Delay (DCD):    1.545ns
    Source Clock Delay      (SCD):    0.000ns
    Clock Pessimism Removal (CPR):    0.000ns
  Clock Uncertainty:      0.178ns  ((TSJ^2 + DJ^2)^1/2) / 2 + PE
    Total System Jitter     (TSJ):    0.050ns
    Discrete Jitter          (DJ):    0.152ns
    Phase Error              (PE):    0.099ns

    Location             Delay type                Incr(ns)  Path(ns)    Netlist Resource(s)
  -------------------------------------------------------------------    -------------------
    L16                                               0.000     0.000 r  BUFFER (IN)
                         net (fo=0)                   0.000     0.000    BUFFER
    L16                  IBUF (Prop_ibuf_I_O)         1.480     1.480 r  BUFFER_IBUF_inst/O
                         net (fo=37, routed)          3.993     5.473    Control_path/v1/c1/BUFFER_IBUF
    SLICE_X8Y73          LUT4 (Prop_lut4_I1_O)        0.124     5.597 r  Control_path/v1/c1/buffer_ram_2_i_13/O
                         net (fo=8, routed)           2.262     7.858    <hidden>
    RAMB36_X0Y22         RAMB36E1                                     r  <hidden>
  -------------------------------------------------------------------    -------------------

                         (clock clk_out1_clk_50 rise edge)
                                                      0.000     0.000 r  
    BUFGCTRL_X0Y16       BUFG                         0.000     0.000 r  clk_IBUF_BUFG_inst/O
                         net (fo=186, routed)         1.683     1.683    c50/inst/clk_in1
    MMCME2_ADV_X0Y0      MMCME2_ADV (Prop_mmcme2_adv_CLKIN1_CLKOUT0)
                                                     -3.694    -2.011 r  c50/inst/mmcm_adv_inst/CLKOUT0
                         net (fo=1, routed)           1.923    -0.088    c50/inst/clk_out1_clk_50
    BUFGCTRL_X0Y1        BUFG (Prop_bufg_I_O)         0.091     0.003 r  c50/inst/clkout1_buf/O
                         net (fo=16, routed)          1.542     1.545    <hidden>
    RAMB36_X0Y22         RAMB36E1                                     r  <hidden>

Slack:                    inf
  Source:                 FRAMESTART
                            (input port)
  Destination:            <hidden>
                            (rising edge-triggered cell RAMB36E1 clocked by clk_out1_clk_50  {rise@0.000ns fall@10.000ns period=20.000ns})
  Path Group:             (none)
  Path Type:              Setup (Max at Slow Process Corner)
  Data Path Delay:        7.857ns  (logic 1.602ns (20.383%)  route 6.256ns (79.617%))
  Logic Levels:           2  (IBUF=1 LUT4=1)
  Clock Path Skew:        1.728ns (DCD - SCD + CPR)
    Destination Clock Delay (DCD):    1.728ns
    Source Clock Delay      (SCD):    0.000ns
    Clock Pessimism Removal (CPR):    0.000ns
  Clock Uncertainty:      0.178ns  ((TSJ^2 + DJ^2)^1/2) / 2 + PE
    Total System Jitter     (TSJ):    0.050ns
    Discrete Jitter          (DJ):    0.152ns
    Phase Error              (PE):    0.099ns

    Location             Delay type                Incr(ns)  Path(ns)    Netlist Resource(s)
  -------------------------------------------------------------------    -------------------
    J15                                               0.000     0.000 r  FRAMESTART (IN)
                         net (fo=0)                   0.000     0.000    FRAMESTART
    J15                  IBUF (Prop_ibuf_I_O)         1.478     1.478 r  FRAMESTART_IBUF_inst/O
                         net (fo=33, routed)          4.039     5.517    Control_path/v1/c2/FRAMESTART_IBUF
    SLICE_X8Y73          LUT4 (Prop_lut4_I2_O)        0.124     5.641 r  Control_path/v1/c2/buffer_ram_1_i_14/O
                         net (fo=8, routed)           2.217     7.857    <hidden>
    RAMB36_X0Y8          RAMB36E1                                     r  <hidden>
  -------------------------------------------------------------------    -------------------

                         (clock clk_out1_clk_50 rise edge)
                                                      0.000     0.000 r  
    BUFGCTRL_X0Y16       BUFG                         0.000     0.000 r  clk_IBUF_BUFG_inst/O
                         net (fo=186, routed)         1.683     1.683    c50/inst/clk_in1
    MMCME2_ADV_X0Y0      MMCME2_ADV (Prop_mmcme2_adv_CLKIN1_CLKOUT0)
                                                     -3.694    -2.011 r  c50/inst/mmcm_adv_inst/CLKOUT0
                         net (fo=1, routed)           1.923    -0.088    c50/inst/clk_out1_clk_50
    BUFGCTRL_X0Y1        BUFG (Prop_bufg_I_O)         0.091     0.003 r  c50/inst/clkout1_buf/O
                         net (fo=16, routed)          1.725     1.728    <hidden>
    RAMB36_X0Y8          RAMB36E1                                     r  <hidden>





Min Delay Paths
--------------------------------------------------------------------------------------
Slack:                    inf
  Source:                 FRAMESTART
                            (input port)
  Destination:            <hidden>
                            (rising edge-triggered cell RAMB36E1 clocked by clk_out1_clk_50  {rise@0.000ns fall@10.000ns period=20.000ns})
  Path Group:             (none)
  Path Type:              Hold (Min at Fast Process Corner)
  Data Path Delay:        1.633ns  (logic 0.290ns (17.784%)  route 1.343ns (82.216%))
  Logic Levels:           2  (IBUF=1 LUT4=1)
  Clock Path Skew:        0.881ns (DCD - SCD - CPR)
    Destination Clock Delay (DCD):    0.881ns
    Source Clock Delay      (SCD):    0.000ns
    Clock Pessimism Removal (CPR):    -0.000ns

    Location             Delay type                Incr(ns)  Path(ns)    Netlist Resource(s)
  -------------------------------------------------------------------    -------------------
    J15                                               0.000     0.000 r  FRAMESTART (IN)
                         net (fo=0)                   0.000     0.000    FRAMESTART
    J15                  IBUF (Prop_ibuf_I_O)         0.245     0.245 r  FRAMESTART_IBUF_inst/O
                         net (fo=33, routed)          1.002     1.247    Control_path/v1/c1/FRAMESTART_IBUF
    SLICE_X7Y77          LUT4 (Prop_lut4_I2_O)        0.045     1.292 r  Control_path/v1/c1/buffer_ram_2_i_1/O
                         net (fo=8, routed)           0.341     1.633    <hidden>
    RAMB36_X0Y16         RAMB36E1                                     r  <hidden>
  -------------------------------------------------------------------    -------------------

                         (clock clk_out1_clk_50 rise edge)
                                                      0.000     0.000 r  
    BUFGCTRL_X0Y16       BUFG                         0.000     0.000 r  clk_IBUF_BUFG_inst/O
                         net (fo=186, routed)         0.898     0.898    c50/inst/clk_in1
    MMCME2_ADV_X0Y0      MMCME2_ADV (Prop_mmcme2_adv_CLKIN1_CLKOUT0)
                                                     -1.625    -0.727 r  c50/inst/mmcm_adv_inst/CLKOUT0
                         net (fo=1, routed)           0.700    -0.027    c50/inst/clk_out1_clk_50
    BUFGCTRL_X0Y1        BUFG (Prop_bufg_I_O)         0.029     0.002 r  c50/inst/clkout1_buf/O
                         net (fo=16, routed)          0.879     0.881    <hidden>
    RAMB36_X0Y16         RAMB36E1                                     r  <hidden>

Slack:                    inf
  Source:                 BUFFER
                            (input port)
  Destination:            <hidden>
                            (rising edge-triggered cell RAMB36E1 clocked by clk_out1_clk_50  {rise@0.000ns fall@10.000ns period=20.000ns})
  Path Group:             (none)
  Path Type:              Hold (Min at Fast Process Corner)
  Data Path Delay:        1.700ns  (logic 0.292ns (17.197%)  route 1.408ns (82.803%))
  Logic Levels:           2  (IBUF=1 LUT4=1)
  Clock Path Skew:        0.876ns (DCD - SCD - CPR)
    Destination Clock Delay (DCD):    0.876ns
    Source Clock Delay      (SCD):    0.000ns
    Clock Pessimism Removal (CPR):    -0.000ns

    Location             Delay type                Incr(ns)  Path(ns)    Netlist Resource(s)
  -------------------------------------------------------------------    -------------------
    L16                                               0.000     0.000 r  BUFFER (IN)
                         net (fo=0)                   0.000     0.000    BUFFER
    L16                  IBUF (Prop_ibuf_I_O)         0.247     0.247 r  BUFFER_IBUF_inst/O
                         net (fo=37, routed)          1.189     1.437    Control_path/v1/c2/BUFFER_IBUF
    SLICE_X11Y77         LUT4 (Prop_lut4_I1_O)        0.045     1.482 r  Control_path/v1/c2/buffer_ram_1_i_1/O
                         net (fo=8, routed)           0.219     1.700    <hidden>
    RAMB36_X0Y15         RAMB36E1                                     r  <hidden>
  -------------------------------------------------------------------    -------------------

                         (clock clk_out1_clk_50 rise edge)
                                                      0.000     0.000 r  
    BUFGCTRL_X0Y16       BUFG                         0.000     0.000 r  clk_IBUF_BUFG_inst/O
                         net (fo=186, routed)         0.898     0.898    c50/inst/clk_in1
    MMCME2_ADV_X0Y0      MMCME2_ADV (Prop_mmcme2_adv_CLKIN1_CLKOUT0)
                                                     -1.625    -0.727 r  c50/inst/mmcm_adv_inst/CLKOUT0
                         net (fo=1, routed)           0.700    -0.027    c50/inst/clk_out1_clk_50
    BUFGCTRL_X0Y1        BUFG (Prop_bufg_I_O)         0.029     0.002 r  c50/inst/clkout1_buf/O
                         net (fo=16, routed)          0.874     0.876    <hidden>
    RAMB36_X0Y15         RAMB36E1                                     r  <hidden>

Slack:                    inf
  Source:                 FRAMESTART
                            (input port)
  Destination:            <hidden>
                            (rising edge-triggered cell RAMB36E1 clocked by clk_out1_clk_50  {rise@0.000ns fall@10.000ns period=20.000ns})
  Path Group:             (none)
  Path Type:              Hold (Min at Fast Process Corner)
  Data Path Delay:        1.712ns  (logic 0.290ns (16.964%)  route 1.422ns (83.036%))
  Logic Levels:           2  (IBUF=1 LUT4=1)
  Clock Path Skew:        0.881ns (DCD - SCD - CPR)
    Destination Clock Delay (DCD):    0.881ns
    Source Clock Delay      (SCD):    0.000ns
    Clock Pessimism Removal (CPR):    -0.000ns

    Location             Delay type                Incr(ns)  Path(ns)    Netlist Resource(s)
  -------------------------------------------------------------------    -------------------
    J15                                               0.000     0.000 r  FRAMESTART (IN)
                         net (fo=0)                   0.000     0.000    FRAMESTART
    J15                  IBUF (Prop_ibuf_I_O)         0.245     0.245 r  FRAMESTART_IBUF_inst/O
                         net (fo=33, routed)          1.012     1.257    Control_path/v1/c1/FRAMESTART_IBUF
    SLICE_X7Y75          LUT4 (Prop_lut4_I2_O)        0.045     1.302 r  Control_path/v1/c1/buffer_ram_2_i_12/O
                         net (fo=8, routed)           0.410     1.712    <hidden>
    RAMB36_X0Y16         RAMB36E1                                     r  <hidden>
  -------------------------------------------------------------------    -------------------

                         (clock clk_out1_clk_50 rise edge)
                                                      0.000     0.000 r  
    BUFGCTRL_X0Y16       BUFG                         0.000     0.000 r  clk_IBUF_BUFG_inst/O
                         net (fo=186, routed)         0.898     0.898    c50/inst/clk_in1
    MMCME2_ADV_X0Y0      MMCME2_ADV (Prop_mmcme2_adv_CLKIN1_CLKOUT0)
                                                     -1.625    -0.727 r  c50/inst/mmcm_adv_inst/CLKOUT0
                         net (fo=1, routed)           0.700    -0.027    c50/inst/clk_out1_clk_50
    BUFGCTRL_X0Y1        BUFG (Prop_bufg_I_O)         0.029     0.002 r  c50/inst/clkout1_buf/O
                         net (fo=16, routed)          0.879     0.881    <hidden>
    RAMB36_X0Y16         RAMB36E1                                     r  <hidden>

Slack:                    inf
  Source:                 FRAMESTART
                            (input port)
  Destination:            <hidden>
                            (rising edge-triggered cell RAMB36E1 clocked by clk_out1_clk_50  {rise@0.000ns fall@10.000ns period=20.000ns})
  Path Group:             (none)
  Path Type:              Hold (Min at Fast Process Corner)
  Data Path Delay:        1.726ns  (logic 0.290ns (16.830%)  route 1.435ns (83.170%))
  Logic Levels:           2  (IBUF=1 LUT4=1)
  Clock Path Skew:        0.881ns (DCD - SCD - CPR)
    Destination Clock Delay (DCD):    0.881ns
    Source Clock Delay      (SCD):    0.000ns
    Clock Pessimism Removal (CPR):    -0.000ns

    Location             Delay type                Incr(ns)  Path(ns)    Netlist Resource(s)
  -------------------------------------------------------------------    -------------------
    J15                                               0.000     0.000 r  FRAMESTART (IN)
                         net (fo=0)                   0.000     0.000    FRAMESTART
    J15                  IBUF (Prop_ibuf_I_O)         0.245     0.245 r  FRAMESTART_IBUF_inst/O
                         net (fo=33, routed)          1.152     1.397    Control_path/v1/c1/FRAMESTART_IBUF
    SLICE_X8Y78          LUT4 (Prop_lut4_I2_O)        0.045     1.442 r  Control_path/v1/c1/buffer_ram_2_i_5/O
                         net (fo=8, routed)           0.284     1.726    <hidden>
    RAMB36_X0Y16         RAMB36E1                                     r  <hidden>
  -------------------------------------------------------------------    -------------------

                         (clock clk_out1_clk_50 rise edge)
                                                      0.000     0.000 r  
    BUFGCTRL_X0Y16       BUFG                         0.000     0.000 r  clk_IBUF_BUFG_inst/O
                         net (fo=186, routed)         0.898     0.898    c50/inst/clk_in1
    MMCME2_ADV_X0Y0      MMCME2_ADV (Prop_mmcme2_adv_CLKIN1_CLKOUT0)
                                                     -1.625    -0.727 r  c50/inst/mmcm_adv_inst/CLKOUT0
                         net (fo=1, routed)           0.700    -0.027    c50/inst/clk_out1_clk_50
    BUFGCTRL_X0Y1        BUFG (Prop_bufg_I_O)         0.029     0.002 r  c50/inst/clkout1_buf/O
                         net (fo=16, routed)          0.879     0.881    <hidden>
    RAMB36_X0Y16         RAMB36E1                                     r  <hidden>

Slack:                    inf
  Source:                 FRAMESTART
                            (input port)
  Destination:            <hidden>
                            (rising edge-triggered cell RAMB36E1 clocked by clk_out1_clk_50  {rise@0.000ns fall@10.000ns period=20.000ns})
  Path Group:             (none)
  Path Type:              Hold (Min at Fast Process Corner)
  Data Path Delay:        1.741ns  (logic 0.290ns (16.679%)  route 1.451ns (83.321%))
  Logic Levels:           2  (IBUF=1 LUT4=1)
  Clock Path Skew:        0.881ns (DCD - SCD - CPR)
    Destination Clock Delay (DCD):    0.881ns
    Source Clock Delay      (SCD):    0.000ns
    Clock Pessimism Removal (CPR):    -0.000ns

    Location             Delay type                Incr(ns)  Path(ns)    Netlist Resource(s)
  -------------------------------------------------------------------    -------------------
    J15                                               0.000     0.000 r  FRAMESTART (IN)
                         net (fo=0)                   0.000     0.000    FRAMESTART
    J15                  IBUF (Prop_ibuf_I_O)         0.245     0.245 r  FRAMESTART_IBUF_inst/O
                         net (fo=33, routed)          1.001     1.246    Control_path/v1/c1/FRAMESTART_IBUF
    SLICE_X7Y77          LUT4 (Prop_lut4_I2_O)        0.045     1.291 r  Control_path/v1/c1/buffer_ram_2_i_2/O
                         net (fo=8, routed)           0.450     1.741    <hidden>
    RAMB36_X0Y16         RAMB36E1                                     r  <hidden>
  -------------------------------------------------------------------    -------------------

                         (clock clk_out1_clk_50 rise edge)
                                                      0.000     0.000 r  
    BUFGCTRL_X0Y16       BUFG                         0.000     0.000 r  clk_IBUF_BUFG_inst/O
                         net (fo=186, routed)         0.898     0.898    c50/inst/clk_in1
    MMCME2_ADV_X0Y0      MMCME2_ADV (Prop_mmcme2_adv_CLKIN1_CLKOUT0)
                                                     -1.625    -0.727 r  c50/inst/mmcm_adv_inst/CLKOUT0
                         net (fo=1, routed)           0.700    -0.027    c50/inst/clk_out1_clk_50
    BUFGCTRL_X0Y1        BUFG (Prop_bufg_I_O)         0.029     0.002 r  c50/inst/clkout1_buf/O
                         net (fo=16, routed)          0.879     0.881    <hidden>
    RAMB36_X0Y16         RAMB36E1                                     r  <hidden>

Slack:                    inf
  Source:                 BUFFER
                            (input port)
  Destination:            <hidden>
                            (rising edge-triggered cell RAMB36E1 clocked by clk_out1_clk_50  {rise@0.000ns fall@10.000ns period=20.000ns})
  Path Group:             (none)
  Path Type:              Hold (Min at Fast Process Corner)
  Data Path Delay:        1.744ns  (logic 0.292ns (16.764%)  route 1.452ns (83.236%))
  Logic Levels:           2  (IBUF=1 LUT4=1)
  Clock Path Skew:        0.876ns (DCD - SCD - CPR)
    Destination Clock Delay (DCD):    0.876ns
    Source Clock Delay      (SCD):    0.000ns
    Clock Pessimism Removal (CPR):    -0.000ns

    Location             Delay type                Incr(ns)  Path(ns)    Netlist Resource(s)
  -------------------------------------------------------------------    -------------------
    L16                                               0.000     0.000 r  BUFFER (IN)
                         net (fo=0)                   0.000     0.000    BUFFER
    L16                  IBUF (Prop_ibuf_I_O)         0.247     0.247 r  BUFFER_IBUF_inst/O
                         net (fo=37, routed)          1.222     1.469    Control_path/v1/c2/BUFFER_IBUF
    SLICE_X10Y77         LUT4 (Prop_lut4_I1_O)        0.045     1.514 r  Control_path/v1/c2/buffer_ram_1_i_3/O
                         net (fo=8, routed)           0.230     1.744    <hidden>
    RAMB36_X0Y15         RAMB36E1                                     r  <hidden>
  -------------------------------------------------------------------    -------------------

                         (clock clk_out1_clk_50 rise edge)
                                                      0.000     0.000 r  
    BUFGCTRL_X0Y16       BUFG                         0.000     0.000 r  clk_IBUF_BUFG_inst/O
                         net (fo=186, routed)         0.898     0.898    c50/inst/clk_in1
    MMCME2_ADV_X0Y0      MMCME2_ADV (Prop_mmcme2_adv_CLKIN1_CLKOUT0)
                                                     -1.625    -0.727 r  c50/inst/mmcm_adv_inst/CLKOUT0
                         net (fo=1, routed)           0.700    -0.027    c50/inst/clk_out1_clk_50
    BUFGCTRL_X0Y1        BUFG (Prop_bufg_I_O)         0.029     0.002 r  c50/inst/clkout1_buf/O
                         net (fo=16, routed)          0.874     0.876    <hidden>
    RAMB36_X0Y15         RAMB36E1                                     r  <hidden>

Slack:                    inf
  Source:                 BUFFER
                            (input port)
  Destination:            <hidden>
                            (rising edge-triggered cell RAMB36E1 clocked by clk_out1_clk_50  {rise@0.000ns fall@10.000ns period=20.000ns})
  Path Group:             (none)
  Path Type:              Hold (Min at Fast Process Corner)
  Data Path Delay:        1.757ns  (logic 0.292ns (16.641%)  route 1.465ns (83.359%))
  Logic Levels:           2  (IBUF=1 LUT4=1)
  Clock Path Skew:        0.876ns (DCD - SCD - CPR)
    Destination Clock Delay (DCD):    0.876ns
    Source Clock Delay      (SCD):    0.000ns
    Clock Pessimism Removal (CPR):    -0.000ns

    Location             Delay type                Incr(ns)  Path(ns)    Netlist Resource(s)
  -------------------------------------------------------------------    -------------------
    L16                                               0.000     0.000 r  BUFFER (IN)
                         net (fo=0)                   0.000     0.000    BUFFER
    L16                  IBUF (Prop_ibuf_I_O)         0.247     0.247 r  BUFFER_IBUF_inst/O
                         net (fo=37, routed)          1.237     1.484    Control_path/v1/c2/BUFFER_IBUF
    SLICE_X10Y77         LUT4 (Prop_lut4_I1_O)        0.045     1.529 r  Control_path/v1/c2/buffer_ram_1_i_7/O
                         net (fo=8, routed)           0.228     1.757    <hidden>
    RAMB36_X0Y15         RAMB36E1                                     r  <hidden>
  -------------------------------------------------------------------    -------------------

                         (clock clk_out1_clk_50 rise edge)
                                                      0.000     0.000 r  
    BUFGCTRL_X0Y16       BUFG                         0.000     0.000 r  clk_IBUF_BUFG_inst/O
                         net (fo=186, routed)         0.898     0.898    c50/inst/clk_in1
    MMCME2_ADV_X0Y0      MMCME2_ADV (Prop_mmcme2_adv_CLKIN1_CLKOUT0)
                                                     -1.625    -0.727 r  c50/inst/mmcm_adv_inst/CLKOUT0
                         net (fo=1, routed)           0.700    -0.027    c50/inst/clk_out1_clk_50
    BUFGCTRL_X0Y1        BUFG (Prop_bufg_I_O)         0.029     0.002 r  c50/inst/clkout1_buf/O
                         net (fo=16, routed)          0.874     0.876    <hidden>
    RAMB36_X0Y15         RAMB36E1                                     r  <hidden>

Slack:                    inf
  Source:                 FRAMESTART
                            (input port)
  Destination:            <hidden>
                            (rising edge-triggered cell RAMB36E1 clocked by clk_out1_clk_50  {rise@0.000ns fall@10.000ns period=20.000ns})
  Path Group:             (none)
  Path Type:              Hold (Min at Fast Process Corner)
  Data Path Delay:        1.789ns  (logic 0.290ns (16.238%)  route 1.498ns (83.762%))
  Logic Levels:           2  (IBUF=1 LUT4=1)
  Clock Path Skew:        0.881ns (DCD - SCD - CPR)
    Destination Clock Delay (DCD):    0.881ns
    Source Clock Delay      (SCD):    0.000ns
    Clock Pessimism Removal (CPR):    -0.000ns

    Location             Delay type                Incr(ns)  Path(ns)    Netlist Resource(s)
  -------------------------------------------------------------------    -------------------
    J15                                               0.000     0.000 r  FRAMESTART (IN)
                         net (fo=0)                   0.000     0.000    FRAMESTART
    J15                  IBUF (Prop_ibuf_I_O)         0.245     0.245 r  FRAMESTART_IBUF_inst/O
                         net (fo=33, routed)          1.097     1.342    Control_path/v1/c1/FRAMESTART_IBUF
    SLICE_X6Y75          LUT4 (Prop_lut4_I2_O)        0.045     1.387 r  Control_path/v1/c1/buffer_ram_2_i_16/O
                         net (fo=8, routed)           0.401     1.789    <hidden>
    RAMB36_X0Y16         RAMB36E1                                     r  <hidden>
  -------------------------------------------------------------------    -------------------

                         (clock clk_out1_clk_50 rise edge)
                                                      0.000     0.000 r  
    BUFGCTRL_X0Y16       BUFG                         0.000     0.000 r  clk_IBUF_BUFG_inst/O
                         net (fo=186, routed)         0.898     0.898    c50/inst/clk_in1
    MMCME2_ADV_X0Y0      MMCME2_ADV (Prop_mmcme2_adv_CLKIN1_CLKOUT0)
                                                     -1.625    -0.727 r  c50/inst/mmcm_adv_inst/CLKOUT0
                         net (fo=1, routed)           0.700    -0.027    c50/inst/clk_out1_clk_50
    BUFGCTRL_X0Y1        BUFG (Prop_bufg_I_O)         0.029     0.002 r  c50/inst/clkout1_buf/O
                         net (fo=16, routed)          0.879     0.881    <hidden>
    RAMB36_X0Y16         RAMB36E1                                     r  <hidden>

Slack:                    inf
  Source:                 FRAMESTART
                            (input port)
  Destination:            <hidden>
                            (rising edge-triggered cell RAMB36E1 clocked by clk_out1_clk_50  {rise@0.000ns fall@10.000ns period=20.000ns})
  Path Group:             (none)
  Path Type:              Hold (Min at Fast Process Corner)
  Data Path Delay:        1.792ns  (logic 0.290ns (16.211%)  route 1.501ns (83.789%))
  Logic Levels:           2  (IBUF=1 LUT4=1)
  Clock Path Skew:        0.881ns (DCD - SCD - CPR)
    Destination Clock Delay (DCD):    0.881ns
    Source Clock Delay      (SCD):    0.000ns
    Clock Pessimism Removal (CPR):    -0.000ns

    Location             Delay type                Incr(ns)  Path(ns)    Netlist Resource(s)
  -------------------------------------------------------------------    -------------------
    J15                                               0.000     0.000 r  FRAMESTART (IN)
                         net (fo=0)                   0.000     0.000    FRAMESTART
    J15                  IBUF (Prop_ibuf_I_O)         0.245     0.245 r  FRAMESTART_IBUF_inst/O
                         net (fo=33, routed)          1.097     1.342    Control_path/v1/c1/FRAMESTART_IBUF
    SLICE_X7Y75          LUT4 (Prop_lut4_I2_O)        0.045     1.387 r  Control_path/v1/c1/buffer_ram_2_i_10/O
                         net (fo=8, routed)           0.404     1.792    <hidden>
    RAMB36_X0Y16         RAMB36E1                                     r  <hidden>
  -------------------------------------------------------------------    -------------------

                         (clock clk_out1_clk_50 rise edge)
                                                      0.000     0.000 r  
    BUFGCTRL_X0Y16       BUFG                         0.000     0.000 r  clk_IBUF_BUFG_inst/O
                         net (fo=186, routed)         0.898     0.898    c50/inst/clk_in1
    MMCME2_ADV_X0Y0      MMCME2_ADV (Prop_mmcme2_adv_CLKIN1_CLKOUT0)
                                                     -1.625    -0.727 r  c50/inst/mmcm_adv_inst/CLKOUT0
                         net (fo=1, routed)           0.700    -0.027    c50/inst/clk_out1_clk_50
    BUFGCTRL_X0Y1        BUFG (Prop_bufg_I_O)         0.029     0.002 r  c50/inst/clkout1_buf/O
                         net (fo=16, routed)          0.879     0.881    <hidden>
    RAMB36_X0Y16         RAMB36E1                                     r  <hidden>

Slack:                    inf
  Source:                 FRAMESTART
                            (input port)
  Destination:            <hidden>
                            (rising edge-triggered cell RAMB36E1 clocked by clk_out1_clk_50  {rise@0.000ns fall@10.000ns period=20.000ns})
  Path Group:             (none)
  Path Type:              Hold (Min at Fast Process Corner)
  Data Path Delay:        1.792ns  (logic 0.290ns (16.209%)  route 1.501ns (83.791%))
  Logic Levels:           2  (IBUF=1 LUT4=1)
  Clock Path Skew:        0.886ns (DCD - SCD - CPR)
    Destination Clock Delay (DCD):    0.886ns
    Source Clock Delay      (SCD):    0.000ns
    Clock Pessimism Removal (CPR):    -0.000ns

    Location             Delay type                Incr(ns)  Path(ns)    Netlist Resource(s)
  -------------------------------------------------------------------    -------------------
    J15                                               0.000     0.000 r  FRAMESTART (IN)
                         net (fo=0)                   0.000     0.000    FRAMESTART
    J15                  IBUF (Prop_ibuf_I_O)         0.245     0.245 r  FRAMESTART_IBUF_inst/O
                         net (fo=33, routed)          1.002     1.247    Control_path/v1/c1/FRAMESTART_IBUF
    SLICE_X7Y77          LUT4 (Prop_lut4_I2_O)        0.045     1.292 r  Control_path/v1/c1/buffer_ram_2_i_1/O
                         net (fo=8, routed)           0.500     1.792    <hidden>
    RAMB36_X0Y17         RAMB36E1                                     r  <hidden>
  -------------------------------------------------------------------    -------------------

                         (clock clk_out1_clk_50 rise edge)
                                                      0.000     0.000 r  
    BUFGCTRL_X0Y16       BUFG                         0.000     0.000 r  clk_IBUF_BUFG_inst/O
                         net (fo=186, routed)         0.898     0.898    c50/inst/clk_in1
    MMCME2_ADV_X0Y0      MMCME2_ADV (Prop_mmcme2_adv_CLKIN1_CLKOUT0)
                                                     -1.625    -0.727 r  c50/inst/mmcm_adv_inst/CLKOUT0
                         net (fo=1, routed)           0.700    -0.027    c50/inst/clk_out1_clk_50
    BUFGCTRL_X0Y1        BUFG (Prop_bufg_I_O)         0.029     0.002 r  c50/inst/clkout1_buf/O
                         net (fo=16, routed)          0.884     0.886    <hidden>
    RAMB36_X0Y17         RAMB36E1                                     r  <hidden>





--------------------------------------------------------------------------------------
Path Group:  (none)
From Clock:  
  To Clock:  sys_clk_pin

Max Delay           214 Endpoints
Min Delay           214 Endpoints
--------------------------------------------------------------------------------------


Max Delay Paths
--------------------------------------------------------------------------------------
Slack:                    inf
  Source:                 rst
                            (input port)
  Destination:            Control_path/v1/b2/ram_addr_reg[0]/CE
                            (rising edge-triggered cell FDRE clocked by sys_clk_pin  {rise@0.000ns fall@5.000ns period=10.000ns})
  Path Group:             (none)
  Path Type:              Setup (Max at Slow Process Corner)
  Data Path Delay:        7.305ns  (logic 1.661ns (22.739%)  route 5.644ns (77.261%))
  Logic Levels:           2  (IBUF=1 LUT5=1)
  Clock Path Skew:        4.930ns (DCD - SCD + CPR)
    Destination Clock Delay (DCD):    4.930ns
    Source Clock Delay      (SCD):    0.000ns
    Clock Pessimism Removal (CPR):    0.000ns
  Clock Uncertainty:      0.025ns  ((TSJ^2 + TIJ^2)^1/2 + DJ) / 2 + PE
    Total System Jitter     (TSJ):    0.050ns
    Total Input Jitter      (TIJ):    0.000ns
    Discrete Jitter          (DJ):    0.000ns
    Phase Error              (PE):    0.000ns

    Location             Delay type                Incr(ns)  Path(ns)    Netlist Resource(s)
  -------------------------------------------------------------------    -------------------
    C12                                               0.000     0.000 r  rst (IN)
                         net (fo=0)                   0.000     0.000    rst
    C12                  IBUF (Prop_ibuf_I_O)         1.507     1.507 r  rst_IBUF_inst/O
                         net (fo=11, routed)          4.505     6.012    Control_path/v1/b2/rst_IBUF
    SLICE_X9Y80          LUT5 (Prop_lut5_I0_O)        0.154     6.166 r  Control_path/v1/b2/ram_addr[15]_i_1__0/O
                         net (fo=16, routed)          1.139     7.305    Control_path/v1/b2/ram_addr
    SLICE_X8Y74          FDRE                                         r  Control_path/v1/b2/ram_addr_reg[0]/CE
  -------------------------------------------------------------------    -------------------

                         (clock sys_clk_pin rise edge)
                                                      0.000     0.000 r  
    E3                                                0.000     0.000 r  clk (IN)
                         net (fo=0)                   0.000     0.000    clk
    E3                   IBUF (Prop_ibuf_I_O)         1.411     1.411 r  clk_IBUF_inst/O
                         net (fo=1, routed)           1.920     3.331    clk_IBUF
    BUFGCTRL_X0Y16       BUFG (Prop_bufg_I_O)         0.091     3.422 r  clk_IBUF_BUFG_inst/O
                         net (fo=186, routed)         1.507     4.930    Control_path/v1/b2/clk
    SLICE_X8Y74          FDRE                                         r  Control_path/v1/b2/ram_addr_reg[0]/C

Slack:                    inf
  Source:                 rst
                            (input port)
  Destination:            Control_path/v1/b2/ram_addr_reg[1]/CE
                            (rising edge-triggered cell FDRE clocked by sys_clk_pin  {rise@0.000ns fall@5.000ns period=10.000ns})
  Path Group:             (none)
  Path Type:              Setup (Max at Slow Process Corner)
  Data Path Delay:        7.305ns  (logic 1.661ns (22.739%)  route 5.644ns (77.261%))
  Logic Levels:           2  (IBUF=1 LUT5=1)
  Clock Path Skew:        4.930ns (DCD - SCD + CPR)
    Destination Clock Delay (DCD):    4.930ns
    Source Clock Delay      (SCD):    0.000ns
    Clock Pessimism Removal (CPR):    0.000ns
  Clock Uncertainty:      0.025ns  ((TSJ^2 + TIJ^2)^1/2 + DJ) / 2 + PE
    Total System Jitter     (TSJ):    0.050ns
    Total Input Jitter      (TIJ):    0.000ns
    Discrete Jitter          (DJ):    0.000ns
    Phase Error              (PE):    0.000ns

    Location             Delay type                Incr(ns)  Path(ns)    Netlist Resource(s)
  -------------------------------------------------------------------    -------------------
    C12                                               0.000     0.000 r  rst (IN)
                         net (fo=0)                   0.000     0.000    rst
    C12                  IBUF (Prop_ibuf_I_O)         1.507     1.507 r  rst_IBUF_inst/O
                         net (fo=11, routed)          4.505     6.012    Control_path/v1/b2/rst_IBUF
    SLICE_X9Y80          LUT5 (Prop_lut5_I0_O)        0.154     6.166 r  Control_path/v1/b2/ram_addr[15]_i_1__0/O
                         net (fo=16, routed)          1.139     7.305    Control_path/v1/b2/ram_addr
    SLICE_X8Y74          FDRE                                         r  Control_path/v1/b2/ram_addr_reg[1]/CE
  -------------------------------------------------------------------    -------------------

                         (clock sys_clk_pin rise edge)
                                                      0.000     0.000 r  
    E3                                                0.000     0.000 r  clk (IN)
                         net (fo=0)                   0.000     0.000    clk
    E3                   IBUF (Prop_ibuf_I_O)         1.411     1.411 r  clk_IBUF_inst/O
                         net (fo=1, routed)           1.920     3.331    clk_IBUF
    BUFGCTRL_X0Y16       BUFG (Prop_bufg_I_O)         0.091     3.422 r  clk_IBUF_BUFG_inst/O
                         net (fo=186, routed)         1.507     4.930    Control_path/v1/b2/clk
    SLICE_X8Y74          FDRE                                         r  Control_path/v1/b2/ram_addr_reg[1]/C

Slack:                    inf
  Source:                 rst
                            (input port)
  Destination:            Control_path/v1/b2/ram_addr_reg[2]/CE
                            (rising edge-triggered cell FDRE clocked by sys_clk_pin  {rise@0.000ns fall@5.000ns period=10.000ns})
  Path Group:             (none)
  Path Type:              Setup (Max at Slow Process Corner)
  Data Path Delay:        7.305ns  (logic 1.661ns (22.739%)  route 5.644ns (77.261%))
  Logic Levels:           2  (IBUF=1 LUT5=1)
  Clock Path Skew:        4.930ns (DCD - SCD + CPR)
    Destination Clock Delay (DCD):    4.930ns
    Source Clock Delay      (SCD):    0.000ns
    Clock Pessimism Removal (CPR):    0.000ns
  Clock Uncertainty:      0.025ns  ((TSJ^2 + TIJ^2)^1/2 + DJ) / 2 + PE
    Total System Jitter     (TSJ):    0.050ns
    Total Input Jitter      (TIJ):    0.000ns
    Discrete Jitter          (DJ):    0.000ns
    Phase Error              (PE):    0.000ns

    Location             Delay type                Incr(ns)  Path(ns)    Netlist Resource(s)
  -------------------------------------------------------------------    -------------------
    C12                                               0.000     0.000 r  rst (IN)
                         net (fo=0)                   0.000     0.000    rst
    C12                  IBUF (Prop_ibuf_I_O)         1.507     1.507 r  rst_IBUF_inst/O
                         net (fo=11, routed)          4.505     6.012    Control_path/v1/b2/rst_IBUF
    SLICE_X9Y80          LUT5 (Prop_lut5_I0_O)        0.154     6.166 r  Control_path/v1/b2/ram_addr[15]_i_1__0/O
                         net (fo=16, routed)          1.139     7.305    Control_path/v1/b2/ram_addr
    SLICE_X8Y74          FDRE                                         r  Control_path/v1/b2/ram_addr_reg[2]/CE
  -------------------------------------------------------------------    -------------------

                         (clock sys_clk_pin rise edge)
                                                      0.000     0.000 r  
    E3                                                0.000     0.000 r  clk (IN)
                         net (fo=0)                   0.000     0.000    clk
    E3                   IBUF (Prop_ibuf_I_O)         1.411     1.411 r  clk_IBUF_inst/O
                         net (fo=1, routed)           1.920     3.331    clk_IBUF
    BUFGCTRL_X0Y16       BUFG (Prop_bufg_I_O)         0.091     3.422 r  clk_IBUF_BUFG_inst/O
                         net (fo=186, routed)         1.507     4.930    Control_path/v1/b2/clk
    SLICE_X8Y74          FDRE                                         r  Control_path/v1/b2/ram_addr_reg[2]/C

Slack:                    inf
  Source:                 rst
                            (input port)
  Destination:            Control_path/v1/b2/ram_addr_reg[3]/CE
                            (rising edge-triggered cell FDRE clocked by sys_clk_pin  {rise@0.000ns fall@5.000ns period=10.000ns})
  Path Group:             (none)
  Path Type:              Setup (Max at Slow Process Corner)
  Data Path Delay:        7.305ns  (logic 1.661ns (22.739%)  route 5.644ns (77.261%))
  Logic Levels:           2  (IBUF=1 LUT5=1)
  Clock Path Skew:        4.930ns (DCD - SCD + CPR)
    Destination Clock Delay (DCD):    4.930ns
    Source Clock Delay      (SCD):    0.000ns
    Clock Pessimism Removal (CPR):    0.000ns
  Clock Uncertainty:      0.025ns  ((TSJ^2 + TIJ^2)^1/2 + DJ) / 2 + PE
    Total System Jitter     (TSJ):    0.050ns
    Total Input Jitter      (TIJ):    0.000ns
    Discrete Jitter          (DJ):    0.000ns
    Phase Error              (PE):    0.000ns

    Location             Delay type                Incr(ns)  Path(ns)    Netlist Resource(s)
  -------------------------------------------------------------------    -------------------
    C12                                               0.000     0.000 r  rst (IN)
                         net (fo=0)                   0.000     0.000    rst
    C12                  IBUF (Prop_ibuf_I_O)         1.507     1.507 r  rst_IBUF_inst/O
                         net (fo=11, routed)          4.505     6.012    Control_path/v1/b2/rst_IBUF
    SLICE_X9Y80          LUT5 (Prop_lut5_I0_O)        0.154     6.166 r  Control_path/v1/b2/ram_addr[15]_i_1__0/O
                         net (fo=16, routed)          1.139     7.305    Control_path/v1/b2/ram_addr
    SLICE_X8Y74          FDRE                                         r  Control_path/v1/b2/ram_addr_reg[3]/CE
  -------------------------------------------------------------------    -------------------

                         (clock sys_clk_pin rise edge)
                                                      0.000     0.000 r  
    E3                                                0.000     0.000 r  clk (IN)
                         net (fo=0)                   0.000     0.000    clk
    E3                   IBUF (Prop_ibuf_I_O)         1.411     1.411 r  clk_IBUF_inst/O
                         net (fo=1, routed)           1.920     3.331    clk_IBUF
    BUFGCTRL_X0Y16       BUFG (Prop_bufg_I_O)         0.091     3.422 r  clk_IBUF_BUFG_inst/O
                         net (fo=186, routed)         1.507     4.930    Control_path/v1/b2/clk
    SLICE_X8Y74          FDRE                                         r  Control_path/v1/b2/ram_addr_reg[3]/C

Slack:                    inf
  Source:                 rst
                            (input port)
  Destination:            Control_path/v1/b1/FSM_sequential_state_reg[0]/R
                            (rising edge-triggered cell FDRE clocked by sys_clk_pin  {rise@0.000ns fall@5.000ns period=10.000ns})
  Path Group:             (none)
  Path Type:              Setup (Max at Slow Process Corner)
  Data Path Delay:        7.246ns  (logic 1.631ns (22.510%)  route 5.615ns (77.490%))
  Logic Levels:           2  (IBUF=1 LUT1=1)
  Clock Path Skew:        5.014ns (DCD - SCD + CPR)
    Destination Clock Delay (DCD):    5.014ns
    Source Clock Delay      (SCD):    0.000ns
    Clock Pessimism Removal (CPR):    0.000ns
  Clock Uncertainty:      0.025ns  ((TSJ^2 + TIJ^2)^1/2 + DJ) / 2 + PE
    Total System Jitter     (TSJ):    0.050ns
    Total Input Jitter      (TIJ):    0.000ns
    Discrete Jitter          (DJ):    0.000ns
    Phase Error              (PE):    0.000ns

    Location             Delay type                Incr(ns)  Path(ns)    Netlist Resource(s)
  -------------------------------------------------------------------    -------------------
    C12                                               0.000     0.000 f  rst (IN)
                         net (fo=0)                   0.000     0.000    rst
    C12                  IBUF (Prop_ibuf_I_O)         1.507     1.507 f  rst_IBUF_inst/O
                         net (fo=11, routed)          3.027     4.534    Control_path/v1/b2/rst_IBUF
    SLICE_X0Y92          LUT1 (Prop_lut1_I0_O)        0.124     4.658 r  Control_path/v1/b2/FSM_sequential_state[3]_i_1/O
                         net (fo=142, routed)         2.588     7.246    Control_path/v1/b1/next_count_reg_1
    SLICE_X7Y78          FDRE                                         r  Control_path/v1/b1/FSM_sequential_state_reg[0]/R
  -------------------------------------------------------------------    -------------------

                         (clock sys_clk_pin rise edge)
                                                      0.000     0.000 r  
    E3                                                0.000     0.000 r  clk (IN)
                         net (fo=0)                   0.000     0.000    clk
    E3                   IBUF (Prop_ibuf_I_O)         1.411     1.411 r  clk_IBUF_inst/O
                         net (fo=1, routed)           1.920     3.331    clk_IBUF
    BUFGCTRL_X0Y16       BUFG (Prop_bufg_I_O)         0.091     3.422 r  clk_IBUF_BUFG_inst/O
                         net (fo=186, routed)         1.591     5.014    Control_path/v1/b1/clk
    SLICE_X7Y78          FDRE                                         r  Control_path/v1/b1/FSM_sequential_state_reg[0]/C

Slack:                    inf
  Source:                 rst
                            (input port)
  Destination:            Control_path/v1/b1/FSM_sequential_state_reg[1]/R
                            (rising edge-triggered cell FDRE clocked by sys_clk_pin  {rise@0.000ns fall@5.000ns period=10.000ns})
  Path Group:             (none)
  Path Type:              Setup (Max at Slow Process Corner)
  Data Path Delay:        7.246ns  (logic 1.631ns (22.510%)  route 5.615ns (77.490%))
  Logic Levels:           2  (IBUF=1 LUT1=1)
  Clock Path Skew:        5.014ns (DCD - SCD + CPR)
    Destination Clock Delay (DCD):    5.014ns
    Source Clock Delay      (SCD):    0.000ns
    Clock Pessimism Removal (CPR):    0.000ns
  Clock Uncertainty:      0.025ns  ((TSJ^2 + TIJ^2)^1/2 + DJ) / 2 + PE
    Total System Jitter     (TSJ):    0.050ns
    Total Input Jitter      (TIJ):    0.000ns
    Discrete Jitter          (DJ):    0.000ns
    Phase Error              (PE):    0.000ns

    Location             Delay type                Incr(ns)  Path(ns)    Netlist Resource(s)
  -------------------------------------------------------------------    -------------------
    C12                                               0.000     0.000 f  rst (IN)
                         net (fo=0)                   0.000     0.000    rst
    C12                  IBUF (Prop_ibuf_I_O)         1.507     1.507 f  rst_IBUF_inst/O
                         net (fo=11, routed)          3.027     4.534    Control_path/v1/b2/rst_IBUF
    SLICE_X0Y92          LUT1 (Prop_lut1_I0_O)        0.124     4.658 r  Control_path/v1/b2/FSM_sequential_state[3]_i_1/O
                         net (fo=142, routed)         2.588     7.246    Control_path/v1/b1/next_count_reg_1
    SLICE_X7Y78          FDRE                                         r  Control_path/v1/b1/FSM_sequential_state_reg[1]/R
  -------------------------------------------------------------------    -------------------

                         (clock sys_clk_pin rise edge)
                                                      0.000     0.000 r  
    E3                                                0.000     0.000 r  clk (IN)
                         net (fo=0)                   0.000     0.000    clk
    E3                   IBUF (Prop_ibuf_I_O)         1.411     1.411 r  clk_IBUF_inst/O
                         net (fo=1, routed)           1.920     3.331    clk_IBUF
    BUFGCTRL_X0Y16       BUFG (Prop_bufg_I_O)         0.091     3.422 r  clk_IBUF_BUFG_inst/O
                         net (fo=186, routed)         1.591     5.014    Control_path/v1/b1/clk
    SLICE_X7Y78          FDRE                                         r  Control_path/v1/b1/FSM_sequential_state_reg[1]/C

Slack:                    inf
  Source:                 rst
                            (input port)
  Destination:            Control_path/v1/b1/FSM_sequential_state_reg[3]/R
                            (rising edge-triggered cell FDRE clocked by sys_clk_pin  {rise@0.000ns fall@5.000ns period=10.000ns})
  Path Group:             (none)
  Path Type:              Setup (Max at Slow Process Corner)
  Data Path Delay:        7.246ns  (logic 1.631ns (22.510%)  route 5.615ns (77.490%))
  Logic Levels:           2  (IBUF=1 LUT1=1)
  Clock Path Skew:        5.014ns (DCD - SCD + CPR)
    Destination Clock Delay (DCD):    5.014ns
    Source Clock Delay      (SCD):    0.000ns
    Clock Pessimism Removal (CPR):    0.000ns
  Clock Uncertainty:      0.025ns  ((TSJ^2 + TIJ^2)^1/2 + DJ) / 2 + PE
    Total System Jitter     (TSJ):    0.050ns
    Total Input Jitter      (TIJ):    0.000ns
    Discrete Jitter          (DJ):    0.000ns
    Phase Error              (PE):    0.000ns

    Location             Delay type                Incr(ns)  Path(ns)    Netlist Resource(s)
  -------------------------------------------------------------------    -------------------
    C12                                               0.000     0.000 f  rst (IN)
                         net (fo=0)                   0.000     0.000    rst
    C12                  IBUF (Prop_ibuf_I_O)         1.507     1.507 f  rst_IBUF_inst/O
                         net (fo=11, routed)          3.027     4.534    Control_path/v1/b2/rst_IBUF
    SLICE_X0Y92          LUT1 (Prop_lut1_I0_O)        0.124     4.658 r  Control_path/v1/b2/FSM_sequential_state[3]_i_1/O
                         net (fo=142, routed)         2.588     7.246    Control_path/v1/b1/next_count_reg_1
    SLICE_X7Y78          FDRE                                         r  Control_path/v1/b1/FSM_sequential_state_reg[3]/R
  -------------------------------------------------------------------    -------------------

                         (clock sys_clk_pin rise edge)
                                                      0.000     0.000 r  
    E3                                                0.000     0.000 r  clk (IN)
                         net (fo=0)                   0.000     0.000    clk
    E3                   IBUF (Prop_ibuf_I_O)         1.411     1.411 r  clk_IBUF_inst/O
                         net (fo=1, routed)           1.920     3.331    clk_IBUF
    BUFGCTRL_X0Y16       BUFG (Prop_bufg_I_O)         0.091     3.422 r  clk_IBUF_BUFG_inst/O
                         net (fo=186, routed)         1.591     5.014    Control_path/v1/b1/clk
    SLICE_X7Y78          FDRE                                         r  Control_path/v1/b1/FSM_sequential_state_reg[3]/C

Slack:                    inf
  Source:                 rst
                            (input port)
  Destination:            Control_path/v1/b1/next_count_reg/R
                            (rising edge-triggered cell FDRE clocked by sys_clk_pin  {rise@0.000ns fall@5.000ns period=10.000ns})
  Path Group:             (none)
  Path Type:              Setup (Max at Slow Process Corner)
  Data Path Delay:        7.246ns  (logic 1.631ns (22.510%)  route 5.615ns (77.490%))
  Logic Levels:           2  (IBUF=1 LUT1=1)
  Clock Path Skew:        5.014ns (DCD - SCD + CPR)
    Destination Clock Delay (DCD):    5.014ns
    Source Clock Delay      (SCD):    0.000ns
    Clock Pessimism Removal (CPR):    0.000ns
  Clock Uncertainty:      0.025ns  ((TSJ^2 + TIJ^2)^1/2 + DJ) / 2 + PE
    Total System Jitter     (TSJ):    0.050ns
    Total Input Jitter      (TIJ):    0.000ns
    Discrete Jitter          (DJ):    0.000ns
    Phase Error              (PE):    0.000ns

    Location             Delay type                Incr(ns)  Path(ns)    Netlist Resource(s)
  -------------------------------------------------------------------    -------------------
    C12                                               0.000     0.000 f  rst (IN)
                         net (fo=0)                   0.000     0.000    rst
    C12                  IBUF (Prop_ibuf_I_O)         1.507     1.507 f  rst_IBUF_inst/O
                         net (fo=11, routed)          3.027     4.534    Control_path/v1/b2/rst_IBUF
    SLICE_X0Y92          LUT1 (Prop_lut1_I0_O)        0.124     4.658 r  Control_path/v1/b2/FSM_sequential_state[3]_i_1/O
                         net (fo=142, routed)         2.588     7.246    Control_path/v1/b1/next_count_reg_1
    SLICE_X6Y78          FDRE                                         r  Control_path/v1/b1/next_count_reg/R
  -------------------------------------------------------------------    -------------------

                         (clock sys_clk_pin rise edge)
                                                      0.000     0.000 r  
    E3                                                0.000     0.000 r  clk (IN)
                         net (fo=0)                   0.000     0.000    clk
    E3                   IBUF (Prop_ibuf_I_O)         1.411     1.411 r  clk_IBUF_inst/O
                         net (fo=1, routed)           1.920     3.331    clk_IBUF
    BUFGCTRL_X0Y16       BUFG (Prop_bufg_I_O)         0.091     3.422 r  clk_IBUF_BUFG_inst/O
                         net (fo=186, routed)         1.591     5.014    Control_path/v1/b1/clk
    SLICE_X6Y78          FDRE                                         r  Control_path/v1/b1/next_count_reg/C

Slack:                    inf
  Source:                 rst
                            (input port)
  Destination:            Control_path/v1/c1/done_reg/R
                            (rising edge-triggered cell FDRE clocked by sys_clk_pin  {rise@0.000ns fall@5.000ns period=10.000ns})
  Path Group:             (none)
  Path Type:              Setup (Max at Slow Process Corner)
  Data Path Delay:        7.238ns  (logic 1.631ns (22.534%)  route 5.607ns (77.466%))
  Logic Levels:           2  (IBUF=1 LUT1=1)
  Clock Path Skew:        5.009ns (DCD - SCD + CPR)
    Destination Clock Delay (DCD):    5.009ns
    Source Clock Delay      (SCD):    0.000ns
    Clock Pessimism Removal (CPR):    0.000ns
  Clock Uncertainty:      0.025ns  ((TSJ^2 + TIJ^2)^1/2 + DJ) / 2 + PE
    Total System Jitter     (TSJ):    0.050ns
    Total Input Jitter      (TIJ):    0.000ns
    Discrete Jitter          (DJ):    0.000ns
    Phase Error              (PE):    0.000ns

    Location             Delay type                Incr(ns)  Path(ns)    Netlist Resource(s)
  -------------------------------------------------------------------    -------------------
    C12                                               0.000     0.000 f  rst (IN)
                         net (fo=0)                   0.000     0.000    rst
    C12                  IBUF (Prop_ibuf_I_O)         1.507     1.507 f  rst_IBUF_inst/O
                         net (fo=11, routed)          3.027     4.534    Control_path/v1/b2/rst_IBUF
    SLICE_X0Y92          LUT1 (Prop_lut1_I0_O)        0.124     4.658 r  Control_path/v1/b2/FSM_sequential_state[3]_i_1/O
                         net (fo=142, routed)         2.580     7.238    Control_path/v1/c1/done_reg_1
    SLICE_X6Y74          FDRE                                         r  Control_path/v1/c1/done_reg/R
  -------------------------------------------------------------------    -------------------

                         (clock sys_clk_pin rise edge)
                                                      0.000     0.000 r  
    E3                                                0.000     0.000 r  clk (IN)
                         net (fo=0)                   0.000     0.000    clk
    E3                   IBUF (Prop_ibuf_I_O)         1.411     1.411 r  clk_IBUF_inst/O
                         net (fo=1, routed)           1.920     3.331    clk_IBUF
    BUFGCTRL_X0Y16       BUFG (Prop_bufg_I_O)         0.091     3.422 r  clk_IBUF_BUFG_inst/O
                         net (fo=186, routed)         1.586     5.009    Control_path/v1/c1/clk
    SLICE_X6Y74          FDRE                                         r  Control_path/v1/c1/done_reg/C

Slack:                    inf
  Source:                 rst
                            (input port)
  Destination:            Control_path/v1/b1/lc_reg[0]/R
                            (rising edge-triggered cell FDRE clocked by sys_clk_pin  {rise@0.000ns fall@5.000ns period=10.000ns})
  Path Group:             (none)
  Path Type:              Setup (Max at Slow Process Corner)
  Data Path Delay:        7.162ns  (logic 1.631ns (22.772%)  route 5.531ns (77.228%))
  Logic Levels:           2  (IBUF=1 LUT1=1)
  Clock Path Skew:        5.015ns (DCD - SCD + CPR)
    Destination Clock Delay (DCD):    5.015ns
    Source Clock Delay      (SCD):    0.000ns
    Clock Pessimism Removal (CPR):    0.000ns
  Clock Uncertainty:      0.025ns  ((TSJ^2 + TIJ^2)^1/2 + DJ) / 2 + PE
    Total System Jitter     (TSJ):    0.050ns
    Total Input Jitter      (TIJ):    0.000ns
    Discrete Jitter          (DJ):    0.000ns
    Phase Error              (PE):    0.000ns

    Location             Delay type                Incr(ns)  Path(ns)    Netlist Resource(s)
  -------------------------------------------------------------------    -------------------
    C12                                               0.000     0.000 f  rst (IN)
                         net (fo=0)                   0.000     0.000    rst
    C12                  IBUF (Prop_ibuf_I_O)         1.507     1.507 f  rst_IBUF_inst/O
                         net (fo=11, routed)          3.027     4.534    Control_path/v1/b2/rst_IBUF
    SLICE_X0Y92          LUT1 (Prop_lut1_I0_O)        0.124     4.658 r  Control_path/v1/b2/FSM_sequential_state[3]_i_1/O
                         net (fo=142, routed)         2.504     7.162    Control_path/v1/b1/next_count_reg_1
    SLICE_X6Y79          FDRE                                         r  Control_path/v1/b1/lc_reg[0]/R
  -------------------------------------------------------------------    -------------------

                         (clock sys_clk_pin rise edge)
                                                      0.000     0.000 r  
    E3                                                0.000     0.000 r  clk (IN)
                         net (fo=0)                   0.000     0.000    clk
    E3                   IBUF (Prop_ibuf_I_O)         1.411     1.411 r  clk_IBUF_inst/O
                         net (fo=1, routed)           1.920     3.331    clk_IBUF
    BUFGCTRL_X0Y16       BUFG (Prop_bufg_I_O)         0.091     3.422 r  clk_IBUF_BUFG_inst/O
                         net (fo=186, routed)         1.592     5.015    Control_path/v1/b1/clk
    SLICE_X6Y79          FDRE                                         r  Control_path/v1/b1/lc_reg[0]/C





Min Delay Paths
--------------------------------------------------------------------------------------
Slack:                    inf
  Source:                 FRAMESTART
                            (input port)
  Destination:            Data_path/led_f_reg/D
                            (rising edge-triggered cell FDCE clocked by sys_clk_pin  {rise@0.000ns fall@5.000ns period=10.000ns})
  Path Group:             (none)
  Path Type:              Hold (Min at Fast Process Corner)
  Data Path Delay:        0.604ns  (logic 0.245ns (40.667%)  route 0.358ns (59.333%))
  Logic Levels:           1  (IBUF=1)
  Clock Path Skew:        2.037ns (DCD - SCD - CPR)
    Destination Clock Delay (DCD):    2.037ns
    Source Clock Delay      (SCD):    0.000ns
    Clock Pessimism Removal (CPR):    -0.000ns

    Location             Delay type                Incr(ns)  Path(ns)    Netlist Resource(s)
  -------------------------------------------------------------------    -------------------
    J15                                               0.000     0.000 r  FRAMESTART (IN)
                         net (fo=0)                   0.000     0.000    FRAMESTART
    J15                  IBUF (Prop_ibuf_I_O)         0.245     0.245 r  FRAMESTART_IBUF_inst/O
                         net (fo=33, routed)          0.358     0.604    Data_path/FRAMESTART_IBUF
    SLICE_X0Y101         FDCE                                         r  Data_path/led_f_reg/D
  -------------------------------------------------------------------    -------------------

                         (clock sys_clk_pin rise edge)
                                                      0.000     0.000 r  
    E3                                                0.000     0.000 r  clk (IN)
                         net (fo=0)                   0.000     0.000    clk
    E3                   IBUF (Prop_ibuf_I_O)         0.438     0.438 r  clk_IBUF_inst/O
                         net (fo=1, routed)           0.699     1.136    clk_IBUF
    BUFGCTRL_X0Y16       BUFG (Prop_bufg_I_O)         0.029     1.165 r  clk_IBUF_BUFG_inst/O
                         net (fo=186, routed)         0.872     2.037    Data_path/clk
    SLICE_X0Y101         FDCE                                         r  Data_path/led_f_reg/C

Slack:                    inf
  Source:                 SEL[0]
                            (input port)
  Destination:            Data_path/led_1_reg[0]/D
                            (rising edge-triggered cell FDCE clocked by sys_clk_pin  {rise@0.000ns fall@5.000ns period=10.000ns})
  Path Group:             (none)
  Path Type:              Hold (Min at Fast Process Corner)
  Data Path Delay:        0.625ns  (logic 0.253ns (40.457%)  route 0.372ns (59.543%))
  Logic Levels:           1  (IBUF=1)
  Clock Path Skew:        2.040ns (DCD - SCD - CPR)
    Destination Clock Delay (DCD):    2.040ns
    Source Clock Delay      (SCD):    0.000ns
    Clock Pessimism Removal (CPR):    -0.000ns

    Location             Delay type                Incr(ns)  Path(ns)    Netlist Resource(s)
  -------------------------------------------------------------------    -------------------
    M13                                               0.000     0.000 r  SEL[0] (IN)
                         net (fo=0)                   0.000     0.000    SEL[0]
    M13                  IBUF (Prop_ibuf_I_O)         0.253     0.253 r  SEL_IBUF[0]_inst/O
                         net (fo=10, routed)          0.372     0.625    Data_path/SEL_IBUF[0]
    SLICE_X0Y88          FDCE                                         r  Data_path/led_1_reg[0]/D
  -------------------------------------------------------------------    -------------------

                         (clock sys_clk_pin rise edge)
                                                      0.000     0.000 r  
    E3                                                0.000     0.000 r  clk (IN)
                         net (fo=0)                   0.000     0.000    clk
    E3                   IBUF (Prop_ibuf_I_O)         0.438     0.438 r  clk_IBUF_inst/O
                         net (fo=1, routed)           0.699     1.136    clk_IBUF
    BUFGCTRL_X0Y16       BUFG (Prop_bufg_I_O)         0.029     1.165 r  clk_IBUF_BUFG_inst/O
                         net (fo=186, routed)         0.875     2.040    Data_path/clk
    SLICE_X0Y88          FDCE                                         r  Data_path/led_1_reg[0]/C

Slack:                    inf
  Source:                 SEL[1]
                            (input port)
  Destination:            Control_path/v1/c2/addr_reg[0]/D
                            (rising edge-triggered cell FDRE clocked by sys_clk_pin  {rise@0.000ns fall@5.000ns period=10.000ns})
  Path Group:             (none)
  Path Type:              Hold (Min at Fast Process Corner)
  Data Path Delay:        0.697ns  (logic 0.290ns (41.600%)  route 0.407ns (58.400%))
  Logic Levels:           2  (IBUF=1 LUT6=1)
  Clock Path Skew:        2.023ns (DCD - SCD - CPR)
    Destination Clock Delay (DCD):    2.023ns
    Source Clock Delay      (SCD):    0.000ns
    Clock Pessimism Removal (CPR):    -0.000ns

    Location             Delay type                Incr(ns)  Path(ns)    Netlist Resource(s)
  -------------------------------------------------------------------    -------------------
    R15                                               0.000     0.000 r  SEL[1] (IN)
                         net (fo=0)                   0.000     0.000    SEL[1]
    R15                  IBUF (Prop_ibuf_I_O)         0.245     0.245 r  SEL_IBUF[1]_inst/O
                         net (fo=10, routed)          0.407     0.652    Control_path/v1/b2/SEL_IBUF[1]
    SLICE_X7Y74          LUT6 (Prop_lut6_I2_O)        0.045     0.697 r  Control_path/v1/b2/addr[0]_i_1__0/O
                         net (fo=1, routed)           0.000     0.697    Control_path/v1/c2/addr_reg[0]_0
    SLICE_X7Y74          FDRE                                         r  Control_path/v1/c2/addr_reg[0]/D
  -------------------------------------------------------------------    -------------------

                         (clock sys_clk_pin rise edge)
                                                      0.000     0.000 r  
    E3                                                0.000     0.000 r  clk (IN)
                         net (fo=0)                   0.000     0.000    clk
    E3                   IBUF (Prop_ibuf_I_O)         0.438     0.438 r  clk_IBUF_inst/O
                         net (fo=1, routed)           0.699     1.136    clk_IBUF
    BUFGCTRL_X0Y16       BUFG (Prop_bufg_I_O)         0.029     1.165 r  clk_IBUF_BUFG_inst/O
                         net (fo=186, routed)         0.858     2.023    Control_path/v1/c2/clk
    SLICE_X7Y74          FDRE                                         r  Control_path/v1/c2/addr_reg[0]/C

Slack:                    inf
  Source:                 BUFFER
                            (input port)
  Destination:            Data_path/led_b_reg/D
                            (rising edge-triggered cell FDCE clocked by sys_clk_pin  {rise@0.000ns fall@5.000ns period=10.000ns})
  Path Group:             (none)
  Path Type:              Hold (Min at Fast Process Corner)
  Data Path Delay:        0.707ns  (logic 0.247ns (35.019%)  route 0.459ns (64.981%))
  Logic Levels:           1  (IBUF=1)
  Clock Path Skew:        2.037ns (DCD - SCD - CPR)
    Destination Clock Delay (DCD):    2.037ns
    Source Clock Delay      (SCD):    0.000ns
    Clock Pessimism Removal (CPR):    -0.000ns

    Location             Delay type                Incr(ns)  Path(ns)    Netlist Resource(s)
  -------------------------------------------------------------------    -------------------
    L16                                               0.000     0.000 r  BUFFER (IN)
                         net (fo=0)                   0.000     0.000    BUFFER
    L16                  IBUF (Prop_ibuf_I_O)         0.247     0.247 r  BUFFER_IBUF_inst/O
                         net (fo=37, routed)          0.459     0.707    Data_path/BUFFER_IBUF
    SLICE_X0Y101         FDCE                                         r  Data_path/led_b_reg/D
  -------------------------------------------------------------------    -------------------

                         (clock sys_clk_pin rise edge)
                                                      0.000     0.000 r  
    E3                                                0.000     0.000 r  clk (IN)
                         net (fo=0)                   0.000     0.000    clk
    E3                   IBUF (Prop_ibuf_I_O)         0.438     0.438 r  clk_IBUF_inst/O
                         net (fo=1, routed)           0.699     1.136    clk_IBUF
    BUFGCTRL_X0Y16       BUFG (Prop_bufg_I_O)         0.029     1.165 r  clk_IBUF_BUFG_inst/O
                         net (fo=186, routed)         0.872     2.037    Data_path/clk
    SLICE_X0Y101         FDCE                                         r  Data_path/led_b_reg/C

Slack:                    inf
  Source:                 SEL[3]
                            (input port)
  Destination:            Data_path/led_2_reg[1]/D
                            (rising edge-triggered cell FDCE clocked by sys_clk_pin  {rise@0.000ns fall@5.000ns period=10.000ns})
  Path Group:             (none)
  Path Type:              Hold (Min at Fast Process Corner)
  Data Path Delay:        0.783ns  (logic 0.265ns (33.858%)  route 0.518ns (66.142%))
  Logic Levels:           1  (IBUF=1)
  Clock Path Skew:        2.026ns (DCD - SCD - CPR)
    Destination Clock Delay (DCD):    2.026ns
    Source Clock Delay      (SCD):    0.000ns
    Clock Pessimism Removal (CPR):    -0.000ns

    Location             Delay type                Incr(ns)  Path(ns)    Netlist Resource(s)
  -------------------------------------------------------------------    -------------------
    T18                                               0.000     0.000 r  SEL[3] (IN)
                         net (fo=0)                   0.000     0.000    SEL[3]
    T18                  IBUF (Prop_ibuf_I_O)         0.265     0.265 r  SEL_IBUF[3]_inst/O
                         net (fo=10, routed)          0.518     0.783    Data_path/SEL_IBUF[3]
    SLICE_X0Y74          FDCE                                         r  Data_path/led_2_reg[1]/D
  -------------------------------------------------------------------    -------------------

                         (clock sys_clk_pin rise edge)
                                                      0.000     0.000 r  
    E3                                                0.000     0.000 r  clk (IN)
                         net (fo=0)                   0.000     0.000    clk
    E3                   IBUF (Prop_ibuf_I_O)         0.438     0.438 r  clk_IBUF_inst/O
                         net (fo=1, routed)           0.699     1.136    clk_IBUF
    BUFGCTRL_X0Y16       BUFG (Prop_bufg_I_O)         0.029     1.165 r  clk_IBUF_BUFG_inst/O
                         net (fo=186, routed)         0.861     2.026    Data_path/clk
    SLICE_X0Y74          FDCE                                         r  Data_path/led_2_reg[1]/C

Slack:                    inf
  Source:                 SEL[3]
                            (input port)
  Destination:            Control_path/v1/F2/data_out_reg[2]/D
                            (rising edge-triggered cell FDRE clocked by sys_clk_pin  {rise@0.000ns fall@5.000ns period=10.000ns})
  Path Group:             (none)
  Path Type:              Hold (Min at Fast Process Corner)
  Data Path Delay:        0.822ns  (logic 0.310ns (37.719%)  route 0.512ns (62.281%))
  Logic Levels:           2  (IBUF=1 LUT5=1)
  Clock Path Skew:        2.034ns (DCD - SCD - CPR)
    Destination Clock Delay (DCD):    2.034ns
    Source Clock Delay      (SCD):    0.000ns
    Clock Pessimism Removal (CPR):    -0.000ns

    Location             Delay type                Incr(ns)  Path(ns)    Netlist Resource(s)
  -------------------------------------------------------------------    -------------------
    T18                                               0.000     0.000 r  SEL[3] (IN)
                         net (fo=0)                   0.000     0.000    SEL[3]
    T18                  IBUF (Prop_ibuf_I_O)         0.265     0.265 r  SEL_IBUF[3]_inst/O
                         net (fo=10, routed)          0.512     0.777    Control_path/v1/b1/SEL_IBUF[1]
    SLICE_X3Y82          LUT5 (Prop_lut5_I2_O)        0.045     0.822 r  Control_path/v1/b1/data_out[2]_i_1__0/O
                         net (fo=1, routed)           0.000     0.822    Control_path/v1/F2/D[2]
    SLICE_X3Y82          FDRE                                         r  Control_path/v1/F2/data_out_reg[2]/D
  -------------------------------------------------------------------    -------------------

                         (clock sys_clk_pin rise edge)
                                                      0.000     0.000 r  
    E3                                                0.000     0.000 r  clk (IN)
                         net (fo=0)                   0.000     0.000    clk
    E3                   IBUF (Prop_ibuf_I_O)         0.438     0.438 r  clk_IBUF_inst/O
                         net (fo=1, routed)           0.699     1.136    clk_IBUF
    BUFGCTRL_X0Y16       BUFG (Prop_bufg_I_O)         0.029     1.165 r  clk_IBUF_BUFG_inst/O
                         net (fo=186, routed)         0.869     2.034    Control_path/v1/F2/clk
    SLICE_X3Y82          FDRE                                         r  Control_path/v1/F2/data_out_reg[2]/C

Slack:                    inf
  Source:                 SEL[1]
                            (input port)
  Destination:            Control_path/v1/F1/wr_reg/D
                            (rising edge-triggered cell FDRE clocked by sys_clk_pin  {rise@0.000ns fall@5.000ns period=10.000ns})
  Path Group:             (none)
  Path Type:              Hold (Min at Fast Process Corner)
  Data Path Delay:        0.841ns  (logic 0.290ns (34.467%)  route 0.551ns (65.533%))
  Logic Levels:           2  (IBUF=1 LUT2=1)
  Clock Path Skew:        2.024ns (DCD - SCD - CPR)
    Destination Clock Delay (DCD):    2.024ns
    Source Clock Delay      (SCD):    0.000ns
    Clock Pessimism Removal (CPR):    -0.000ns

    Location             Delay type                Incr(ns)  Path(ns)    Netlist Resource(s)
  -------------------------------------------------------------------    -------------------
    R15                                               0.000     0.000 r  SEL[1] (IN)
                         net (fo=0)                   0.000     0.000    SEL[1]
    R15                  IBUF (Prop_ibuf_I_O)         0.245     0.245 r  SEL_IBUF[1]_inst/O
                         net (fo=10, routed)          0.551     0.796    Control_path/v1/F1/SEL_IBUF[1]
    SLICE_X7Y76          LUT2 (Prop_lut2_I0_O)        0.045     0.841 r  Control_path/v1/F1/wr_i_1/O
                         net (fo=1, routed)           0.000     0.841    Control_path/v1/F1/wr_i_1_n_0
    SLICE_X7Y76          FDRE                                         r  Control_path/v1/F1/wr_reg/D
  -------------------------------------------------------------------    -------------------

                         (clock sys_clk_pin rise edge)
                                                      0.000     0.000 r  
    E3                                                0.000     0.000 r  clk (IN)
                         net (fo=0)                   0.000     0.000    clk
    E3                   IBUF (Prop_ibuf_I_O)         0.438     0.438 r  clk_IBUF_inst/O
                         net (fo=1, routed)           0.699     1.136    clk_IBUF
    BUFGCTRL_X0Y16       BUFG (Prop_bufg_I_O)         0.029     1.165 r  clk_IBUF_BUFG_inst/O
                         net (fo=186, routed)         0.859     2.024    Control_path/v1/F1/clk
    SLICE_X7Y76          FDRE                                         r  Control_path/v1/F1/wr_reg/C

Slack:                    inf
  Source:                 SEL[1]
                            (input port)
  Destination:            Control_path/v1/c2/done_reg/D
                            (rising edge-triggered cell FDRE clocked by sys_clk_pin  {rise@0.000ns fall@5.000ns period=10.000ns})
  Path Group:             (none)
  Path Type:              Hold (Min at Fast Process Corner)
  Data Path Delay:        0.846ns  (logic 0.290ns (34.263%)  route 0.556ns (65.737%))
  Logic Levels:           2  (IBUF=1 LUT6=1)
  Clock Path Skew:        2.024ns (DCD - SCD - CPR)
    Destination Clock Delay (DCD):    2.024ns
    Source Clock Delay      (SCD):    0.000ns
    Clock Pessimism Removal (CPR):    -0.000ns

    Location             Delay type                Incr(ns)  Path(ns)    Netlist Resource(s)
  -------------------------------------------------------------------    -------------------
    R15                                               0.000     0.000 r  SEL[1] (IN)
                         net (fo=0)                   0.000     0.000    SEL[1]
    R15                  IBUF (Prop_ibuf_I_O)         0.245     0.245 r  SEL_IBUF[1]_inst/O
                         net (fo=10, routed)          0.556     0.801    Control_path/v1/c2/SEL_IBUF[1]
    SLICE_X6Y76          LUT6 (Prop_lut6_I3_O)        0.045     0.846 r  Control_path/v1/c2/done_i_1__0/O
                         net (fo=1, routed)           0.000     0.846    Control_path/v1/c2/done_i_1__0_n_0
    SLICE_X6Y76          FDRE                                         r  Control_path/v1/c2/done_reg/D
  -------------------------------------------------------------------    -------------------

                         (clock sys_clk_pin rise edge)
                                                      0.000     0.000 r  
    E3                                                0.000     0.000 r  clk (IN)
                         net (fo=0)                   0.000     0.000    clk
    E3                   IBUF (Prop_ibuf_I_O)         0.438     0.438 r  clk_IBUF_inst/O
                         net (fo=1, routed)           0.699     1.136    clk_IBUF
    BUFGCTRL_X0Y16       BUFG (Prop_bufg_I_O)         0.029     1.165 r  clk_IBUF_BUFG_inst/O
                         net (fo=186, routed)         0.859     2.024    Control_path/v1/c2/clk
    SLICE_X6Y76          FDRE                                         r  Control_path/v1/c2/done_reg/C

Slack:                    inf
  Source:                 SEL[3]
                            (input port)
  Destination:            Control_path/v1/F2/data_out_reg[3]/D
                            (rising edge-triggered cell FDRE clocked by sys_clk_pin  {rise@0.000ns fall@5.000ns period=10.000ns})
  Path Group:             (none)
  Path Type:              Hold (Min at Fast Process Corner)
  Data Path Delay:        0.862ns  (logic 0.310ns (35.966%)  route 0.552ns (64.034%))
  Logic Levels:           2  (IBUF=1 LUT5=1)
  Clock Path Skew:        2.034ns (DCD - SCD - CPR)
    Destination Clock Delay (DCD):    2.034ns
    Source Clock Delay      (SCD):    0.000ns
    Clock Pessimism Removal (CPR):    -0.000ns

    Location             Delay type                Incr(ns)  Path(ns)    Netlist Resource(s)
  -------------------------------------------------------------------    -------------------
    T18                                               0.000     0.000 r  SEL[3] (IN)
                         net (fo=0)                   0.000     0.000    SEL[3]
    T18                  IBUF (Prop_ibuf_I_O)         0.265     0.265 r  SEL_IBUF[3]_inst/O
                         net (fo=10, routed)          0.552     0.817    Control_path/v1/b1/SEL_IBUF[1]
    SLICE_X3Y82          LUT5 (Prop_lut5_I2_O)        0.045     0.862 r  Control_path/v1/b1/data_out[3]_i_1__0/O
                         net (fo=1, routed)           0.000     0.862    Control_path/v1/F2/D[3]
    SLICE_X3Y82          FDRE                                         r  Control_path/v1/F2/data_out_reg[3]/D
  -------------------------------------------------------------------    -------------------

                         (clock sys_clk_pin rise edge)
                                                      0.000     0.000 r  
    E3                                                0.000     0.000 r  clk (IN)
                         net (fo=0)                   0.000     0.000    clk
    E3                   IBUF (Prop_ibuf_I_O)         0.438     0.438 r  clk_IBUF_inst/O
                         net (fo=1, routed)           0.699     1.136    clk_IBUF
    BUFGCTRL_X0Y16       BUFG (Prop_bufg_I_O)         0.029     1.165 r  clk_IBUF_BUFG_inst/O
                         net (fo=186, routed)         0.869     2.034    Control_path/v1/F2/clk
    SLICE_X3Y82          FDRE                                         r  Control_path/v1/F2/data_out_reg[3]/C

Slack:                    inf
  Source:                 SEL[0]
                            (input port)
  Destination:            Control_path/v1/F1/data_out_reg[3]/D
                            (rising edge-triggered cell FDRE clocked by sys_clk_pin  {rise@0.000ns fall@5.000ns period=10.000ns})
  Path Group:             (none)
  Path Type:              Hold (Min at Fast Process Corner)
  Data Path Delay:        0.868ns  (logic 0.298ns (34.306%)  route 0.571ns (65.694%))
  Logic Levels:           2  (IBUF=1 LUT5=1)
  Clock Path Skew:        2.031ns (DCD - SCD - CPR)
    Destination Clock Delay (DCD):    2.031ns
    Source Clock Delay      (SCD):    0.000ns
    Clock Pessimism Removal (CPR):    -0.000ns

    Location             Delay type                Incr(ns)  Path(ns)    Netlist Resource(s)
  -------------------------------------------------------------------    -------------------
    M13                                               0.000     0.000 r  SEL[0] (IN)
                         net (fo=0)                   0.000     0.000    SEL[0]
    M13                  IBUF (Prop_ibuf_I_O)         0.253     0.253 r  SEL_IBUF[0]_inst/O
                         net (fo=10, routed)          0.571     0.823    Control_path/v1/b2/SEL_IBUF[0]
    SLICE_X5Y82          LUT5 (Prop_lut5_I3_O)        0.045     0.868 r  Control_path/v1/b2/data_out[3]_i_1/O
                         net (fo=1, routed)           0.000     0.868    Control_path/v1/F1/D[3]
    SLICE_X5Y82          FDRE                                         r  Control_path/v1/F1/data_out_reg[3]/D
  -------------------------------------------------------------------    -------------------

                         (clock sys_clk_pin rise edge)
                                                      0.000     0.000 r  
    E3                                                0.000     0.000 r  clk (IN)
                         net (fo=0)                   0.000     0.000    clk
    E3                   IBUF (Prop_ibuf_I_O)         0.438     0.438 r  clk_IBUF_inst/O
                         net (fo=1, routed)           0.699     1.136    clk_IBUF
    BUFGCTRL_X0Y16       BUFG (Prop_bufg_I_O)         0.029     1.165 r  clk_IBUF_BUFG_inst/O
                         net (fo=186, routed)         0.866     2.031    Control_path/v1/F1/clk
    SLICE_X5Y82          FDRE                                         r  Control_path/v1/F1/data_out_reg[3]/C





